Timestamp,Steps,HeartRate,Temperature,Oxygen
2025-05-28 20:34:50,0,0,31.78882,44.54546
2025-05-28 20:34:51,0,0,31.78,43.57399
2025-05-28 20:34:51,0,0,31.77118,45.09109
2025-05-28 20:34:51,0,0,31.77118,45.09109
2025-05-28 20:34:51,0,0,31.76824,45.01992
2025-05-28 20:34:51,0,0,31.76824,45.01992
2025-05-28 20:34:51,0,0,31.77412,44.77387
2025-05-28 20:34:51,0,0,31.77412,44.77387
2025-05-28 20:34:51,0,0,31.76235,41.27992
2025-05-28 20:34:51,0,0,31.76235,41.27992
2025-05-28 20:34:52,0,0,31.7653,44.32325
2025-05-28 20:34:52,0,0,31.7653,44.32325
2025-05-28 20:34:52,0,0,31.75941,45.03476
2025-05-28 20:34:52,0,0,31.75941,45.03476
2025-05-28 20:34:52,0,0,31.76235,44.85514
2025-05-28 20:34:52,0,0,31.76235,44.85514
2025-05-28 20:34:52,0,0,31.7653,41.46699
2025-05-28 20:34:52,0,0,31.7653,41.46699
2025-05-28 20:34:52,0,0,31.76824,44.14946
2025-05-28 20:34:52,0,0,31.76824,44.14946
2025-05-28 20:34:53,0,0,31.77118,44.8858
2025-05-28 20:34:53,0,0,31.77118,44.8858
2025-05-28 20:34:53,0,0,31.75647,45.00249
2025-05-28 20:34:53,0,0,31.75941,48.96307
2025-05-28 20:34:53,0,0,31.74765,44.16094
2025-05-28 20:34:53,0,0,31.75647,45.00249
2025-05-28 20:34:53,0,0,31.75941,48.96307
2025-05-28 20:34:53,0,0,31.74765,44.16094
2025-05-28 20:34:53,0,0,31.75647,44.97012
2025-05-28 20:34:53,0,0,31.75647,44.97012
2025-05-28 20:34:54,0,0,31.75647,44.92537
2025-05-28 20:34:54,0,0,31.75647,44.92537
2025-05-28 20:34:54,0,0,31.74765,41.22765
2025-05-28 20:34:54,0,0,31.74765,41.22765
2025-05-28 20:34:54,0,0,31.74765,44.5691
2025-05-28 20:34:54,0,0,31.74765,44.5691
2025-05-28 20:34:54,0,0,31.75353,45.18849
2025-05-28 20:34:54,0,0,31.75353,45.18849
2025-05-28 20:34:54,0,0,31.73882,43.60672
2025-05-28 20:34:54,0,0,31.73882,43.60672
2025-05-28 20:34:55,0,0,31.74765,48.93194
2025-05-28 20:34:55,0,0,31.74765,48.93194
2025-05-28 20:34:55,0,0,31.73882,45.69537
2025-05-28 20:34:55,0,0,31.73882,45.69537
2025-05-28 20:34:55,0,0,31.73294,45.56213
2025-05-28 20:34:55,0,0,31.73294,45.56213
2025-05-28 20:34:55,0,0,31.74176,47.74775
2025-05-28 20:34:55,0,0,31.74176,47.74775
2025-05-28 20:34:55,0,0,31.74471,48.58561
2025-05-28 20:34:55,0,0,31.74471,48.58561
2025-05-28 20:34:56,0,0,31.73882,45.45908
2025-05-28 20:34:56,0,0,31.73882,45.45908
2025-05-28 20:34:56,0,0,31.75059,44.57478
2025-05-28 20:34:56,0,0,31.75059,44.57478
2025-05-28 20:34:56,0,0,31.74471,43.29114
2025-05-28 20:34:56,0,0,31.74471,43.29114
2025-05-28 20:34:56,0,0,31.74765,42.27799
2025-05-28 20:34:56,0,0,31.74765,42.27799
2025-05-28 20:34:56,0,0,31.73588,45.97876
2025-05-28 20:34:56,0,0,31.73588,45.97876
2025-05-28 20:34:57,0,0,31.73294,44.49902
2025-05-28 20:34:57,0,0,31.73588,49.17127
2025-05-28 20:34:57,0,0,31.73294,44.49902
2025-05-28 20:34:57,0,0,31.73588,49.17127
2025-05-28 20:34:57,0,0,31.74471,47.41807
2025-05-28 20:34:57,0,0,31.74471,47.41807
2025-05-28 20:34:57,0,0,31.73588,45.25584
2025-05-28 20:34:57,0,0,31.73588,45.25584
2025-05-28 20:34:57,0,0,31.74471,45.54407
2025-05-28 20:34:57,0,0,31.74471,45.54407
2025-05-28 20:34:58,0,0,31.74176,42.11577
2025-05-28 20:34:58,0,0,31.74176,42.11577
2025-05-28 20:34:58,0,0,31.73882,43.28285
2025-05-28 20:34:58,0,0,31.73882,43.28285
2025-05-28 20:34:58,0,0,31.72706,45.16451
2025-05-28 20:34:58,0,0,31.72706,45.16451
2025-05-28 20:34:58,0,0,31.73882,44.86862
2025-05-28 20:34:58,0,0,31.73882,44.86862
2025-05-28 20:34:58,0,0,31.73588,49.29648
2025-05-28 20:34:58,0,0,31.73588,49.29648
2025-05-28 20:34:59,0,0,31.73882,45.22003
2025-05-28 20:34:59,0,0,31.73882,45.22003
2025-05-28 20:34:59,0,0,31.73588,45.19183
2025-05-28 20:34:59,0,0,31.73588,45.19183
2025-05-28 20:34:59,0,0,31.71824,47.65784
2025-05-28 20:34:59,0,0,31.71824,47.65784
2025-05-28 20:34:59,0,0,31.73882,41.89781
2025-05-28 20:34:59,0,0,31.73882,41.89781
2025-05-28 20:34:59,0,0,31.73294,45.81231
2025-05-28 20:34:59,0,0,31.73294,45.81231
2025-05-28 20:35:00,0,0,31.73588,44.41177
2025-05-28 20:35:00,0,0,31.73588,44.41177
2025-05-28 20:35:00,0,0,31.73294,47.77553
2025-05-28 20:35:00,0,0,31.73294,47.77553
2025-05-28 20:35:00,0,0,31.73294,48.63388
2025-05-28 20:35:00,0,0,31.73294,48.63388
2025-05-28 20:35:00,0,0,31.73882,44.87244
2025-05-28 20:35:00,0,0,31.73882,44.87244
2025-05-28 20:35:00,0,0,31.74176,46.16896
2025-05-28 20:35:00,0,0,31.74176,46.16896
2025-05-28 20:35:01,0,0,31.73,42.16028
2025-05-28 20:35:01,0,0,31.73,42.16028
2025-05-28 20:35:01,0,0,31.72706,42.39922
2025-05-28 20:35:01,0,0,31.72706,42.39922
2025-05-28 20:35:01,0,0,31.73588,45.04235
2025-05-28 20:35:01,0,0,31.73588,45.04235
2025-05-28 20:35:01,0,0,31.71824,45.8702
2025-05-28 20:35:01,0,0,31.71824,45.8702
2025-05-28 20:35:01,0,0,31.73,42.27114
2025-05-28 20:35:01,0,0,31.73,42.27114
2025-05-28 20:35:02,0,0,31.72118,42.62136
2025-05-28 20:35:02,0,0,31.72118,42.62136
2025-05-28 20:35:02,0,0,31.73294,45.00499
2025-05-28 20:35:02,0,0,31.73294,45.00499
2025-05-28 20:35:02,0,0,31.73294,44.46078
2025-05-28 20:35:02,0,0,31.73294,44.46078
2025-05-28 20:35:02,0,0,31.73882,49.2215
2025-05-28 20:35:02,0,0,31.73882,49.2215
2025-05-28 20:35:02,0,0,31.73294,46.52674
2025-05-28 20:35:02,0,0,31.73294,46.52674
2025-05-28 20:35:03,0,0,31.73294,44.88978
2025-05-28 20:35:03,0,0,31.73294,44.88978
2025-05-28 20:35:03,0,0,31.72706,44.74474
2025-05-28 20:35:03,0,0,31.72706,44.74474
2025-05-28 20:35:03,0,0,31.73882,40.92702
2025-05-28 20:35:03,0,0,31.73882,40.92702
2025-05-28 20:35:03,0,0,31.73,45.08113
2025-05-28 20:35:03,0,0,31.73,45.08113
2025-05-28 20:35:03,0,0,31.72706,45.16129
2025-05-28 20:35:03,0,0,31.72706,45.16129
2025-05-28 20:35:04,0,0,31.72412,44.18016
2025-05-28 20:35:04,0,0,31.72412,44.18016
2025-05-28 20:35:04,0,0,31.72412,49.22539
2025-05-28 20:35:04,0,0,31.72412,49.22539
2025-05-28 20:35:04,0,0,31.73,45.46361
2025-05-28 20:35:04,0,0,31.73,45.46361
2025-05-28 20:35:04,0,0,31.73,46.27737
2025-05-28 20:35:04,0,0,31.73,46.27737
2025-05-28 20:35:04,0,0,31.74176,49.75075
2025-05-28 20:35:04,0,0,31.74176,49.75075
2025-05-28 20:35:05,0,0,31.72412,43.36368
2025-05-28 20:35:05,0,0,31.72412,43.36368
2025-05-28 20:35:05,0,0,31.73294,45.67901
2025-05-28 20:35:05,0,0,31.73294,45.67901
2025-05-28 20:35:05,0,0,31.72412,45.29325
2025-05-28 20:35:05,0,0,31.72412,45.29325
2025-05-28 20:35:05,0,0,31.72412,42.54279
2025-05-28 20:35:05,0,0,31.72412,42.54279
2025-05-28 20:35:05,0,0,31.73,44.26396
2025-05-28 20:35:05,0,0,31.73,44.26396
2025-05-28 20:35:06,0,0,31.73294,45.02439
2025-05-28 20:35:06,0,0,31.73588,42.74432
2025-05-28 20:35:06,0,0,31.73294,45.02439
2025-05-28 20:35:06,0,0,31.73588,42.74432
2025-05-28 20:35:06,0,0,31.73588,47.79156
2025-05-28 20:35:06,0,0,31.73588,47.79156
2025-05-28 20:35:06,0,0,31.73882,45.45908
2025-05-28 20:35:06,0,0,31.73882,45.45908
2025-05-28 20:35:06,0,0,31.72118,45.8539
2025-05-28 20:35:06,0,0,31.72118,45.8539
2025-05-28 20:35:07,0,0,31.71824,49.2347
2025-05-28 20:35:07,0,0,31.71824,49.2347
2025-05-28 20:35:07,0,0,31.74176,44.04878
2025-05-28 20:35:07,0,0,31.74176,44.04878
2025-05-28 20:35:07,0,0,31.75059,45.38232
2025-05-28 20:35:07,0,0,31.75059,45.38232
2025-05-28 20:35:07,0,0,31.71824,45.0517
2025-05-28 20:35:07,0,0,31.71824,45.0517
2025-05-28 20:35:07,0,0,31.73882,41.32029
2025-05-28 20:35:07,0,0,31.73882,41.32029
2025-05-28 20:35:08,0,0,31.74176,45.63253
2025-05-28 20:35:08,0,0,31.74176,45.63253
2025-05-28 20:35:08,0,0,31.71529,45.46813
2025-05-28 20:35:08,0,0,31.71529,45.46813
2025-05-28 20:35:08,0,0,31.72706,43.78517
2025-05-28 20:35:08,0,0,31.72706,43.78517
2025-05-28 20:35:08,0,0,31.70941,49.21914
2025-05-28 20:35:08,0,0,31.70941,49.21914
2025-05-28 20:35:08,0,0,31.71235,45.81855
2025-05-28 20:35:08,0,0,31.71235,45.81855
2025-05-28 20:35:09,0,0,31.71235,45.76188
2025-05-28 20:35:09,0,0,31.71235,45.76188
2025-05-28 20:35:09,0,0,31.70941,47.60718
2025-05-28 20:35:09,0,0,31.70941,47.60718
2025-05-28 20:35:09,0,0,31.70941,42.18447
2025-05-28 20:35:09,0,0,31.70941,42.18447
2025-05-28 20:35:09,0,0,31.72412,45.41813
2025-05-28 20:35:09,0,0,31.72412,45.41813
2025-05-28 20:35:09,0,0,31.72412,44.41724
2025-05-28 20:35:09,0,0,31.72412,44.41724
2025-05-28 20:35:10,0,0,31.71529,41.38102
2025-05-28 20:35:10,0,0,31.71529,41.38102
2025-05-28 20:35:10,0,0,31.72412,46.85488
2025-05-28 20:35:10,0,0,31.72412,46.85488
2025-05-28 20:35:10,0,0,31.71824,44.85514
2025-05-28 20:35:10,0,0,31.71824,44.85514
2025-05-28 20:35:10,0,0,31.72118,44.24057
2025-05-28 20:35:10,0,0,31.72118,44.24057
2025-05-28 20:35:10,0,0,31.71824,48.49549
2025-05-28 20:35:10,0,0,31.71824,48.49549
2025-05-28 20:35:11,0,0,31.71529,45.86504
2025-05-28 20:35:11,0,0,31.71529,45.86504
2025-05-28 20:35:11,0,0,31.71824,45.64683
2025-05-28 20:35:11,0,0,31.71824,45.64683
2025-05-28 20:35:11,0,0,31.70941,47.68612
2025-05-28 20:35:11,0,0,31.70941,47.68612
2025-05-28 20:35:11,0,0,31.71529,46.37194
2025-05-28 20:35:11,0,0,31.71529,46.37194
2025-05-28 20:35:11,0,0,31.71529,44.97012
2025-05-28 20:35:11,0,0,31.71529,44.97012
2025-05-28 20:35:12,0,0,31.70647,44.41712
2025-05-28 20:35:12,0,0,31.70647,44.41712
2025-05-28 20:35:12,0,0,31.70059,40.5868
2025-05-28 20:35:12,0,0,31.70059,40.5868
2025-05-28 20:35:12,0,0,31.69176,44.15518
2025-05-28 20:35:12,0,0,31.69176,44.15518
2025-05-28 20:35:12,0,0,31.70059,44.65254
2025-05-28 20:35:12,0,0,31.70059,44.65254
2025-05-28 20:35:12,0,0,31.70941,42.0603
2025-05-28 20:35:12,0,0,31.70941,42.0603
2025-05-28 20:35:13,0,0,31.69765,47.61905
2025-05-28 20:35:13,0,0,31.69765,47.61905
2025-05-28 20:35:13,0,0,31.69471,45.07538
2025-05-28 20:35:13,0,0,31.69471,45.07538
2025-05-28 20:35:13,0,0,31.69765,45.56213
2025-05-28 20:35:13,0,0,31.69765,45.56213
2025-05-28 20:35:13,0,0,31.70059,49.17044
2025-05-28 20:35:13,0,0,31.70059,49.17044
2025-05-28 20:35:13,0,0,31.70647,44.48293
2025-05-28 20:35:13,0,0,31.70647,44.48293
2025-05-28 20:35:14,0,0,31.70353,45.03213
2025-05-28 20:35:14,0,0,31.70353,45.03213
2025-05-28 20:35:14,0,0,31.69765,47.07677
2025-05-28 20:35:14,0,0,31.69765,47.07677
2025-05-28 20:35:14,0,0,31.71235,41.92607
2025-05-28 20:35:14,0,0,31.71235,41.92607
2025-05-28 20:35:14,0,0,31.71235,44.90718
2025-05-28 20:35:14,0,0,31.71235,44.90718
2025-05-28 20:35:14,0,0,31.71235,45.81498
2025-05-28 20:35:14,0,0,31.71235,45.81498
2025-05-28 20:35:15,0,0,31.71235,49.29507
2025-05-28 20:35:15,0,0,31.71235,49.29507
2025-05-28 20:35:15,0,0,31.71529,43.45296
2025-05-28 20:35:15,0,0,31.71529,43.45296
2025-05-28 20:35:15,0,0,31.70647,45.41833
2025-05-28 20:35:15,0,0,31.70647,45.41833
2025-05-28 20:35:15,0,0,31.71529,45.53661
2025-05-28 20:35:15,0,0,31.71529,45.53661
2025-05-28 20:35:15,0,0,31.70353,41.83773
2025-05-28 20:35:15,0,0,31.70353,41.83773
2025-05-28 20:35:16,0,0,31.70647,44.20732
2025-05-28 20:35:16,0,0,31.70647,44.20732
2025-05-28 20:35:16,0,0,31.71235,44.52089
2025-05-28 20:35:16,0,0,31.71235,44.52089
2025-05-28 20:35:16,0,0,31.70647,42.33871
2025-05-28 20:35:16,0,0,31.70647,42.33871
2025-05-28 20:35:16,0,0,31.69765,47.37103
2025-05-28 20:35:16,0,0,31.69765,47.37103
2025-05-28 20:35:16,0,0,31.72118,44.92754
2025-05-28 20:35:16,0,0,31.72118,44.92754
2025-05-28 20:35:17,0,0,31.71529,45.41376
2025-05-28 20:35:17,0,0,31.71529,45.41376
2025-05-28 20:35:17,0,0,31.71235,48.23766
2025-05-28 20:35:17,0,0,31.71235,48.23766
2025-05-28 20:35:17,0,0,31.71235,44.97487
2025-05-28 20:35:17,0,0,31.71235,44.97487
2025-05-28 20:35:17,0,0,31.71824,45.60629
2025-05-28 20:35:17,0,0,31.71824,45.60629
2025-05-28 20:35:17,0,0,31.71235,47.77778
2025-05-28 20:35:17,0,0,31.71235,47.77778
2025-05-28 20:35:18,0,0,31.72118,42.64279
2025-05-28 20:35:18,0,0,31.72118,42.64279
2025-05-28 20:35:18,0,0,31.71235,44.93042
2025-05-28 20:35:18,0,0,31.71235,44.93042
2025-05-28 20:35:18,0,0,31.71529,44.31874
2025-05-28 20:35:18,0,0,31.71529,44.31874
2025-05-28 20:35:18,0,0,31.70647,40.40354
2025-05-28 20:35:18,0,0,31.70647,40.40354
2025-05-28 20:35:18,0,0,31.71529,45.36805
2025-05-28 20:35:18,0,0,31.71529,45.36805
2025-05-28 20:35:19,0,0,31.71529,44.9651
2025-05-28 20:35:19,0,0,31.71529,44.9651
2025-05-28 20:35:19,0,0,31.72118,43.39331
2025-05-28 20:35:19,0,0,31.72118,43.39331
2025-05-28 20:35:19,0,0,31.71529,48.71537
2025-05-28 20:35:19,0,0,31.71529,48.71537
2025-05-28 20:35:19,0,0,31.70647,45.16616
2025-05-28 20:35:19,0,0,31.70647,45.16616
2025-05-28 20:35:19,0,0,31.70353,45.34192
2025-05-28 20:35:19,0,0,31.70353,45.34192
2025-05-28 20:35:20,0,0,31.69471,47.34177
2025-05-28 20:35:20,0,0,31.69471,47.34177
2025-05-28 20:35:20,0,0,31.71529,41.83673
2025-05-28 20:35:20,0,0,31.71529,41.83673
2025-05-28 20:35:20,0,0,31.70059,44.80161
2025-05-28 20:35:20,0,0,31.70059,44.80161
2025-05-28 20:35:20,0,0,31.71824,44.44988
2025-05-28 20:35:20,0,0,31.71824,44.44988
2025-05-28 20:35:20,0,0,31.70059,41.62081
2025-05-28 20:35:20,0,0,31.70059,41.62081
2025-05-28 20:35:21,0,0,31.71529,47.24018
2025-05-28 20:35:21,0,0,31.71529,47.24018
2025-05-28 20:35:21,0,0,31.72412,45.08237
2025-05-28 20:35:21,0,0,31.72412,45.08237
2025-05-28 20:35:21,0,0,31.70647,45.76355
2025-05-28 20:35:21,0,0,31.70647,45.76355
2025-05-28 20:35:21,0,0,31.71824,48.78788
2025-05-28 20:35:21,0,0,31.71824,48.78788
2025-05-28 20:35:21,0,0,31.70647,43.65507
2025-05-28 20:35:21,0,0,31.70647,43.65507
2025-05-28 20:35:22,0,0,31.72118,44.95504
2025-05-28 20:35:22,0,0,31.72118,44.95504
2025-05-28 20:35:22,0,0,31.70647,45.63691
2025-05-28 20:35:22,0,0,31.70647,45.63691
2025-05-28 20:35:22,0,0,31.70647,41.01563
2025-05-28 20:35:22,0,0,31.70647,41.01563
2025-05-28 20:35:22,0,0,31.72118,44.25727
2025-05-28 20:35:22,0,0,31.72118,44.25727
2025-05-28 20:35:22,0,0,31.72118,44.89594
2025-05-28 20:35:22,0,0,31.72118,44.89594
2025-05-28 20:35:23,0,0,31.72412,43.32659
2025-05-28 20:35:23,0,0,31.71824,48.5015
2025-05-28 20:35:23,0,0,31.72412,43.32659
2025-05-28 20:35:23,0,0,31.71824,48.5015
2025-05-28 20:35:23,0,0,31.70647,45.44081
2025-05-28 20:35:23,0,0,31.70647,45.44081
2025-05-28 20:35:23,0,0,31.71824,45.53086
2025-05-28 20:35:23,0,0,31.71824,45.53086
2025-05-28 20:35:23,0,0,31.71529,49.11303
2025-05-28 20:35:23,0,0,31.71529,49.11303
2025-05-28 20:35:24,0,0,31.70941,42.38763
2025-05-28 20:35:24,0,0,31.70941,42.38763
2025-05-28 20:35:24,0,0,31.70941,45.01495
2025-05-28 20:35:24,0,0,31.70941,45.01495
2025-05-28 20:35:24,0,0,31.70941,44.75111
2025-05-28 20:35:24,0,0,31.70941,44.75111
2025-05-28 20:35:24,0,0,31.71235,41.37762
2025-05-28 20:35:24,0,0,31.71235,41.37762
2025-05-28 20:35:24,0,0,31.69471,44.96202
2025-05-28 20:35:24,0,0,31.69471,44.96202
2025-05-28 20:35:25,0,0,31.70353,44.62072
2025-05-28 20:35:25,0,0,31.70353,44.62072
2025-05-28 20:35:25,0,0,31.70647,43.1433
2025-05-28 20:35:25,0,0,31.70647,43.1433
2025-05-28 20:35:25,0,0,31.70941,48.20359
2025-05-28 20:35:25,0,0,31.70941,48.20359
2025-05-28 20:35:25,0,0,31.70941,45.58749
2025-05-28 20:35:25,0,0,31.70941,45.58749
2025-05-28 20:35:25,0,0,31.70647,45.57957
2025-05-28 20:35:25,0,0,31.70647,45.57957
2025-05-28 20:35:26,0,0,31.71235,48.36437
2025-05-28 20:35:26,0,0,31.71235,48.36437
2025-05-28 20:35:26,0,0,31.70353,43.80812
2025-05-28 20:35:26,0,0,31.70353,43.80812
2025-05-28 20:35:26,0,0,31.70941,45.00998
2025-05-28 20:35:26,0,0,31.70941,45.00998
2025-05-28 20:35:26,0,0,31.70647,45.03968
2025-05-28 20:35:26,0,0,31.70647,45.03968
2025-05-28 20:35:26,0,0,31.70353,41.59685
2025-05-28 20:35:26,0,0,31.70353,41.59685
2025-05-28 20:35:27,0,0,31.70941,45.42729
2025-05-28 20:35:27,0,0,31.70941,45.42729
2025-05-28 20:35:27,0,0,31.71824,44.85331
2025-05-28 20:35:27,0,0,31.71824,44.85331
2025-05-28 20:35:27,0,0,31.70353,45.10978
2025-05-28 20:35:27,0,0,31.70353,45.10978
2025-05-28 20:35:27,0,0,31.70353,49.29719
2025-05-28 20:35:27,0,0,31.70353,49.29719
2025-05-28 20:35:27,0,0,31.70353,44.1769
2025-05-28 20:35:27,0,0,31.70353,44.1769
2025-05-28 20:35:28,0,0,31.72412,45.10978
2025-05-28 20:35:28,0,0,31.72412,45.10978
2025-05-28 20:35:28,0,0,31.71529,44.41675
2025-05-28 20:35:28,0,0,31.71529,44.41675
2025-05-28 20:35:28,0,0,31.70941,41.37931
2025-05-28 20:35:28,0,0,31.70941,41.37931
2025-05-28 20:35:28,0,0,31.70647,46.23817
2025-05-28 20:35:28,0,0,31.70647,46.23817
2025-05-28 20:35:28,0,0,31.71824,45.08728
2025-05-28 20:35:28,0,0,31.71824,45.08728
2025-05-28 20:35:29,0,0,31.70059,45.16932
2025-05-28 20:35:29,0,0,31.70059,45.16932
2025-05-28 20:35:29,0,0,31.70647,48.51535
2025-05-28 20:35:29,0,0,31.70647,48.51535
2025-05-28 20:35:29,0,0,31.70941,43.11701
2025-05-28 20:35:29,0,0,31.70941,43.11701
2025-05-28 20:35:29,0,0,31.70353,44.71299
2025-05-28 20:35:29,0,0,31.70353,44.71299
2025-05-28 20:35:29,0,0,31.71824,44.36202
2025-05-28 20:35:29,0,0,31.71824,44.36202
2025-05-28 20:35:30,0,0,31.70353,41.73782
2025-05-28 20:35:30,0,0,31.70353,41.73782
2025-05-28 20:35:30,0,0,31.70353,46.12694
2025-05-28 20:35:30,0,0,31.70353,46.12694
2025-05-28 20:35:30,0,0,31.71529,44.81038
2025-05-28 20:35:30,0,0,31.71529,44.81038
2025-05-28 20:35:30,0,0,31.68588,44.96008
2025-05-28 20:35:30,0,0,31.68588,44.96008
2025-05-28 20:35:30,0,0,31.68588,48.83838
2025-05-28 20:35:30,0,0,31.68588,48.83838
2025-05-28 20:35:31,0,0,31.69176,44.82412
2025-05-28 20:35:31,0,0,31.69176,44.82412
2025-05-28 20:35:31,0,0,31.69471,45.07463
2025-05-28 20:35:31,0,0,31.69471,45.07463
2025-05-28 20:35:31,0,0,31.70059,45.85242
2025-05-28 20:35:31,0,0,31.70059,45.85242
2025-05-28 20:35:31,0,0,31.69765,41.30435
2025-05-28 20:35:31,0,0,31.69765,41.30435
2025-05-28 20:35:31,0,0,31.70059,44.27988
2025-05-28 20:35:31,0,0,31.70059,44.27988
2025-05-28 20:35:32,0,0,31.70353,44.66501
2025-05-28 20:35:32,0,0,31.70353,44.66501
2025-05-28 20:35:32,0,0,31.69765,43.25558
2025-05-28 20:35:32,0,0,31.69765,43.25558
2025-05-28 20:35:32,0,0,31.71529,48.4016
2025-05-28 20:35:32,0,0,31.71529,48.4016
2025-05-28 20:35:32,0,0,31.70059,46.09095
2025-05-28 20:35:32,0,0,31.70059,46.09095
2025-05-28 20:35:33,0,0,31.70353,45.7185
2025-05-28 20:35:33,0,0,31.70353,45.7185
2025-05-28 20:35:33,0,0,31.70647,48.02632
2025-05-28 20:35:33,0,0,31.70647,48.02632
2025-05-28 20:35:33,0,0,31.69765,42.0078
2025-05-28 20:35:33,0,0,31.69765,42.0078
2025-05-28 20:35:33,0,0,31.70647,44.65726
2025-05-28 20:35:33,0,0,31.70647,44.65726
2025-05-28 20:35:33,0,0,31.70353,44.0728
2025-05-28 20:35:33,0,0,31.70353,44.0728
2025-05-28 20:35:34,0,0,31.71824,42.17348
2025-05-28 20:35:34,0,0,31.71824,42.17348
2025-05-28 20:35:34,0,0,31.71235,47.40741
2025-05-28 20:35:34,0,0,31.71235,47.40741
2025-05-28 20:35:34,0,0,31.69765,44.9144
2025-05-28 20:35:34,0,0,31.69765,44.9144
2025-05-28 20:35:34,0,0,31.70353,45.97531
2025-05-28 20:35:34,0,0,31.70353,45.97531
2025-05-28 20:35:34,0,0,31.70647,49.29719
2025-05-28 20:35:34,0,0,31.70647,49.29719
2025-05-28 20:35:35,0,0,31.70647,42.88499
2025-05-28 20:35:35,0,0,31.70647,42.88499
2025-05-28 20:35:35,0,0,31.70059,45.28678
2025-05-28 20:35:35,0,0,31.70059,45.28678
2025-05-28 20:35:35,0,0,31.70353,44.08444
2025-05-28 20:35:35,0,0,31.70353,44.08444
2025-05-28 20:35:35,0,0,31.71235,41.59643
2025-05-28 20:35:35,0,0,31.71235,41.59643
2025-05-28 20:35:35,0,0,31.71235,46.83922
2025-05-28 20:35:35,0,0,31.71235,46.83922
2025-05-28 20:35:36,0,0,31.71824,44.6007
2025-05-28 20:35:36,0,0,31.71824,44.6007
2025-05-28 20:35:36,0,0,31.71529,45.27094
2025-05-28 20:35:36,0,0,31.71529,45.27094
2025-05-28 20:35:36,0,0,31.72118,48.46657
2025-05-28 20:35:36,0,0,31.72118,48.46657
2025-05-28 20:35:36,0,0,31.72118,43.23144
2025-05-28 20:35:36,0,0,31.72118,43.23144
2025-05-28 20:35:36,0,0,31.71529,45.58896
2025-05-28 20:35:36,0,0,31.71529,45.58896
2025-05-28 20:35:37,0,0,31.72118,44.95368
2025-05-28 20:35:37,0,0,31.72118,44.95368
2025-05-28 20:35:37,0,0,31.71824,41.95599
2025-05-28 20:35:37,0,0,31.71824,41.95599
2025-05-28 20:35:37,0,0,31.71824,45.92145
2025-05-28 20:35:37,0,0,31.71824,45.92145
2025-05-28 20:35:37,0,0,31.72412,45.45454
2025-05-28 20:35:37,0,0,31.72412,45.45454
2025-05-28 20:35:37,0,0,31.73294,45.15331
2025-05-28 20:35:37,0,0,31.73294,45.15331
2025-05-28 20:35:38,0,0,31.72118,49.92511
2025-05-28 20:35:38,0,0,31.72118,49.92511
2025-05-28 20:35:38,0,0,31.71824,44.78708
2025-05-28 20:35:38,0,0,31.71824,44.78708
2025-05-28 20:35:38,0,0,31.72706,45.59764
2025-05-28 20:35:38,0,0,31.72706,45.59764
2025-05-28 20:35:38,0,0,31.73294,45.36853
2025-05-28 20:35:38,0,0,31.73294,45.36853
2025-05-28 20:35:38,0,0,31.72706,41.55206
2025-05-28 20:35:38,0,0,31.72706,41.55206
2025-05-28 20:35:39,0,0,31.72706,45.98796
2025-05-28 20:35:39,0,0,31.72706,45.98796
2025-05-28 20:35:39,0,0,31.72706,45.1358
2025-05-28 20:35:39,0,0,31.72706,45.1358
2025-05-28 20:35:39,0,0,31.72412,44.78958
2025-05-28 20:35:39,0,0,31.72412,44.78958
2025-05-28 20:35:39,0,0,31.71824,49.57351
2025-05-28 20:35:39,0,0,31.71824,49.57351
2025-05-28 20:35:39,0,0,31.72118,46.3
2025-05-28 20:35:39,0,0,31.72118,46.3
2025-05-28 20:35:40,0,0,31.71824,45.3373
2025-05-28 20:35:40,0,0,31.71824,45.3373
2025-05-28 20:35:40,0,0,31.70353,45.31017
2025-05-28 20:35:40,0,0,31.70353,45.31017
2025-05-28 20:35:40,0,0,31.71529,48.44534
2025-05-28 20:35:40,0,0,31.71529,48.44534
2025-05-28 20:35:40,0,0,31.71529,43.75918
2025-05-28 20:35:40,0,0,31.71529,43.75918
2025-05-28 20:35:40,0,0,31.71529,44.97751
2025-05-28 20:35:40,0,0,31.71529,44.97751
2025-05-28 20:35:41,0,0,31.72118,44.76144
2025-05-28 20:35:41,0,0,31.72118,44.76144
2025-05-28 20:35:41,0,0,31.70647,41.38779
2025-05-28 20:35:41,0,0,31.70647,41.38779
2025-05-28 20:35:41,0,0,31.71235,47.32143
2025-05-28 20:35:41,0,0,31.71235,47.32143
2025-05-28 20:35:41,0,0,31.72412,45.332
2025-05-28 20:35:41,0,0,31.72412,45.332
2025-05-28 20:35:41,0,0,31.70353,45.51314
2025-05-28 20:35:41,0,0,31.70353,45.51314
2025-05-28 20:35:42,0,0,31.68588,49.44835
2025-05-28 20:35:42,0,0,31.68588,49.44835
2025-05-28 20:35:42,0,0,31.68,43.38884
2025-05-28 20:35:42,0,0,31.68,43.38884
2025-05-28 20:35:42,0,0,31.69471,44.70939
2025-05-28 20:35:42,0,0,31.69471,44.70939
2025-05-28 20:35:42,0,0,31.67706,44.77761
2025-05-28 20:35:42,0,0,31.67706,44.77761
2025-05-28 20:35:42,0,0,31.68294,48.85729
2025-05-28 20:35:42,0,0,31.68294,48.85729
2025-05-28 20:35:43,0,0,31.68588,45.07614
2025-05-28 20:35:43,0,0,31.68588,45.07614
2025-05-28 20:35:43,0,0,31.70059,46.35697
2025-05-28 20:35:43,0,0,31.70059,46.35697
2025-05-28 20:35:43,0,0,31.70059,45.77778
2025-05-28 20:35:43,0,0,31.70059,45.77778
2025-05-28 20:35:43,0,0,31.69176,41.09109
2025-05-28 20:35:43,0,0,31.69176,41.09109
2025-05-28 20:35:43,0,0,31.69471,44.03624
2025-05-28 20:35:43,0,0,31.69471,44.03624
2025-05-28 20:35:44,0,0,31.70353,42.80443
2025-05-28 20:35:44,0,0,31.70353,42.80443
2025-05-28 20:35:44,0,0,31.71824,44.55243
2025-05-28 20:35:44,0,0,31.71824,44.55243
2025-05-28 20:35:44,0,0,31.72412,39.70663
2025-05-28 20:35:44,0,0,31.72412,39.70663
2025-05-28 20:35:44,0,0,31.71235,43.3386
2025-05-28 20:35:44,0,0,31.71235,43.3386
2025-05-28 20:35:44,0,0,31.70647,43.63074
2025-05-28 20:35:44,0,0,31.70647,43.63074
2025-05-28 20:35:45,0,0,31.70059,42.05757
2025-05-28 20:35:45,0,0,31.70059,42.05757
2025-05-28 20:35:45,0,0,31.69471,47.6538
2025-05-28 20:35:45,0,0,31.69471,47.6538
2025-05-28 20:35:45,0,0,31.71235,42.93033
2025-05-28 20:35:45,0,0,31.71235,42.93033
2025-05-28 20:35:45,0,0,31.70647,43.89117
2025-05-28 20:35:45,0,0,31.70647,43.89117
2025-05-28 20:35:45,0,0,31.69176,42.44186
2025-05-28 20:35:45,0,0,31.69176,42.44186
2025-05-28 20:35:46,0,0,31.69471,48.18276
2025-05-28 20:35:46,0,0,31.69471,48.18276
2025-05-28 20:35:46,0,0,31.70353,43.53426
2025-05-28 20:35:46,0,0,31.70353,43.53426
2025-05-28 20:35:46,0,0,31.70353,43.54921
2025-05-28 20:35:46,0,0,31.70353,43.54921
2025-05-28 20:35:46,0,0,31.70647,41.82869
2025-05-28 20:35:46,0,0,31.70647,41.82869
2025-05-28 20:35:46,0,0,31.70941,47.23644
2025-05-28 20:35:46,0,0,31.70941,47.23644
2025-05-28 20:35:47,0,0,31.71235,44.71758
2025-05-28 20:35:47,0,0,31.71235,44.71758
2025-05-28 20:35:47,0,0,31.70353,44.62393
2025-05-28 20:35:47,0,0,31.70353,44.62393
2025-05-28 20:35:47,0,0,31.72706,47.6931
2025-05-28 20:35:47,0,0,31.72706,47.6931
2025-05-28 20:35:47,0,0,31.72412,41.32066
2025-05-28 20:35:47,0,0,31.72412,41.32066
2025-05-28 20:35:47,0,0,31.71824,44.09044
2025-05-28 20:35:47,0,0,31.71824,44.09044
2025-05-28 20:35:48,0,0,31.70941,43.26923
2025-05-28 20:35:48,0,0,31.70941,43.26923
2025-05-28 20:35:48,0,0,31.70647,48.58466
2025-05-28 20:35:48,0,0,31.70647,48.58466
2025-05-28 20:35:48,0,0,31.71235,45.69098
2025-05-28 20:35:48,0,0,31.71235,45.69098
2025-05-28 20:35:48,0,0,31.70059,44.10413
2025-05-28 20:35:48,0,0,31.70059,44.10413
2025-05-28 20:35:48,0,0,31.69176,44.65823
2025-05-28 20:35:48,0,0,31.69176,44.65823
2025-05-28 20:35:49,0,0,31.68294,40.31681
2025-05-28 20:35:49,0,0,31.68294,40.31681
2025-05-28 20:35:49,0,0,31.68588,42.28255
2025-05-28 20:35:49,0,0,31.68588,42.28255
2025-05-28 20:35:49,0,0,31.69176,44.1525
2025-05-28 20:35:49,0,0,31.69176,44.1525
2025-05-28 20:35:49,0,0,31.68882,43.35523
2025-05-28 20:35:49,0,0,31.68882,43.35523
2025-05-28 20:35:49,0,0,31.67412,48.24199
2025-05-28 20:35:49,0,0,31.67412,48.24199
2025-05-28 20:35:50,0,0,31.68588,45.48239
2025-05-28 20:35:50,0,0,31.68588,45.48239
2025-05-28 20:35:50,0,0,31.68294,44.10257
2025-05-28 20:35:50,0,0,31.68294,44.10257
2025-05-28 20:35:50,0,0,31.66824,44.4218
2025-05-28 20:35:50,0,0,31.66824,44.4218
2025-05-28 20:35:50,0,0,31.68882,40.32587
2025-05-28 20:35:50,0,0,31.68882,40.32587
2025-05-28 20:35:50,0,0,31.67118,43.03798
2025-05-28 20:35:50,0,0,31.67118,43.03798
2025-05-28 20:35:51,0,0,31.66529,44.10861
2025-05-28 20:35:51,0,0,31.66529,44.10861
2025-05-28 20:35:51,0,0,31.65647,44.34693
2025-05-28 20:35:51,0,0,31.65647,44.34693
2025-05-28 20:35:51,0,0,31.65647,40.15113
2025-05-28 20:35:51,0,0,31.65647,40.15113
2025-05-28 20:35:51,0,0,31.65647,44.10861
2025-05-28 20:35:51,0,0,31.65647,44.10861
2025-05-28 20:35:51,0,0,31.65353,44.29668
2025-05-28 20:35:51,0,0,31.65353,44.29668
2025-05-28 20:35:52,0,0,31.65941,46.02333
2025-05-28 20:35:52,0,0,31.65941,46.02333
2025-05-28 20:35:52,0,0,31.64177,46.67001
2025-05-28 20:35:52,0,0,31.64177,46.67001
2025-05-28 20:35:52,0,0,31.65059,44.92678
2025-05-28 20:35:52,0,0,31.65059,44.92678
2025-05-28 20:35:52,0,0,31.65941,43.33502
2025-05-28 20:35:52,0,0,31.65941,43.33502
2025-05-28 20:35:52,0,0,31.66235,47.26705
2025-05-28 20:35:52,0,0,31.66235,47.26705
2025-05-28 20:35:53,0,0,31.65647,46.80634
2025-05-28 20:35:53,0,0,31.65647,46.80634
2025-05-28 20:35:53,0,0,31.67118,44.34783
2025-05-28 20:35:53,0,0,31.67118,44.34783
2025-05-28 20:35:53,0,0,31.66824,44.65281
2025-05-28 20:35:53,0,0,31.66824,44.65281
2025-05-28 20:35:53,0,0,31.65353,40.36054
2025-05-28 20:35:53,0,0,31.65353,40.36054
2025-05-28 20:35:53,0,0,31.65353,42.10789
2025-05-28 20:35:53,0,0,31.65353,42.10789
2025-05-28 20:35:54,0,0,31.65647,44.04092
2025-05-28 20:35:54,0,0,31.65647,44.04092
2025-05-28 20:35:54,0,0,31.65353,43.65559
2025-05-28 20:35:54,0,0,31.65353,43.65559
2025-05-28 20:35:54,0,0,31.64177,40.9342
2025-05-28 20:35:54,0,0,31.64177,40.9342
2025-05-28 20:35:54,0,0,31.65353,45.70412
2025-05-28 20:35:54,0,0,31.65353,45.70412
2025-05-28 20:35:54,0,0,31.63588,44.47806
2025-05-28 20:35:54,0,0,31.63588,44.47806
2025-05-28 20:35:55,0,0,31.64471,44.50633
2025-05-28 20:35:55,0,0,31.64471,44.50633
2025-05-28 20:35:55,0,0,31.61529,48.7468
2025-05-28 20:35:55,0,0,31.61529,48.7468
2025-05-28 20:35:55,0,0,31.60059,43.96111
2025-05-28 20:35:55,0,0,31.60059,43.96111
2025-05-28 20:35:55,0,0,31.59471,44.81369
2025-05-28 20:35:55,0,0,31.59471,44.81369
2025-05-28 20:35:55,0,0,31.60353,44.98978
2025-05-28 20:35:55,0,0,31.60353,44.98978
2025-05-28 20:35:56,0,0,31.60941,40.92702
2025-05-28 20:35:56,0,0,31.60941,40.92702
2025-05-28 20:35:56,0,0,31.60353,43.95492
2025-05-28 20:35:56,0,0,31.60353,43.95492
2025-05-28 20:35:56,0,0,31.57706,43.83493
2025-05-28 20:35:56,0,0,31.57706,43.83493
2025-05-28 20:35:56,0,0,31.60059,41.40225
2025-05-28 20:35:56,0,0,31.60059,41.40225
2025-05-28 20:35:56,0,0,31.59765,46.86552
2025-05-28 20:35:56,0,0,31.59765,46.86552
2025-05-28 20:35:57,0,0,31.59765,44.558
2025-05-28 20:35:57,0,0,31.59765,44.558
2025-05-28 20:35:57,0,0,31.58588,44.88978
2025-05-28 20:35:57,0,0,31.58588,44.88978
2025-05-28 20:35:57,0,0,31.60353,48.32905
2025-05-28 20:35:57,0,0,31.60353,48.32905
2025-05-28 20:35:57,0,0,31.59765,44.34827
2025-05-28 20:35:57,0,0,31.59765,44.34827
2025-05-28 20:35:57,0,0,31.58882,44.94721
2025-05-28 20:35:57,0,0,31.58882,44.94721
2025-05-28 20:35:58,0,0,31.58294,46.63585
2025-05-28 20:35:58,0,0,31.58294,46.63585
2025-05-28 20:35:58,0,0,31.58,41.33995
2025-05-28 20:35:58,0,0,31.58,41.33995
2025-05-28 20:35:58,0,0,31.60647,44.07996
2025-05-28 20:35:58,0,0,31.60647,44.07996
2025-05-28 20:35:58,0,0,31.57706,43.38677
2025-05-28 20:35:58,0,0,31.57706,43.38677
2025-05-28 20:35:58,0,0,31.61823,48.35221
2025-05-28 20:35:58,0,0,31.61823,48.35221
2025-05-28 20:35:59,0,0,31.62706,45.81431
2025-05-28 20:35:59,0,0,31.62706,45.81431
2025-05-28 20:35:59,0,0,31.61529,44.00816
2025-05-28 20:35:59,0,0,31.61529,44.00816
2025-05-28 20:35:59,0,0,31.63,43.50283
2025-05-28 20:35:59,0,0,31.63,43.50283
2025-05-28 20:35:59,0,0,31.61823,40.30227
2025-05-28 20:35:59,0,0,31.61823,40.30227
2025-05-28 20:35:59,0,0,31.61235,43.24873
2025-05-28 20:35:59,0,0,31.61235,43.24873
2025-05-28 20:36:00,0,0,31.61235,44.11615
2025-05-28 20:36:00,0,0,31.61235,44.11615
2025-05-28 20:36:00,0,0,31.61529,44.97951
2025-05-28 20:36:00,0,0,31.61529,44.97951
2025-05-28 20:36:00,0,0,31.60941,43.1241
2025-05-28 20:36:00,0,0,31.60941,43.1241
2025-05-28 20:36:00,0,0,31.62118,43.84615
2025-05-28 20:36:00,0,0,31.62118,43.84615
2025-05-28 20:36:00,0,0,31.61529,43.85787
2025-05-28 20:36:00,0,0,31.61529,43.85787
2025-05-28 20:36:01,0,0,31.62118,46.50678
2025-05-28 20:36:01,0,0,31.62118,46.50678
2025-05-28 20:36:01,0,0,31.62706,40.57029
2025-05-28 20:36:01,0,0,31.62706,40.57029
2025-05-28 20:36:01,0,0,31.61235,44.56012
2025-05-28 20:36:01,0,0,31.61235,44.56012
2025-05-28 20:36:01,0,0,31.60353,43.13035
2025-05-28 20:36:01,0,0,31.60353,43.13035
2025-05-28 20:36:01,0,0,31.61823,46.99793
2025-05-28 20:36:01,0,0,31.61823,46.99793
2025-05-28 20:36:02,0,0,31.61235,46.82377
2025-05-28 20:36:02,0,0,31.61235,46.82377
2025-05-28 20:36:02,0,0,31.59765,43.68287
2025-05-28 20:36:02,0,0,31.59765,43.68287
2025-05-28 20:36:02,0,0,31.60647,44.53951
2025-05-28 20:36:02,0,0,31.60647,44.53951
2025-05-28 20:36:02,0,0,31.59176,47.91345
2025-05-28 20:36:02,0,0,31.59176,47.91345
2025-05-28 20:36:02,0,0,31.58588,46.69379
2025-05-28 20:36:02,0,0,31.58588,46.69379
2025-05-28 20:36:03,0,0,31.60059,43.87494
2025-05-28 20:36:03,0,0,31.60059,43.87494
2025-05-28 20:36:03,0,0,31.60647,44.54546
2025-05-28 20:36:03,0,0,31.60647,44.54546
2025-05-28 20:36:03,0,0,31.59471,40.98361
2025-05-28 20:36:03,0,0,31.59471,40.98361
2025-05-28 20:36:03,0,0,31.59765,42.26249
2025-05-28 20:36:03,0,0,31.59765,42.26249
2025-05-28 20:36:03,0,0,31.59471,44.66565
2025-05-28 20:36:03,0,0,31.59471,44.66565
2025-05-28 20:36:04,0,0,31.58882,43.77789
2025-05-28 20:36:04,0,0,31.58882,43.77789
2025-05-28 20:36:04,0,0,31.60353,40.50126
2025-05-28 20:36:04,0,0,31.60353,40.50126
2025-05-28 20:36:04,0,0,31.59765,45.71718
2025-05-28 20:36:04,0,0,31.59765,45.71718
2025-05-28 20:36:04,0,0,31.59471,43.87392
2025-05-28 20:36:04,0,0,31.61529,43.72449
2025-05-28 20:36:04,0,0,31.59471,43.87392
2025-05-28 20:36:05,0,0,31.60059,48.20697
2025-05-28 20:36:04,0,0,31.61529,43.72449
2025-05-28 20:36:05,0,0,31.60059,48.20697
2025-05-28 20:36:05,0,0,31.60353,43.02204
2025-05-28 20:36:05,0,0,31.60353,43.02204
2025-05-28 20:36:05,0,0,31.60941,44.42191
2025-05-28 20:36:05,0,0,31.60941,44.42191
2025-05-28 20:36:05,0,0,31.61529,46.37985
2025-05-28 20:36:05,0,0,31.61529,46.37985
2025-05-28 20:36:05,0,0,31.60647,39.95964
2025-05-28 20:36:05,0,0,31.60647,39.95964
2025-05-28 20:36:06,0,0,31.60059,43.49174
2025-05-28 20:36:06,0,0,31.60059,43.49174
2025-05-28 20:36:06,0,0,31.60353,42.57476
2025-05-28 20:36:06,0,0,31.60353,42.57476
2025-05-28 20:36:06,0,0,31.61529,39.50178
2025-05-28 20:36:06,0,0,31.61529,39.50178
2025-05-28 20:36:06,0,0,31.60647,46.13821
2025-05-28 20:36:06,0,0,31.60647,46.13821
2025-05-28 20:36:06,0,0,31.60941,44.43883
2025-05-28 20:36:06,0,0,31.60941,44.43883
2025-05-28 20:36:07,0,0,31.59765,44.45005
2025-05-28 20:36:07,0,0,31.59765,44.45005
2025-05-28 20:36:07,0,0,31.59765,48.14624
2025-05-28 20:36:07,0,0,31.59765,48.14624
2025-05-28 20:36:07,0,0,31.60353,44.33147
2025-05-28 20:36:07,0,0,31.60353,44.33147
2025-05-28 20:36:07,0,0,31.59176,44.51743
2025-05-28 20:36:07,0,0,31.59176,44.51743
2025-05-28 20:36:07,0,0,31.60647,42.93903
2025-05-28 20:36:07,0,0,31.60647,42.93903
2025-05-28 20:36:08,0,0,31.60647,48.16348
2025-05-28 20:36:08,0,0,31.60647,48.16348
2025-05-28 20:36:08,0,0,31.60059,44.35897
2025-05-28 20:36:08,0,0,31.60059,44.35897
2025-05-28 20:36:08,0,0,31.58882,44.78064
2025-05-28 20:36:08,0,0,31.58882,44.78064
2025-05-28 20:36:08,0,0,31.59471,44.71922
2025-05-28 20:36:08,0,0,31.59471,44.71922
2025-05-28 20:36:08,0,0,31.58882,40.08987
2025-05-28 20:36:08,0,0,31.58882,40.08987
2025-05-28 20:36:09,0,0,31.58588,43.40115
2025-05-28 20:36:09,0,0,31.58588,43.40115
2025-05-28 20:36:09,0,0,31.59176,43.75
2025-05-28 20:36:09,0,0,31.59176,43.75
2025-05-28 20:36:09,0,0,31.58588,41.86047
2025-05-28 20:36:09,0,0,31.58588,41.86047
2025-05-28 20:36:09,0,0,31.59765,39.96968
2025-05-28 20:36:09,0,0,31.59765,39.96968
2025-05-28 20:36:09,0,0,31.58882,44.25287
2025-05-28 20:36:09,0,0,31.58882,44.25287
2025-05-28 20:36:10,0,0,31.57412,43.28053
2025-05-28 20:36:10,0,0,31.57412,43.28053
2025-05-28 20:36:10,0,0,31.57412,46.05332
2025-05-28 20:36:10,0,0,31.57412,46.05332
2025-05-28 20:36:10,0,0,31.56529,46.68737
2025-05-28 20:36:10,0,0,31.56529,46.68737
2025-05-28 20:36:10,0,0,31.57706,43.61371
2025-05-28 20:36:10,0,0,31.57706,43.61371
2025-05-28 20:36:10,0,0,31.56824,43.58974
2025-05-28 20:36:10,0,0,31.56824,43.58974
2025-05-28 20:36:11,0,0,31.57706,46.42857
2025-05-28 20:36:11,0,0,31.57706,46.42857
2025-05-28 20:36:11,0,0,31.57706,46.90403
2025-05-28 20:36:11,0,0,31.57706,46.90403
2025-05-28 20:36:11,0,0,31.57118,43.81443
2025-05-28 20:36:11,0,0,31.57118,43.81443
2025-05-28 20:36:11,0,0,31.57706,44.47262
2025-05-28 20:36:11,0,0,31.57706,44.47262
2025-05-28 20:36:11,0,0,31.57412,42.10248
2025-05-28 20:36:11,0,0,31.57412,42.10248
2025-05-28 20:36:12,0,0,31.56529,47.02842
2025-05-28 20:36:12,0,0,31.56529,47.02842
2025-05-28 20:36:12,0,0,31.57118,43.4715
2025-05-28 20:36:12,0,0,31.57118,43.4715
2025-05-28 20:36:12,0,0,31.55647,44.35976
2025-05-28 20:36:12,0,0,31.55647,44.35976
2025-05-28 20:36:12,0,0,31.56824,40.19812
2025-05-28 20:36:12,0,0,31.56824,40.19812
2025-05-28 20:36:12,0,0,31.57412,41.12337
2025-05-28 20:36:12,0,0,31.57412,41.12337
2025-05-28 20:36:13,0,0,31.57412,44.12998
2025-05-28 20:36:13,0,0,31.57412,44.12998
2025-05-28 20:36:13,0,0,31.57118,42.8934
2025-05-28 20:36:13,0,0,31.57118,42.8934
2025-05-28 20:36:13,0,0,31.56529,47.45587
2025-05-28 20:36:13,0,0,31.56529,47.45587
2025-05-28 20:36:13,0,0,31.55941,45.37037
2025-05-28 20:36:13,0,0,31.55941,45.37037
2025-05-28 20:36:13,0,0,31.55647,43.91371
2025-05-28 20:36:13,0,0,31.55647,43.91371
2025-05-28 20:36:14,0,0,31.56235,43.83703
2025-05-28 20:36:14,0,0,31.56235,43.83703
2025-05-28 20:36:14,0,0,31.57118,39.7762
2025-05-28 20:36:14,0,0,31.57118,39.7762
2025-05-28 20:36:14,0,0,31.57412,43.61097
2025-05-28 20:36:14,0,0,31.57412,43.61097
2025-05-28 20:36:14,0,0,31.58,43.70827
2025-05-28 20:36:14,0,0,31.58,43.70827
2025-05-28 20:36:14,0,0,31.56824,44.50807
2025-05-28 20:36:14,0,0,31.56824,44.50807
2025-05-28 20:36:15,0,0,31.56529,47.11934
2025-05-28 20:36:15,0,0,31.56529,47.11934
2025-05-28 20:36:15,0,0,31.56824,43.6214
2025-05-28 20:36:15,0,0,31.56824,43.6214
2025-05-28 20:36:15,0,0,31.55941,44.76626
2025-05-28 20:36:15,0,0,31.55941,44.76626
2025-05-28 20:36:15,0,0,31.56824,40.22692
2025-05-28 20:36:15,0,0,31.56824,40.22692
2025-05-28 20:36:15,0,0,31.57118,45.85692
2025-05-28 20:36:15,0,0,31.57118,45.85692
2025-05-28 20:36:16,0,0,31.56824,43.96907
2025-05-28 20:36:16,0,0,31.56824,43.96907
2025-05-28 20:36:16,0,0,31.57118,44.39919
2025-05-28 20:36:16,0,0,31.57118,44.39919
2025-05-28 20:36:16,0,0,31.57118,39.3476
2025-05-28 20:36:16,0,0,31.57118,39.3476
2025-05-28 20:36:16,0,0,31.56529,44.8062
2025-05-28 20:36:16,0,0,31.56529,44.8062
2025-05-28 20:36:16,0,0,31.56529,43.55828
2025-05-28 20:36:16,0,0,31.56529,43.55828
2025-05-28 20:36:17,0,0,31.57706,42.57322
2025-05-28 20:36:17,0,0,31.57706,42.57322
2025-05-28 20:36:17,0,0,31.57118,47.82833
2025-05-28 20:36:17,0,0,31.57118,47.82833
2025-05-28 20:36:17,0,0,31.57118,42.76283
2025-05-28 20:36:17,0,0,31.57118,42.76283
2025-05-28 20:36:17,0,0,31.57118,43.43177
2025-05-28 20:36:17,0,0,31.57118,43.43177
2025-05-28 20:36:17,0,0,31.56824,42.01591
2025-05-28 20:36:17,0,0,31.56824,42.01591
2025-05-28 20:36:18,0,0,31.55059,40.07056
2025-05-28 20:36:18,0,0,31.55059,40.07056
2025-05-28 20:36:18,0,0,31.56529,43.05846
2025-05-28 20:36:18,0,0,31.56529,43.05846
2025-05-28 20:36:18,0,0,31.57118,43.73727
2025-05-28 20:36:18,0,0,31.57118,43.73727
2025-05-28 20:36:18,0,0,31.57412,46.10592
2025-05-28 20:36:18,0,0,31.57412,46.10592
2025-05-28 20:36:18,0,0,31.57412,47.28484
2025-05-28 20:36:18,0,0,31.57412,47.28484
2025-05-28 20:36:19,0,0,31.57118,43.7885
2025-05-28 20:36:19,0,0,31.57118,43.7885
2025-05-28 20:36:19,0,0,31.58294,44.26396
2025-05-28 20:36:19,0,0,31.58294,44.26396
2025-05-28 20:36:19,0,0,31.57706,40.83851
2025-05-28 20:36:19,0,0,31.57706,40.83851
2025-05-28 20:36:19,0,0,31.57118,46.49974
2025-05-28 20:36:19,0,0,31.57118,46.49974
2025-05-28 20:36:19,0,0,31.57706,44.15852
2025-05-28 20:36:19,0,0,31.57706,44.15852
2025-05-28 20:36:20,0,0,31.57706,43.231
2025-05-28 20:36:20,0,0,31.57706,43.231
2025-05-28 20:36:20,0,0,31.57118,48.65841
2025-05-28 20:36:20,0,0,31.57118,48.65841
2025-05-28 20:36:20,0,0,31.55941,45.53846
2025-05-28 20:36:20,0,0,31.55941,45.53846
2025-05-28 20:36:20,0,0,31.56529,43.61483
2025-05-28 20:36:20,0,0,31.56529,43.61483
2025-05-28 20:36:20,0,0,31.58294,44.2229
2025-05-28 20:36:20,0,0,31.58294,44.2229
2025-05-28 20:36:21,0,0,31.57706,39.69466
2025-05-28 20:36:21,0,0,31.57706,39.69466
2025-05-28 20:36:21,0,0,31.56529,43.0179
2025-05-28 20:36:21,0,0,31.56529,43.0179
2025-05-28 20:36:21,0,0,31.56529,43.85331
2025-05-28 20:36:21,0,0,31.56529,43.85331
2025-05-28 20:36:21,0,0,31.56824,45.48336
2025-05-28 20:36:21,0,0,31.56824,45.48336
2025-05-28 20:36:21,0,0,31.56529,47.61171
2025-05-28 20:36:21,0,0,31.56529,47.61171
2025-05-28 20:36:22,0,0,31.56235,43.65904
2025-05-28 20:36:22,0,0,31.56235,43.65904
2025-05-28 20:36:22,0,0,31.56235,44.25229
2025-05-28 20:36:22,0,0,31.56235,44.25229
2025-05-28 20:36:22,0,0,31.56235,40.55158
2025-05-28 20:36:22,0,0,31.56235,40.55158
2025-05-28 20:36:22,0,0,31.56235,41.62487
2025-05-28 20:36:22,0,0,31.56235,41.62487
2025-05-28 20:36:22,0,0,31.55941,43.76603
2025-05-28 20:36:22,0,0,31.55941,43.76603
2025-05-28 20:36:23,0,0,31.55353,43.0367
2025-05-28 20:36:23,0,0,31.55353,43.0367
2025-05-28 20:36:23,0,0,31.55647,47.59916
2025-05-28 20:36:23,0,0,31.55647,47.59916
2025-05-28 20:36:23,0,0,31.55647,44.82582
2025-05-28 20:36:23,0,0,31.55647,44.82582
2025-05-28 20:36:23,0,0,31.55647,43.66632
2025-05-28 20:36:23,0,0,31.55647,43.66632
2025-05-28 20:36:23,0,0,31.54765,43.44899
2025-05-28 20:36:23,0,0,31.54765,43.44899
2025-05-28 20:36:24,0,0,31.54765,39.96014
2025-05-28 20:36:24,0,0,31.54765,39.96014
2025-05-28 20:36:24,0,0,31.55353,43.26873
2025-05-28 20:36:24,0,0,31.55353,43.26873
2025-05-28 20:36:24,0,0,31.54177,44.38827
2025-05-28 20:36:24,0,0,31.54177,44.38827
2025-05-28 20:36:24,0,0,31.55059,45.4827
2025-05-28 20:36:24,0,0,31.55059,45.4827
2025-05-28 20:36:24,0,0,31.54765,40.53651
2025-05-28 20:36:24,0,0,31.54765,40.53651
2025-05-28 20:36:25,0,0,31.54765,43.91996
2025-05-28 20:36:25,0,0,31.54765,43.91996
2025-05-28 20:36:25,0,0,31.55059,43.28133
2025-05-28 20:36:25,0,0,31.55059,43.28133
2025-05-28 20:36:25,0,0,31.55353,40.40248
2025-05-28 20:36:25,0,0,31.55353,40.40248
2025-05-28 20:36:25,0,0,31.55353,46.63609
2025-05-28 20:36:25,0,0,31.55353,46.63609
2025-05-28 20:36:25,0,0,31.54177,44.14042
2025-05-28 20:36:25,0,0,31.54177,44.14042
2025-05-28 20:36:26,0,0,31.55353,44.33723
2025-05-28 20:36:26,0,0,31.55353,44.33723
2025-05-28 20:36:26,0,0,31.54471,40.08159
2025-05-28 20:36:26,0,0,31.54471,40.08159
2025-05-28 20:36:26,0,0,31.55059,43.52041
2025-05-28 20:36:26,0,0,31.55059,43.52041
2025-05-28 20:36:26,0,0,31.54471,43.82308
2025-05-28 20:36:26,0,0,31.54471,43.82308
2025-05-28 20:36:26,0,0,31.53588,45.65783
2025-05-28 20:36:26,0,0,31.53588,45.65783
2025-05-28 20:36:27,0,0,31.54765,47.51154
2025-05-28 20:36:27,0,0,31.54765,47.51154
2025-05-28 20:36:27,0,0,31.55059,43.67284
2025-05-28 20:36:27,0,0,31.55059,43.67284
2025-05-28 20:36:27,0,0,31.52412,43.13726
2025-05-28 20:36:27,0,0,31.52412,43.13726
2025-05-28 20:36:27,0,0,31.54471,40.88821
2025-05-28 20:36:27,0,0,31.54471,40.88821
2025-05-28 20:36:28,0,0,31.55941,45.71429
2025-05-28 20:36:28,0,0,31.55941,45.71429
2025-05-28 20:36:28,0,0,31.54177,44.17895
2025-05-28 20:36:28,0,0,31.54177,44.17895
2025-05-28 20:36:28,0,0,31.53588,43.66632
2025-05-28 20:36:28,0,0,31.53588,43.66632
2025-05-28 20:36:28,0,0,31.53588,40.47499
2025-05-28 20:36:28,0,0,31.53588,40.47499
2025-05-28 20:36:28,0,0,31.53,43.53741
2025-05-28 20:36:28,0,0,31.53,43.53741
2025-05-28 20:36:29,0,0,31.54177,43.61702
2025-05-28 20:36:29,0,0,31.54177,43.61702
2025-05-28 20:36:29,0,0,31.53,42.01681
2025-05-28 20:36:29,0,0,31.53,42.01681
2025-05-28 20:36:29,0,0,31.52706,47.72611
2025-05-28 20:36:29,0,0,31.52706,47.72611
2025-05-28 20:36:29,0,0,31.53294,44.46178
2025-05-28 20:36:29,0,0,31.53294,44.46178
2025-05-28 20:36:29,0,0,31.50647,43.23232
2025-05-28 20:36:29,0,0,31.50647,43.23232
2025-05-28 20:36:30,0,0,31.51824,48.22073
2025-05-28 20:36:30,0,0,31.51824,48.22073
2025-05-28 20:36:30,0,0,31.53,46.28688
2025-05-28 20:36:30,0,0,31.53,46.28688
2025-05-28 20:36:30,0,0,31.51235,43.92619
2025-05-28 20:36:30,0,0,31.51235,43.92619
2025-05-28 20:36:30,0,0,31.51235,44.39347
2025-05-28 20:36:30,0,0,31.51235,44.39347
2025-05-28 20:36:30,0,0,31.50941,39.61303
2025-05-28 20:36:30,0,0,31.50941,39.61303
2025-05-28 20:36:31,0,0,31.52706,42.7775
2025-05-28 20:36:31,0,0,31.52706,42.7775
2025-05-28 20:36:31,0,0,31.5153,43.93004
2025-05-28 20:36:31,0,0,31.5153,43.93004
2025-05-28 20:36:31,0,0,31.50941,44.55959
2025-05-28 20:36:31,0,0,31.50941,44.55959
2025-05-28 20:36:31,0,0,31.5153,44.40191
2025-05-28 20:36:31,0,0,31.5153,44.40191
2025-05-28 20:36:31,0,0,31.49765,44.10548
2025-05-28 20:36:31,0,0,31.49765,44.10548
2025-05-28 20:36:32,0,0,31.49765,44.65823
2025-05-28 20:36:32,0,0,31.49765,44.65823
2025-05-28 20:36:32,0,0,31.48882,46.14165
2025-05-28 20:36:32,0,0,31.48882,46.14165
2025-05-28 20:36:32,0,0,31.49176,41.04478
2025-05-28 20:36:32,0,0,31.49176,41.04478
2025-05-28 20:36:32,0,0,31.50059,43.75645
2025-05-28 20:36:32,0,0,31.50059,43.75645
2025-05-28 20:36:32,0,0,31.50647,44.46138
2025-05-28 20:36:32,0,0,31.50647,44.46138
2025-05-28 20:36:33,0,0,31.49471,46.54186
2025-05-28 20:36:33,0,0,31.49471,46.54186
2025-05-28 20:36:33,0,0,31.49765,46.8335
2025-05-28 20:36:33,0,0,31.49765,46.8335
2025-05-28 20:36:33,0,0,31.50059,44.22881
2025-05-28 20:36:33,0,0,31.50059,44.22881
2025-05-28 20:36:33,0,0,31.49765,44.1896
2025-05-28 20:36:33,0,0,31.49765,44.1896
2025-05-28 20:36:33,0,0,31.48882,39.50803
2025-05-28 20:36:33,0,0,31.48882,39.50803
2025-05-28 20:36:34,0,0,31.49176,42.49493
2025-05-28 20:36:34,0,0,31.49176,42.49493
2025-05-28 20:36:34,0,0,31.48882,43.75963
2025-05-28 20:36:34,0,0,31.48882,43.75963
2025-05-28 20:36:34,0,0,31.47706,42.90909
2025-05-28 20:36:34,0,0,31.47706,42.90909
2025-05-28 20:36:34,0,0,31.48294,47.92746
2025-05-28 20:36:34,0,0,31.48294,47.92746
2025-05-28 20:36:34,0,0,31.50647,44.73684
2025-05-28 20:36:34,0,0,31.50647,44.73684
2025-05-28 20:36:35,0,0,31.46824,43.37045
2025-05-28 20:36:35,0,0,31.46824,43.37045
2025-05-28 20:36:35,0,0,31.46824,41.12735
2025-05-28 20:36:35,0,0,31.46824,41.12735
2025-05-28 20:36:35,0,0,31.46529,47.07092
2025-05-28 20:36:35,0,0,31.46529,47.07092
2025-05-28 20:36:35,0,0,31.46824,44.59948
2025-05-28 20:36:35,0,0,31.46824,44.59948
2025-05-28 20:36:35,0,0,31.46824,44.74747
2025-05-28 20:36:35,0,0,31.46824,44.74747
2025-05-28 20:36:36,0,0,31.47118,48.02463
2025-05-28 20:36:36,0,0,31.47118,48.02463
2025-05-28 20:36:36,0,0,31.47412,42.22772
2025-05-28 20:36:36,0,0,31.47412,42.22772
2025-05-28 20:36:36,0,0,31.45059,44.34343
2025-05-28 20:36:36,0,0,31.45059,44.34343
2025-05-28 20:36:36,0,0,31.46529,44.23755
2025-05-28 20:36:36,0,0,31.46529,44.23755
2025-05-28 20:36:36,0,0,31.46235,47.94937
2025-05-28 20:36:36,0,0,31.46235,47.94937
2025-05-28 20:36:37,0,0,31.45353,44.44444
2025-05-28 20:36:37,0,0,31.45353,44.44444
2025-05-28 20:36:37,0,0,31.45059,45.31873
2025-05-28 20:36:37,0,0,31.45059,45.31873
2025-05-28 20:36:37,0,0,31.43294,46.94715
2025-05-28 20:36:37,0,0,31.43294,46.94715
2025-05-28 20:36:37,0,0,31.43,41.52709
2025-05-28 20:36:37,0,0,31.43,41.52709
2025-05-28 20:36:37,0,0,31.44765,44.98728
2025-05-28 20:36:37,0,0,31.44765,44.98728
2025-05-28 20:36:38,0,0,31.46529,43.9206
2025-05-28 20:36:38,0,0,31.46529,43.9206
2025-05-28 20:36:38,0,0,31.45941,47.81947
2025-05-28 20:36:38,0,0,31.45941,47.81947
2025-05-28 20:36:38,0,0,31.44765,46.21594
2025-05-28 20:36:38,0,0,31.44765,46.21594
2025-05-28 20:36:38,0,0,31.45059,44.534
2025-05-28 20:36:38,0,0,31.45059,44.534
2025-05-28 20:36:38,0,0,31.44176,43.40688
2025-05-28 20:36:38,0,0,31.44176,43.40688
2025-05-28 20:36:39,0,0,31.43882,41.0079
2025-05-28 20:36:39,0,0,31.43882,41.0079
2025-05-28 20:36:39,0,0,31.45059,44.82934
2025-05-28 20:36:39,0,0,31.45059,44.82934
2025-05-28 20:36:39,0,0,31.44765,44.11765
2025-05-28 20:36:39,0,0,31.44765,44.11765
2025-05-28 20:36:39,0,0,31.43882,48.95781
2025-05-28 20:36:39,0,0,31.43882,48.95781
2025-05-28 20:36:39,0,0,31.43882,47.36313
2025-05-28 20:36:39,0,0,31.43882,47.36313
2025-05-28 20:36:40,0,0,31.43882,44.68938
2025-05-28 20:36:40,0,0,31.43882,44.68938
2025-05-28 20:36:40,0,0,31.44471,45.23337
2025-05-28 20:36:40,0,0,31.44471,45.23337
2025-05-28 20:36:40,0,0,31.44176,41.14084
2025-05-28 20:36:40,0,0,31.44176,41.14084
2025-05-28 20:36:40,0,0,31.43882,42.82203
2025-05-28 20:36:40,0,0,31.43882,42.82203
2025-05-28 20:36:40,0,0,31.43882,45.04049
2025-05-28 20:36:40,0,0,31.43882,45.04049
2025-05-28 20:36:41,0,0,31.45941,44.06359
2025-05-28 20:36:41,0,0,31.45941,44.06359
2025-05-28 20:36:41,0,0,31.47412,49.03553
2025-05-28 20:36:41,0,0,31.47412,49.03553
2025-05-28 20:36:41,0,0,31.46235,45.60522
2025-05-28 20:36:41,0,0,31.46235,45.60522
2025-05-28 20:36:41,0,0,31.45941,45.04008
2025-05-28 20:36:41,0,0,31.45941,45.04008
2025-05-28 20:36:41,0,0,31.44765,44.14597
2025-05-28 20:36:41,0,0,31.44765,44.14597
2025-05-28 20:36:42,0,0,31.46529,44.32718
2025-05-28 20:36:42,0,0,31.46529,44.32718
2025-05-28 20:36:42,0,0,31.45647,43.92523
2025-05-28 20:36:42,0,0,31.45647,43.92523
2025-05-28 20:36:42,0,0,31.44765,45.19662
2025-05-28 20:36:42,0,0,31.44765,45.19662
2025-05-28 20:36:42,0,0,31.45059,43.23907
2025-05-28 20:36:42,0,0,31.45059,43.23907
2025-05-28 20:36:42,0,0,31.45353,40.90462
2025-05-28 20:36:42,0,0,31.45353,40.90462
2025-05-28 20:36:43,0,0,31.44176,45.50562
2025-05-28 20:36:43,0,0,31.44176,45.50562
2025-05-28 20:36:43,0,0,31.44471,45.03741
2025-05-28 20:36:43,0,0,31.44471,45.03741
2025-05-28 20:36:43,0,0,31.43294,43.04502
2025-05-28 20:36:43,0,0,31.43294,43.04502
2025-05-28 20:36:43,0,0,31.43588,41.1736
2025-05-28 20:36:43,0,0,31.43588,41.1736
2025-05-28 20:36:43,0,0,31.43882,45.66444
2025-05-28 20:36:43,0,0,31.43882,45.66444
2025-05-28 20:36:44,0,0,31.43882,44.17331
2025-05-28 20:36:44,0,0,31.43882,44.17331
2025-05-28 20:36:44,0,0,31.44176,48.54666
2025-05-28 20:36:44,0,0,31.44176,48.54666
2025-05-28 20:36:44,0,0,31.43882,45.88118
2025-05-28 20:36:44,0,0,31.43882,45.88118
2025-05-28 20:36:44,0,0,31.42706,45.43185
2025-05-28 20:36:44,0,0,31.42706,45.43185
2025-05-28 20:36:44,0,0,31.43294,43.3419
2025-05-28 20:36:44,0,0,31.43294,43.3419
2025-05-28 20:36:45,0,0,31.43588,41.9777
2025-05-28 20:36:45,0,0,31.43588,41.9777
2025-05-28 20:36:45,0,0,31.43588,45.66532
2025-05-28 20:36:45,0,0,31.43588,45.66532
2025-05-28 20:36:45,0,0,31.43294,45.7185
2025-05-28 20:36:45,0,0,31.43294,45.7185
2025-05-28 20:36:45,0,0,31.44765,48.62156
2025-05-28 20:36:45,0,0,31.44765,48.62156
2025-05-28 20:36:45,0,0,31.43588,43.79277
2025-05-28 20:36:45,0,0,31.43588,43.79277
2025-05-28 20:36:46,0,0,31.45647,45.41853
2025-05-28 20:36:46,0,0,31.45647,45.41853
2025-05-28 20:36:46,0,0,31.44176,46.64634
2025-05-28 20:36:46,0,0,31.44176,46.64634
2025-05-28 20:36:46,0,0,31.43882,41.81641
2025-05-28 20:36:46,0,0,31.43882,41.81641
2025-05-28 20:36:46,0,0,31.44765,44.79114
2025-05-28 20:36:46,0,0,31.44765,44.79114
2025-05-28 20:36:46,0,0,31.43882,44.06948
2025-05-28 20:36:46,0,0,31.43882,44.06948
2025-05-28 20:36:47,0,0,31.43588,48.15002
2025-05-28 20:36:47,0,0,31.43588,48.15002
2025-05-28 20:36:47,0,0,31.42706,46.22311
2025-05-28 20:36:47,0,0,31.42706,46.22311
2025-05-28 20:36:47,0,0,31.41529,45.0676
2025-05-28 20:36:47,0,0,31.41529,45.0676
2025-05-28 20:36:47,0,0,31.42118,46.4539
2025-05-28 20:36:47,0,0,31.42118,46.4539
2025-05-28 20:36:47,0,0,31.41235,41.84224
2025-05-28 20:36:47,0,0,31.41235,41.84224
2025-05-28 20:36:48,0,0,31.41235,45.05274
2025-05-28 20:36:48,0,0,31.41235,45.05274
2025-05-28 20:36:48,0,0,31.40941,45.60711
2025-05-28 20:36:48,0,0,31.40941,45.60711
2025-05-28 20:36:48,0,0,31.41235,41.97901
2025-05-28 20:36:48,0,0,31.41235,41.97901
2025-05-28 20:36:48,0,0,31.41529,44.06528
2025-05-28 20:36:48,0,0,31.41529,44.06528
2025-05-28 20:36:48,0,0,31.40941,45.22613
2025-05-28 20:36:49,0,0,31.39765,43.43177
2025-05-28 20:36:48,0,0,31.40941,45.22613
2025-05-28 20:36:49,0,0,31.39765,43.43177
2025-05-28 20:36:49,0,0,31.39765,48.95105
2025-05-28 20:36:49,0,0,31.39765,48.95105
2025-05-28 20:36:49,0,0,31.39471,46.23547
2025-05-28 20:36:49,0,0,31.39471,46.23547
2025-05-28 20:36:49,0,0,31.38588,46.36899
2025-05-28 20:36:49,0,0,31.38588,46.36899
2025-05-28 20:36:49,0,0,31.39765,41.92923
2025-05-28 20:36:49,0,0,31.39765,41.92923
2025-05-28 20:36:50,0,0,31.38294,43.76209
2025-05-28 20:36:50,0,0,31.38294,43.76209
2025-05-28 20:36:50,0,0,31.38882,45.82716
2025-05-28 20:36:50,0,0,31.38882,45.82716
2025-05-28 20:36:50,0,0,31.39471,45.29617
2025-05-28 20:36:50,0,0,31.39471,45.29617
2025-05-28 20:36:50,0,0,31.38294,41.58513
2025-05-28 20:36:50,0,0,31.38294,41.58513
2025-05-28 20:36:50,0,0,31.38882,44.59665
2025-05-28 20:36:50,0,0,31.38882,44.59665
2025-05-28 20:36:51,0,0,31.40059,45.59764
2025-05-28 20:36:51,0,0,31.40059,45.59764
2025-05-28 20:36:51,0,0,31.39471,43.10345
2025-05-28 20:36:51,0,0,31.39471,43.10345
2025-05-28 20:36:51,0,0,31.40059,49.00794
2025-05-28 20:36:51,0,0,31.40059,49.00794
2025-05-28 20:36:51,0,0,31.39765,46.27686
2025-05-28 20:36:51,0,0,31.39765,46.27686
2025-05-28 20:36:51,0,0,31.39471,46.618
2025-05-28 20:36:51,0,0,31.39471,46.618
2025-05-28 20:36:52,0,0,31.40647,49.00596
2025-05-28 20:36:52,0,0,31.40647,49.00596
2025-05-28 20:36:52,0,0,31.39765,45.76923
2025-05-28 20:36:52,0,0,31.39765,45.76923
2025-05-28 20:36:52,0,0,31.40059,45.15805
2025-05-28 20:36:52,0,0,31.40059,45.15805
2025-05-28 20:36:52,0,0,31.40941,44.52122
2025-05-28 20:36:52,0,0,31.40941,44.52122
2025-05-28 20:36:52,0,0,31.40647,49.32195
2025-05-28 20:36:52,0,0,31.40647,49.32195
2025-05-28 20:36:53,0,0,31.40353,46.71642
2025-05-28 20:36:53,0,0,31.40353,46.71642
2025-05-28 20:36:53,0,0,31.39765,45.48163
2025-05-28 20:36:53,0,0,31.39765,45.48163
2025-05-28 20:36:53,0,0,31.40353,45.41353
2025-05-28 20:36:53,0,0,31.40353,45.41353
2025-05-28 20:36:53,0,0,31.40647,48.86764
2025-05-28 20:36:53,0,0,31.40647,48.86764
2025-05-28 20:36:53,0,0,31.40059,44.39347
2025-05-28 20:36:53,0,0,31.40059,44.39347
2025-05-28 20:36:54,0,0,31.40647,45.89921
2025-05-28 20:36:54,0,0,31.40647,45.89921
2025-05-28 20:36:54,0,0,31.41529,43.37411
2025-05-28 20:36:54,0,0,31.41529,43.37411
2025-05-28 20:36:54,0,0,31.41824,42.0127
2025-05-28 20:36:54,0,0,31.41824,42.0127
2025-05-28 20:36:54,0,0,31.41529,44.57953
2025-05-28 20:36:54,0,0,31.41529,44.57953
2025-05-28 20:36:54,0,0,31.40059,44.70182
2025-05-28 20:36:54,0,0,31.40059,44.70182
2025-05-28 20:36:55,0,0,31.40059,49.01065
2025-05-28 20:36:55,0,0,31.40059,49.01065
2025-05-28 20:36:55,0,0,31.39765,48.55865
2025-05-28 20:36:55,0,0,31.39765,48.55865
2025-05-28 20:36:55,0,0,31.38882,45.27163
2025-05-28 20:36:55,0,0,31.38882,45.27163
2025-05-28 20:36:55,0,0,31.40059,45.80454
2025-05-28 20:36:55,0,0,31.40059,45.80454
2025-05-28 20:36:55,0,0,31.38882,41.52924
2025-05-28 20:36:55,0,0,31.38882,41.52924
2025-05-28 20:36:56,0,0,31.39765,44.98088
2025-05-28 20:36:56,0,0,31.39765,44.98088
2025-05-28 20:36:56,0,0,31.39177,45.24976
2025-05-28 20:36:56,0,0,31.39177,45.24976
2025-05-28 20:36:56,0,0,31.39471,44.40488
2025-05-28 20:36:56,0,0,31.39471,44.40488
2025-05-28 20:36:56,0,0,31.38588,49.29078
2025-05-28 20:36:56,0,0,31.38588,49.29078
2025-05-28 20:36:56,0,0,31.39471,45.18103
2025-05-28 20:36:56,0,0,31.39471,45.18103
2025-05-28 20:36:57,0,0,31.38588,45.83746
2025-05-28 20:36:57,0,0,31.38588,45.83746
2025-05-28 20:36:57,0,0,31.39177,48.04866
2025-05-28 20:36:57,0,0,31.39177,48.04866
2025-05-28 20:36:57,0,0,31.38588,47.90932
2025-05-28 20:36:57,0,0,31.38588,47.90932
2025-05-28 20:36:57,0,0,31.38882,45.16616
2025-05-28 20:36:57,0,0,31.38882,45.16616
2025-05-28 20:36:57,0,0,31.39177,44.14236
2025-05-28 20:36:57,0,0,31.39177,44.14236
2025-05-28 20:36:58,0,0,31.37118,41.63737
2025-05-28 20:36:58,0,0,31.37118,41.63737
2025-05-28 20:36:58,0,0,31.38294,46.94082
2025-05-28 20:36:58,0,0,31.38294,46.94082
2025-05-28 20:36:58,0,0,31.37412,45.22843
2025-05-28 20:36:58,0,0,31.37412,45.22843
2025-05-28 20:36:58,0,0,31.37706,44.18372
2025-05-28 20:36:58,0,0,31.37706,44.18372
2025-05-28 20:36:58,0,0,31.37706,49.46565
2025-05-28 20:36:58,0,0,31.37706,49.46565
2025-05-28 20:36:59,0,0,31.36823,46.74022
2025-05-28 20:36:59,0,0,31.36823,46.74022
2025-05-28 20:36:59,0,0,31.37412,44.70886
2025-05-28 20:36:59,0,0,31.37412,44.70886
2025-05-28 20:36:59,0,0,31.35941,45.5539
2025-05-28 20:36:59,0,0,31.35941,45.5539
2025-05-28 20:36:59,0,0,31.36529,41.48515
2025-05-28 20:36:59,0,0,31.36529,41.48515
2025-05-28 20:36:59,0,0,31.35353,44.70297
2025-05-28 20:36:59,0,0,31.35353,44.70297
2025-05-28 20:37:00,0,0,31.36529,45.80228
2025-05-28 20:37:00,0,0,31.36529,45.80228
2025-05-28 20:37:00,0,0,31.34765,46.41414
2025-05-28 20:37:00,0,0,31.34765,46.41414
2025-05-28 20:37:00,0,0,31.36235,49.82596
2025-05-28 20:37:00,0,0,31.36235,49.82596
2025-05-28 20:37:00,0,0,31.35647,45.93781
2025-05-28 20:37:00,0,0,31.35647,45.93781
2025-05-28 20:37:00,0,0,31.35941,45.2616
2025-05-28 20:37:00,0,0,31.35941,45.2616
2025-05-28 20:37:01,0,0,31.36529,46.37076
2025-05-28 20:37:01,0,0,31.36529,46.37076
2025-05-28 20:37:01,0,0,31.35353,48.09548
2025-05-28 20:37:01,0,0,31.35353,48.09548
2025-05-28 20:37:01,0,0,31.35647,44.4047
2025-05-28 20:37:01,0,0,31.35647,44.4047
2025-05-28 20:37:01,0,0,31.34765,45.56331
2025-05-28 20:37:01,0,0,31.34765,45.56331
2025-05-28 20:37:01,0,0,31.34471,42.42271
2025-05-28 20:37:01,0,0,31.34471,42.42271
2025-05-28 20:37:02,0,0,31.33882,42.01763
2025-05-28 20:37:02,0,0,31.33882,42.01763
2025-05-28 20:37:02,0,0,31.34471,44.85743
2025-05-28 20:37:02,0,0,31.34471,44.85743
2025-05-28 20:37:02,0,0,31.34765,44.15714
2025-05-28 20:37:02,0,0,31.34765,44.15714
2025-05-28 20:37:02,0,0,31.33294,48.53556
2025-05-28 20:37:02,0,0,31.33294,48.53556
2025-05-28 20:37:02,0,0,31.32706,43.75
2025-05-28 20:37:02,0,0,31.32706,43.75
2025-05-28 20:37:03,0,0,31.32706,44.98235
2025-05-28 20:37:03,0,0,31.32706,44.98235
2025-05-28 20:37:03,0,0,31.34765,45.45913
2025-05-28 20:37:03,0,0,31.34765,45.45913
2025-05-28 20:37:03,0,0,31.35353,41.82975
2025-05-28 20:37:03,0,0,31.35353,41.82975
2025-05-28 20:37:03,0,0,31.33294,44.24553
2025-05-28 20:37:03,0,0,31.33294,44.24553
2025-05-28 20:37:03,0,0,31.31529,44.73161
2025-05-28 20:37:03,0,0,31.31529,44.73161
2025-05-28 20:37:04,0,0,31.32706,41.44371
2025-05-28 20:37:04,0,0,31.32706,41.44371
2025-05-28 20:37:04,0,0,31.31235,46.87656
2025-05-28 20:37:04,0,0,31.31235,46.87656
2025-05-28 20:37:04,0,0,31.33588,45.09311
2025-05-28 20:37:04,0,0,31.33588,45.09311
2025-05-28 20:37:04,0,0,31.35941,44.26478
2025-05-28 20:37:04,0,0,31.35941,44.26478
2025-05-28 20:37:04,0,0,31.33,48.99498
2025-05-28 20:37:04,0,0,31.33,48.99498
2025-05-28 20:37:05,0,0,31.30353,45.18443
2025-05-28 20:37:05,0,0,31.30353,45.18443
2025-05-28 20:37:05,0,0,31.28294,45.57214
2025-05-28 20:37:05,0,0,31.28294,45.57214
2025-05-28 20:37:05,0,0,31.28588,49.49393
2025-05-28 20:37:05,0,0,31.28588,49.49393
2025-05-28 20:37:05,0,0,31.30059,43.07541
2025-05-28 20:37:05,0,0,31.30059,43.07541
2025-05-28 20:37:05,0,0,31.30353,44.89899
2025-05-28 20:37:05,0,0,31.30353,44.89899
2025-05-28 20:37:06,0,0,31.34765,45.82701
2025-05-28 20:37:06,0,0,31.34765,45.82701
2025-05-28 20:37:06,0,0,31.35647,42.0078
2025-05-28 20:37:06,0,0,31.35647,42.0078
2025-05-28 20:37:06,0,0,31.33588,45.23215
2025-05-28 20:37:06,0,0,31.34765,44.83934
2025-05-28 20:37:06,0,0,31.33588,45.23215
2025-05-28 20:37:06,0,0,31.34765,44.83934
2025-05-28 20:37:06,0,0,31.34176,41.43484
2025-05-28 20:37:06,0,0,31.34176,41.43484
2025-05-28 20:37:07,0,0,31.33588,45.80613
2025-05-28 20:37:07,0,0,31.33588,45.80613
2025-05-28 20:37:07,0,0,31.32412,46.13503
2025-05-28 20:37:07,0,0,31.32412,46.13503
2025-05-28 20:37:07,0,0,31.32118,44.34524
2025-05-28 20:37:07,0,0,31.32118,44.34524
2025-05-28 20:37:07,0,0,31.33294,48.87365
2025-05-28 20:37:07,0,0,31.33294,48.87365
2025-05-28 20:37:07,0,0,31.34176,46.34503
2025-05-28 20:37:07,0,0,31.34176,46.34503
2025-05-28 20:37:08,0,0,31.33294,46.67969
2025-05-28 20:37:08,0,0,31.33294,46.67969
2025-05-28 20:37:08,0,0,31.33294,50.44555
2025-05-28 20:37:08,0,0,31.33294,50.44555
2025-05-28 20:37:08,0,0,31.32118,47.44163
2025-05-28 20:37:08,0,0,31.32118,47.44163
2025-05-28 20:37:08,0,0,31.31824,47.35831
2025-05-28 20:37:08,0,0,31.31824,47.35831
2025-05-28 20:37:08,0,0,31.31529,49.56012
2025-05-28 20:37:08,0,0,31.31529,49.56012
2025-05-28 20:37:09,0,0,31.29765,44.49213
2025-05-28 20:37:09,0,0,31.29765,44.49213
2025-05-28 20:37:09,0,0,31.30353,46.62757
2025-05-28 20:37:09,0,0,31.30353,46.62757
2025-05-28 20:37:09,0,0,31.29177,46.83358
2025-05-28 20:37:09,0,0,31.29177,46.83358
2025-05-28 20:37:09,0,0,31.29765,43.23417
2025-05-28 20:37:09,0,0,31.29765,43.23417
2025-05-28 20:37:09,0,0,31.30941,46.33546
2025-05-28 20:37:09,0,0,31.30941,46.33546
2025-05-28 20:37:10,0,0,31.31235,45.85342
2025-05-28 20:37:10,0,0,31.31235,45.85342
2025-05-28 20:37:10,0,0,31.30353,43.42552
2025-05-28 20:37:10,0,0,31.30353,43.42552
2025-05-28 20:37:10,0,0,31.29177,45.61572
2025-05-28 20:37:10,0,0,31.29177,45.61572
2025-05-28 20:37:10,0,0,31.30059,46.46318
2025-05-28 20:37:10,0,0,31.30059,46.46318
2025-05-28 20:37:10,0,0,31.30353,45.86797
2025-05-28 20:37:10,0,0,31.30353,45.86797
2025-05-28 20:37:11,0,0,31.29177,43.80636
2025-05-28 20:37:11,0,0,31.29177,43.80636
2025-05-28 20:37:11,0,0,31.29471,47.12195
2025-05-28 20:37:11,0,0,31.29471,47.12195
2025-05-28 20:37:11,0,0,31.28882,46.57933
2025-05-28 20:37:11,0,0,31.28882,46.57933
2025-05-28 20:37:11,0,0,31.29177,51.32353
2025-05-28 20:37:11,0,0,31.29177,51.32353
2025-05-28 20:37:11,0,0,31.29765,46.09219
2025-05-28 20:37:11,0,0,31.29765,46.09219
2025-05-28 20:37:12,0,0,31.30647,46.12048
2025-05-28 20:37:12,0,0,31.30647,46.12048
2025-05-28 20:37:12,0,0,31.29177,49.77375
2025-05-28 20:37:12,0,0,31.29177,49.77375
2025-05-28 20:37:12,0,0,31.28882,49.03194
2025-05-28 20:37:12,0,0,31.28882,49.03194
2025-05-28 20:37:12,0,0,31.30059,46.59864
2025-05-28 20:37:12,0,0,31.30059,46.59864
2025-05-28 20:37:12,0,0,31.28588,46.64089
2025-05-28 20:37:12,0,0,31.28588,46.64089
2025-05-28 20:37:13,0,0,31.28294,50.95448
2025-05-28 20:37:13,0,0,31.28294,50.95448
2025-05-28 20:37:13,0,0,31.28882,46.04674
2025-05-28 20:37:13,0,0,31.28882,46.04674
2025-05-28 20:37:13,0,0,31.30059,47.35831
2025-05-28 20:37:13,0,0,31.30059,47.35831
2025-05-28 20:37:13,0,0,31.28294,44.59793
2025-05-28 20:37:13,0,0,31.28294,44.59793
2025-05-28 20:37:13,0,0,31.28,44.13013
2025-05-28 20:37:13,0,0,31.28,44.13013
2025-05-28 20:37:14,0,0,31.28882,47.00687
2025-05-28 20:37:14,0,0,31.28882,47.00687
2025-05-28 20:37:14,0,0,31.28294,45.52769
2025-05-28 20:37:14,0,0,31.28294,45.52769
2025-05-28 20:37:14,0,0,31.28882,50.58766
2025-05-28 20:37:14,0,0,31.28882,50.58766
2025-05-28 20:37:14,0,0,31.27706,47.89142
2025-05-28 20:37:14,0,0,31.27706,47.89142
2025-05-28 20:37:14,0,0,31.28882,46.68281
2025-05-28 20:37:14,0,0,31.28882,46.68281
2025-05-28 20:37:15,0,0,31.29765,47.02729
2025-05-28 20:37:15,0,0,31.29765,47.02729
2025-05-28 20:37:15,0,0,31.29177,44.10378
2025-05-28 20:37:15,0,0,31.29177,44.10378
2025-05-28 20:37:15,0,0,31.29765,46.66667
2025-05-28 20:37:15,0,0,31.29765,46.66667
2025-05-28 20:37:15,0,0,31.29471,46.50838
2025-05-28 20:37:15,0,0,31.29471,46.50838
2025-05-28 20:37:15,0,0,31.28588,43.61652
2025-05-28 20:37:15,0,0,31.28588,43.61652
2025-05-28 20:37:16,0,0,31.29765,48.78165
2025-05-28 20:37:16,0,0,31.29765,48.78165
2025-05-28 20:37:16,0,0,31.29471,47.06163
2025-05-28 20:37:16,0,0,31.29471,47.06163
2025-05-28 20:37:16,0,0,31.29177,45.7452
2025-05-28 20:37:16,0,0,31.29177,45.7452
2025-05-28 20:37:16,0,0,31.29177,50.43103
2025-05-28 20:37:16,0,0,31.29177,50.43103
2025-05-28 20:37:16,0,0,31.28588,47.71401
2025-05-28 20:37:16,0,0,31.28588,47.71401
2025-05-28 20:37:17,0,0,31.29471,47.61455
2025-05-28 20:37:17,0,0,31.29471,47.61455
2025-05-28 20:37:17,0,0,31.28882,50.67567
2025-05-28 20:37:17,0,0,31.28882,50.67567
2025-05-28 20:37:17,0,0,31.28294,47.28682
2025-05-28 20:37:17,0,0,31.28294,47.28682
2025-05-28 20:37:17,0,0,31.28294,46.95151
2025-05-28 20:37:17,0,0,31.28294,46.95151
2025-05-28 20:37:17,0,0,31.27706,45.05602
2025-05-28 20:37:17,0,0,31.27706,45.05602
2025-05-28 20:37:18,0,0,31.26824,49.71154
2025-05-28 20:37:18,0,0,31.26824,49.71154
2025-05-28 20:37:18,0,0,31.28294,47.06724
2025-05-28 20:37:18,0,0,31.28294,47.06724
2025-05-28 20:37:18,0,0,31.28,46.47087
2025-05-28 20:37:18,0,0,31.28,46.47087
2025-05-28 20:37:18,0,0,31.27706,43.21796
2025-05-28 20:37:18,0,0,31.27706,43.21796
2025-05-28 20:37:18,0,0,31.26824,47.58654
2025-05-28 20:37:18,0,0,31.26824,47.58654
2025-05-28 20:37:19,0,0,31.2653,46.18644
2025-05-28 20:37:19,0,0,31.2653,46.18644
2025-05-28 20:37:19,0,0,31.26824,49.73468
2025-05-28 20:37:19,0,0,31.26824,49.73468
2025-05-28 20:37:19,0,0,31.26824,48.61905
2025-05-28 20:37:19,0,0,31.26824,48.61905
2025-05-28 20:37:19,0,0,31.2653,46.85247
2025-05-28 20:37:19,0,0,31.2653,46.85247
2025-05-28 20:37:19,0,0,31.25647,46.51163
2025-05-28 20:37:19,0,0,31.25647,46.51163
2025-05-28 20:37:20,0,0,31.25941,43.03376
2025-05-28 20:37:20,0,0,31.25941,43.03376
2025-05-28 20:37:20,0,0,31.25353,46.88109
2025-05-28 20:37:20,0,0,31.25353,46.88109
2025-05-28 20:37:20,0,0,31.25647,46.45069
2025-05-28 20:37:20,0,0,31.25647,46.45069
2025-05-28 20:37:20,0,0,31.2653,50.48972
2025-05-28 20:37:20,0,0,31.2653,50.48972
2025-05-28 20:37:20,0,0,31.2653,49.07099
2025-05-28 20:37:20,0,0,31.2653,49.07099
2025-05-28 20:37:21,0,0,31.2653,46.74699
2025-05-28 20:37:21,0,0,31.2653,46.74699
2025-05-28 20:37:21,0,0,31.25353,46.17988
2025-05-28 20:37:21,0,0,31.25353,46.17988
2025-05-28 20:37:21,0,0,31.25647,50.41443
2025-05-28 20:37:21,0,0,31.25647,50.41443
2025-05-28 20:37:21,0,0,31.26824,46.515
2025-05-28 20:37:21,0,0,31.26824,46.515
2025-05-28 20:37:21,0,0,31.27706,46.86152
2025-05-28 20:37:21,0,0,31.27706,46.86152
2025-05-28 20:37:22,0,0,31.28,49.51028
2025-05-28 20:37:22,0,0,31.28,49.51028
2025-05-28 20:37:22,0,0,31.26824,43.82919
2025-05-28 20:37:22,0,0,31.26824,43.82919
2025-05-28 20:37:22,0,0,31.27412,46.75325
2025-05-28 20:37:22,0,0,31.27412,46.75325
2025-05-28 20:37:22,0,0,31.2653,45.83532
2025-05-28 20:37:22,0,0,31.2653,45.83532
2025-05-28 20:37:22,0,0,31.26235,42.53372
2025-05-28 20:37:22,0,0,31.26235,42.53372
2025-05-28 20:37:23,0,0,31.26824,47.45763
2025-05-28 20:37:23,0,0,31.26824,47.45763
2025-05-28 20:37:23,0,0,31.25353,46.15754
2025-05-28 20:37:23,0,0,31.25353,46.15754
2025-05-28 20:37:23,0,0,31.27412,44.60857
2025-05-28 20:37:23,0,0,31.27412,44.60857
2025-05-28 20:37:23,0,0,31.26824,49.44525
2025-05-28 20:37:23,0,0,31.26824,49.44525
2025-05-28 20:37:24,0,0,31.27412,46.82193
2025-05-28 20:37:24,0,0,31.27412,46.82193
2025-05-28 20:37:24,0,0,31.27706,46.881
2025-05-28 20:37:24,0,0,31.27706,46.881
2025-05-28 20:37:24,0,0,31.27118,43.02885
2025-05-28 20:37:24,0,0,31.27118,43.02885
2025-05-28 20:37:24,0,0,31.25941,45.30651
2025-05-28 20:37:24,0,0,31.25941,45.30651
2025-05-28 20:37:24,0,0,31.26824,46.39574
2025-05-28 20:37:24,0,0,31.26824,46.39574
2025-05-28 20:37:25,0,0,31.2653,45.20277
2025-05-28 20:37:25,0,0,31.2653,45.20277
2025-05-28 20:37:25,0,0,31.25647,49.92686
2025-05-28 20:37:25,0,0,31.25647,49.92686
2025-05-28 20:37:25,0,0,31.26824,46.8504
2025-05-28 20:37:25,0,0,31.26824,46.8504
2025-05-28 20:37:25,0,0,31.24176,46.78811
2025-05-28 20:37:25,0,0,31.24176,46.78811
2025-05-28 20:37:25,0,0,31.23588,49.1963
2025-05-28 20:37:25,0,0,31.23588,49.1963
2025-05-28 20:37:26,0,0,31.24176,44.59203
2025-05-28 20:37:26,0,0,31.24176,44.59203
2025-05-28 20:37:26,0,0,31.25647,46.4925
2025-05-28 20:37:26,0,0,31.25647,46.4925
2025-05-28 20:37:26,0,0,31.24765,46.51729
2025-05-28 20:37:26,0,0,31.24765,46.51729
2025-05-28 20:37:26,0,0,31.25647,42.898
2025-05-28 20:37:26,0,0,31.25647,42.898
2025-05-28 20:37:26,0,0,31.25059,46.17284
2025-05-28 20:37:26,0,0,31.25059,46.17284
2025-05-28 20:37:27,0,0,31.24765,45.93163
2025-05-28 20:37:27,0,0,31.24765,45.93163
2025-05-28 20:37:27,0,0,31.24471,42.9059
2025-05-28 20:37:27,0,0,31.24471,42.9059
2025-05-28 20:37:27,0,0,31.25941,48.62651
2025-05-28 20:37:27,0,0,31.25941,48.62651
2025-05-28 20:37:27,0,0,31.23588,46.30613
2025-05-28 20:37:27,0,0,31.23588,46.30613
2025-05-28 20:37:27,0,0,31.24471,45.79668
2025-05-28 20:37:27,0,0,31.24471,45.79668
2025-05-28 20:37:28,0,0,31.23882,50.02435
2025-05-28 20:37:28,0,0,31.23882,50.02435
2025-05-28 20:37:28,0,0,31.25353,46.58812
2025-05-28 20:37:28,0,0,31.25353,46.58812
2025-05-28 20:37:28,0,0,31.25353,46.83301
2025-05-28 20:37:28,0,0,31.25353,46.83301
2025-05-28 20:37:28,0,0,31.25941,50.60768
2025-05-28 20:37:28,0,0,31.25941,50.60768
2025-05-28 20:37:28,0,0,31.25353,47.88054
2025-05-28 20:37:28,0,0,31.25353,47.88054
2025-05-28 20:37:29,0,0,31.26824,46.06796
2025-05-28 20:37:29,0,0,31.26824,46.06796
2025-05-28 20:37:29,0,0,31.26235,46.04561
2025-05-28 20:37:29,0,0,31.26235,46.04561
2025-05-28 20:37:29,0,0,31.27118,42.97284
2025-05-28 20:37:29,0,0,31.27118,42.97284
2025-05-28 20:37:29,0,0,31.26824,45.79439
2025-05-28 20:37:29,0,0,31.26824,45.79439
2025-05-28 20:37:29,0,0,31.28,45.77969
2025-05-28 20:37:29,0,0,31.28,45.77969
2025-05-28 20:37:30,0,0,31.27412,49.87679
2025-05-28 20:37:30,0,0,31.27412,49.87679
2025-05-28 20:37:30,0,0,31.2653,48.16602
2025-05-28 20:37:30,0,0,31.2653,48.16602
2025-05-28 20:37:30,0,0,31.27412,46.57336
2025-05-28 20:37:30,0,0,31.27412,46.57336
2025-05-28 20:37:30,0,0,31.27118,46.17248
2025-05-28 20:37:30,0,0,31.27118,46.17248
2025-05-28 20:37:30,0,0,31.25941,50.14493
2025-05-28 20:37:30,0,0,31.25941,50.14493
2025-05-28 20:37:31,0,0,31.2653,46.13139
2025-05-28 20:37:31,0,0,31.2653,46.13139
2025-05-28 20:37:31,0,0,31.26824,47.05318
2025-05-28 20:37:31,0,0,31.25647,48.16267
2025-05-28 20:37:31,0,0,31.26824,47.05318
2025-05-28 20:37:31,0,0,31.25647,48.16267
2025-05-28 20:37:31,0,0,31.25353,43.1391
2025-05-28 20:37:31,0,0,31.25353,43.1391
2025-05-28 20:37:31,0,0,31.24765,46.6731
2025-05-28 20:37:31,0,0,31.24765,46.6731
2025-05-28 20:37:32,0,0,31.25647,45.68966
2025-05-28 20:37:32,0,0,31.25647,45.68966
2025-05-28 20:37:32,0,0,31.24765,44.11334
2025-05-28 20:37:32,0,0,31.24765,44.11334
2025-05-28 20:37:32,0,0,31.2653,44.76908
2025-05-28 20:37:32,0,0,31.2653,44.76908
2025-05-28 20:37:32,0,0,31.25941,45.99421
2025-05-28 20:37:32,0,0,31.25941,45.99421
2025-05-28 20:37:32,0,0,31.25941,47.03019
2025-05-28 20:37:32,0,0,31.25941,47.03019
2025-05-28 20:37:33,0,0,31.25059,43.01279
2025-05-28 20:37:33,0,0,31.25059,43.01279
2025-05-28 20:37:33,0,0,31.28,47.14286
2025-05-28 20:37:33,0,0,31.28,47.14286
2025-05-28 20:37:33,0,0,31.25059,45.78947
2025-05-28 20:37:33,0,0,31.25059,45.78947
2025-05-28 20:37:33,0,0,31.25353,51.02439
2025-05-28 20:37:33,0,0,31.25353,51.02439
2025-05-28 20:37:33,0,0,31.25353,44.80796
2025-05-28 20:37:33,0,0,31.25353,44.80796
2025-05-28 20:37:34,0,0,31.24765,46.23188
2025-05-28 20:37:34,0,0,31.24765,46.23188
2025-05-28 20:37:34,0,0,31.24471,47.03019
2025-05-28 20:37:34,0,0,31.24471,47.03019
2025-05-28 20:37:34,0,0,31.23882,43.36199
2025-05-28 20:37:34,0,0,31.23882,43.36199
2025-05-28 20:37:34,0,0,31.23882,46.66342
2025-05-28 20:37:34,0,0,31.23882,46.66342
2025-05-28 20:37:34,0,0,31.25059,47.08134
2025-05-28 20:37:34,0,0,31.25059,47.08134
2025-05-28 20:37:35,0,0,31.25059,50.75573
2025-05-28 20:37:35,0,0,31.25059,50.75573
2025-05-28 20:37:35,0,0,31.25059,46.03865
2025-05-28 20:37:35,0,0,31.25059,46.03865
2025-05-28 20:37:35,0,0,31.25941,46.8555
2025-05-28 20:37:35,0,0,31.25941,46.8555
2025-05-28 20:37:35,0,0,31.25353,48.83606
2025-05-28 20:37:35,0,0,31.25353,48.83606
2025-05-28 20:37:35,0,0,31.24765,44.02071
2025-05-28 20:37:35,0,0,31.24765,44.02071
2025-05-28 20:37:36,0,0,31.24765,46.45099
2025-05-28 20:37:36,0,0,31.24765,46.45099
2025-05-28 20:37:36,0,0,31.25647,45.70201
2025-05-28 20:37:36,0,0,31.25647,45.70201
2025-05-28 20:37:36,0,0,31.25353,50.46775
2025-05-28 20:37:36,0,0,31.25353,50.46775
2025-05-28 20:37:36,0,0,31.25059,46.70861
2025-05-28 20:37:36,0,0,31.25059,46.70861
2025-05-28 20:37:36,0,0,31.25059,46.79119
2025-05-28 20:37:36,0,0,31.25059,46.79119
2025-05-28 20:37:37,0,0,31.25353,48.19512
2025-05-28 20:37:37,0,0,31.25353,48.19512
2025-05-28 20:37:37,0,0,31.25059,43.93797
2025-05-28 20:37:37,0,0,31.25059,43.93797
2025-05-28 20:37:37,0,0,31.24765,46.76259
2025-05-28 20:37:37,0,0,31.24765,46.76259
2025-05-28 20:37:37,0,0,31.24765,46.75637
2025-05-28 20:37:37,0,0,31.24765,46.75637
2025-05-28 20:37:37,0,0,31.25353,50.53606
2025-05-28 20:37:37,0,0,31.25353,50.53606
2025-05-28 20:37:38,0,0,31.24765,46.72171
2025-05-28 20:37:38,0,0,31.24765,46.72171
2025-05-28 20:37:38,0,0,31.23882,47.07854
2025-05-28 20:37:38,0,0,31.23882,47.07854
2025-05-28 20:37:38,0,0,31.23882,48.99657
2025-05-28 20:37:38,0,0,31.23882,48.99657
2025-05-28 20:37:38,0,0,31.24471,44.08298
2025-05-28 20:37:38,0,0,31.24471,44.08298
2025-05-28 20:37:38,0,0,31.24765,46.55172
2025-05-28 20:37:38,0,0,31.24765,46.55172
2025-05-28 20:37:39,0,0,31.25059,46.01432
2025-05-28 20:37:39,0,0,31.25059,46.01432
2025-05-28 20:37:39,0,0,31.25059,42.82297
2025-05-28 20:37:39,0,0,31.25059,42.82297
2025-05-28 20:37:39,0,0,31.25941,46.38174
2025-05-28 20:37:39,0,0,31.25941,46.38174
2025-05-28 20:37:39,0,0,31.25059,45.78544
2025-05-28 20:37:39,0,0,31.25059,45.78544
2025-05-28 20:37:39,0,0,31.26235,49.26758
2025-05-28 20:37:39,0,0,31.26235,49.26758
2025-05-28 20:37:40,0,0,31.26824,48.25919
2025-05-28 20:37:40,0,0,31.26824,48.25919
2025-05-28 20:37:40,0,0,31.25941,46.52744
2025-05-28 20:37:40,0,0,31.25941,46.52744
2025-05-28 20:37:40,0,0,31.25647,46.66991
2025-05-28 20:37:40,0,0,31.25647,46.66991
2025-05-28 20:37:40,0,0,31.25941,42.73463
2025-05-28 20:37:40,0,0,31.25941,42.73463
2025-05-28 20:37:40,0,0,31.27412,46.95996
2025-05-28 20:37:40,0,0,31.27412,46.95996
2025-05-28 20:37:41,0,0,31.26235,46.2494
2025-05-28 20:37:41,0,0,31.26235,46.2494
2025-05-28 20:37:41,0,0,31.25353,42.53201
2025-05-28 20:37:41,0,0,31.25353,42.53201
2025-05-28 20:37:41,0,0,31.24471,47.03307
2025-05-28 20:37:41,0,0,31.24471,47.03307
2025-05-28 20:37:41,0,0,31.24471,46.21322
2025-05-28 20:37:41,0,0,31.24471,46.21322
2025-05-28 20:37:41,0,0,31.25353,45.25692
2025-05-28 20:37:41,0,0,31.25353,45.25692
2025-05-28 20:37:42,0,0,31.26235,50.02426
2025-05-28 20:37:42,0,0,31.26235,50.02426
2025-05-28 20:37:42,0,0,31.25941,47.0819
2025-05-28 20:37:42,0,0,31.25941,47.0819
2025-05-28 20:37:42,0,0,31.27118,46.92418
2025-05-28 20:37:42,0,0,31.27118,46.92418
2025-05-28 20:37:42,0,0,31.25353,50.41282
2025-05-28 20:37:42,0,0,31.25353,50.41282
2025-05-28 20:37:42,0,0,31.25059,44.04145
2025-05-28 20:37:42,0,0,31.25059,44.04145
2025-05-28 20:37:43,0,0,31.25941,46.43723
2025-05-28 20:37:43,0,0,31.25941,46.43723
2025-05-28 20:37:43,0,0,31.25941,46.15385
2025-05-28 20:37:43,0,0,31.25941,46.15385
2025-05-28 20:37:43,0,0,31.25059,43.1316
2025-05-28 20:37:43,0,0,31.25059,43.1316
2025-05-28 20:37:43,0,0,31.25353,46.2963
2025-05-28 20:37:43,0,0,31.25353,46.2963
2025-05-28 20:37:43,0,0,31.25353,46.02109
2025-05-28 20:37:43,0,0,31.25353,46.02109
2025-05-28 20:37:44,0,0,31.25647,49.55577
2025-05-28 20:37:44,0,0,31.25647,49.55577
2025-05-28 20:37:44,0,0,31.25059,48.22115
2025-05-28 20:37:44,0,0,31.25059,48.22115
2025-05-28 20:37:44,0,0,31.24176,46.41125
2025-05-28 20:37:44,0,0,31.24176,46.41125
2025-05-28 20:37:44,0,0,31.25647,45.26994
2025-05-28 20:37:44,0,0,31.25647,45.26994
2025-05-28 20:37:44,0,0,31.23882,43.06084
2025-05-28 20:37:44,0,0,31.23882,43.06084
2025-05-28 20:37:45,0,0,31.25941,47.07317
2025-05-28 20:37:45,0,0,31.25941,47.07317
2025-05-28 20:37:45,0,0,31.24765,47.12644
2025-05-28 20:37:45,0,0,31.24765,47.12644
2025-05-28 20:37:45,0,0,31.24765,50.55907
2025-05-28 20:37:45,0,0,31.24765,50.55907
2025-05-28 20:37:45,0,0,31.24765,44.77826
2025-05-28 20:37:45,0,0,31.24765,44.77826
2025-05-28 20:37:45,0,0,31.24765,46.57005
2025-05-28 20:37:45,0,0,31.24765,46.57005
2025-05-28 20:37:46,0,0,31.25941,44.98032
2025-05-28 20:37:46,0,0,31.25941,44.98032
2025-05-28 20:37:46,0,0,31.26235,49.73443
2025-05-28 20:37:46,0,0,31.26235,49.73443
2025-05-28 20:37:46,0,0,31.25941,46.93676
2025-05-28 20:37:46,0,0,31.25941,46.93676
2025-05-28 20:37:46,0,0,31.26824,46.96318
2025-05-28 20:37:46,0,0,31.26824,46.96318
2025-05-28 20:37:46,0,0,31.26824,49.92651
2025-05-28 20:37:46,0,0,31.26824,49.92651
2025-05-28 20:37:47,0,0,31.2653,47.98837
2025-05-28 20:37:47,0,0,31.2653,47.98837
2025-05-28 20:37:47,0,0,31.27706,46.2585
2025-05-28 20:37:47,0,0,31.27706,46.2585
2025-05-28 20:37:47,0,0,31.27118,46.58265
2025-05-28 20:37:47,0,0,31.27118,46.58265
2025-05-28 20:37:47,0,0,31.28,50.39722
2025-05-28 20:37:47,0,0,31.28,50.39722
2025-05-28 20:37:47,0,0,31.28,46.34503
2025-05-28 20:37:47,0,0,31.28,46.34503
2025-05-28 20:37:48,0,0,31.28,46.62813
2025-05-28 20:37:48,0,0,31.28,46.62813
2025-05-28 20:37:48,0,0,31.28294,47.25433
2025-05-28 20:37:48,0,0,31.28294,47.25433
2025-05-28 20:37:48,0,0,31.27118,49.95141
2025-05-28 20:37:48,0,0,31.27118,49.95141
2025-05-28 20:37:48,0,0,31.28,45.82924
2025-05-28 20:37:48,0,0,31.28,45.82924
2025-05-28 20:37:48,0,0,31.28,46.90648
2025-05-28 20:37:48,0,0,31.28,46.90648
2025-05-28 20:37:49,0,0,31.28588,42.80888
2025-05-28 20:37:49,0,0,31.28588,42.80888
2025-05-28 20:37:49,0,0,31.28588,44.955
2025-05-28 20:37:49,0,0,31.28588,44.955
2025-05-28 20:37:49,0,0,31.29177,46.60895
2025-05-28 20:37:49,0,0,31.29177,46.60895
2025-05-28 20:37:49,0,0,31.30059,45.70868
2025-05-28 20:37:49,0,0,31.29765,43.25736
2025-05-28 20:37:49,0,0,31.30059,45.70868
2025-05-28 20:37:49,0,0,31.29765,43.25736
2025-05-28 20:37:50,0,0,31.30059,47.04446
2025-05-28 20:37:50,0,0,31.30059,47.04446
2025-05-28 20:37:50,0,0,31.30059,46.15752
2025-05-28 20:37:50,0,0,31.30059,46.15752
2025-05-28 20:37:50,0,0,31.29177,49.70703
2025-05-28 20:37:50,0,0,31.29177,49.70703
2025-05-28 20:37:50,0,0,31.29471,49.30655
2025-05-28 20:37:50,0,0,31.29471,49.30655
2025-05-28 20:37:50,0,0,31.28882,46.53513
2025-05-28 20:37:50,0,0,31.28882,46.53513
2025-05-28 20:37:51,0,0,31.30353,46.97987
2025-05-28 20:37:51,0,0,31.30353,46.97987
2025-05-28 20:37:51,0,0,31.29177,43.08281
2025-05-28 20:37:51,0,0,31.29177,43.08281
2025-05-28 20:37:51,0,0,31.28294,45.61069
2025-05-28 20:37:51,0,0,31.28294,45.61069
2025-05-28 20:37:51,0,0,31.28882,46.48494
2025-05-28 20:37:51,0,0,31.28882,46.48494
2025-05-28 20:37:51,0,0,31.27706,49.04552
2025-05-28 20:37:51,0,0,31.27706,49.04552
2025-05-28 20:37:52,0,0,31.27118,49.56689
2025-05-28 20:37:52,0,0,31.27118,49.56689
2025-05-28 20:37:52,0,0,31.2653,46.39923
2025-05-28 20:37:52,0,0,31.2653,46.39923
2025-05-28 20:37:52,0,0,31.28,46.81754
2025-05-28 20:37:52,0,0,31.28,46.81754
2025-05-28 20:37:52,0,0,31.27706,49.92708
2025-05-28 20:37:52,0,0,31.27706,49.92708
2025-05-28 20:37:52,0,0,31.27118,47.44701
2025-05-28 20:37:52,0,0,31.27118,47.44701
2025-05-28 20:37:53,0,0,31.25941,46.80442
2025-05-28 20:37:53,0,0,31.25941,46.80442
2025-05-28 20:37:53,0,0,31.27412,45.3831
2025-05-28 20:37:53,0,0,31.27412,45.3831
2025-05-28 20:37:53,0,0,31.26235,44.41782
2025-05-28 20:37:53,0,0,31.26235,44.41782
2025-05-28 20:37:53,0,0,31.28294,46.60241
2025-05-28 20:37:53,0,0,31.28294,46.60241
2025-05-28 20:37:53,0,0,31.28882,47.1537
2025-05-28 20:37:53,0,0,31.28882,47.1537
2025-05-28 20:37:54,0,0,31.26824,43.2407
2025-05-28 20:37:54,0,0,31.26824,43.2407
2025-05-28 20:37:54,0,0,31.27118,44.70863
2025-05-28 20:37:54,0,0,31.27118,44.70863
2025-05-28 20:37:54,0,0,31.29177,46.75637
2025-05-28 20:37:54,0,0,31.29177,46.75637
2025-05-28 20:37:54,0,0,31.28588,45.95623
2025-05-28 20:37:54,0,0,31.28588,45.95623
2025-05-28 20:37:54,0,0,31.28294,42.85714
2025-05-28 20:37:54,0,0,31.28294,42.85714
2025-05-28 20:37:55,0,0,31.28294,46.46365
2025-05-28 20:37:55,0,0,31.28294,46.46365
2025-05-28 20:37:55,0,0,31.28,46.79732
2025-05-28 20:37:55,0,0,31.28,46.79732
2025-05-28 20:37:55,0,0,31.29177,45.20751
2025-05-28 20:37:55,0,0,31.29177,45.20751
2025-05-28 20:37:55,0,0,31.29177,50.41162
2025-05-28 20:37:55,0,0,31.29177,50.41162
2025-05-28 20:37:55,0,0,31.29471,47.11585
2025-05-28 20:37:55,0,0,31.29471,47.11585
2025-05-28 20:37:56,0,0,31.28588,47.25119
2025-05-28 20:37:56,0,0,31.28588,47.25119
2025-05-28 20:37:56,0,0,31.28882,48.88241
2025-05-28 20:37:56,0,0,31.28882,48.88241
2025-05-28 20:37:56,0,0,31.28882,49.52107
2025-05-28 20:37:56,0,0,31.28882,49.52107
2025-05-28 20:37:56,0,0,31.28588,47.15329
2025-05-28 20:37:56,0,0,31.28588,47.15329
2025-05-28 20:37:56,0,0,31.28588,47.47998
2025-05-28 20:37:56,0,0,31.28588,47.47998
2025-05-28 20:37:57,0,0,31.30059,50.60299
2025-05-28 20:37:57,0,0,31.30059,50.60299
2025-05-28 20:37:57,0,0,31.29765,44.68985
2025-05-28 20:37:57,0,0,31.29765,44.68985
2025-05-28 20:37:57,0,0,31.28,46.56415
2025-05-28 20:37:57,0,0,31.28,46.56415
2025-05-28 20:37:57,0,0,31.28294,46.11374
2025-05-28 20:37:57,0,0,31.28294,46.11374
2025-05-28 20:37:57,0,0,31.28882,43.62769
2025-05-28 20:37:57,0,0,31.28882,43.62769
2025-05-28 20:37:58,0,0,31.28,46.76399
2025-05-28 20:37:58,0,0,31.28,46.76399
2025-05-28 20:37:58,0,0,31.28,46.81055
2025-05-28 20:37:58,0,0,31.28,46.81055
2025-05-28 20:37:58,0,0,31.28,45.99709
2025-05-28 20:37:58,0,0,31.28,45.99709
2025-05-28 20:37:58,0,0,31.29471,50.55475
2025-05-28 20:37:58,0,0,31.29471,50.55475
2025-05-28 20:37:58,0,0,31.29765,45.99609
2025-05-28 20:37:58,0,0,31.29765,45.99609
2025-05-28 20:37:59,0,0,31.29177,47.15909
2025-05-28 20:37:59,0,0,31.29177,47.15909
2025-05-28 20:37:59,0,0,31.28882,44.00387
2025-05-28 20:37:59,0,0,31.28882,44.00387
2025-05-28 20:37:59,0,0,31.29471,43.84328
2025-05-28 20:37:59,0,0,31.29471,43.84328
2025-05-28 20:37:59,0,0,31.28,46.9035
2025-05-28 20:37:59,0,0,31.28,46.9035
2025-05-28 20:37:59,0,0,31.29471,46.31829
2025-05-28 20:37:59,0,0,31.29471,46.31829
2025-05-28 20:38:00,0,0,31.29177,50.41282
2025-05-28 20:38:00,0,0,31.29177,50.41282
2025-05-28 20:38:00,0,0,31.30059,46.40777
2025-05-28 20:38:00,0,0,31.30059,46.40777
2025-05-28 20:38:00,0,0,31.29765,47.07003
2025-05-28 20:38:00,0,0,31.29765,47.07003
2025-05-28 20:38:00,0,0,31.30059,43.83164
2025-05-28 20:38:00,0,0,31.30059,43.83164
2025-05-28 20:38:00,0,0,31.30353,44.48598
2025-05-28 20:38:00,0,0,31.30353,44.48598
2025-05-28 20:38:01,0,0,31.30941,46.92603
2025-05-28 20:38:01,0,0,31.30941,46.92603
2025-05-28 20:38:01,0,0,31.30353,46.19772
2025-05-28 20:38:01,0,0,31.30353,46.19772
2025-05-28 20:38:01,0,0,31.30647,50.53295
2025-05-28 20:38:01,0,0,31.30647,50.53295
2025-05-28 20:38:01,0,0,31.31824,46.23288
2025-05-28 20:38:01,0,0,31.31824,46.23288
2025-05-28 20:38:01,0,0,31.30353,47.1734
2025-05-28 20:38:01,0,0,31.30353,47.1734
2025-05-28 20:38:02,0,0,31.30647,43.64852
2025-05-28 20:38:02,0,0,31.30647,43.64852
2025-05-28 20:38:02,0,0,31.31529,44.28235
2025-05-28 20:38:02,0,0,31.31529,44.28235
2025-05-28 20:38:02,0,0,31.31824,46.6954
2025-05-28 20:38:02,0,0,31.31824,46.6954
2025-05-28 20:38:02,0,0,31.31824,46.08076
2025-05-28 20:38:02,0,0,31.31824,46.08076
2025-05-28 20:38:02,0,0,31.31235,48.15507
2025-05-28 20:38:02,0,0,31.31235,48.15507
2025-05-28 20:38:03,0,0,31.31529,47.14495
2025-05-28 20:38:03,0,0,31.31529,47.14495
2025-05-28 20:38:03,0,0,31.31824,46.23809
2025-05-28 20:38:03,0,0,31.31824,46.23809
2025-05-28 20:38:03,0,0,31.31824,49.48855
2025-05-28 20:38:03,0,0,31.31824,49.48855
2025-05-28 20:38:03,0,0,31.32412,49.01678
2025-05-28 20:38:03,0,0,31.32412,49.01678
2025-05-28 20:38:03,0,0,31.33588,46.63764
2025-05-28 20:38:03,0,0,31.33588,46.63764
2025-05-28 20:38:04,0,0,31.34765,46.49928
2025-05-28 20:38:04,0,0,31.34765,46.49928
2025-05-28 20:38:04,0,0,31.33882,43.8181
2025-05-28 20:38:04,0,0,31.33882,43.8181
2025-05-28 20:38:04,0,0,31.33294,46.25423
2025-05-28 20:38:04,0,0,31.33294,46.25423
2025-05-28 20:38:04,0,0,31.33,45.99716
2025-05-28 20:38:04,0,0,31.33,45.99716
2025-05-28 20:38:04,0,0,31.34471,50.26686
2025-05-28 20:38:04,0,0,31.34471,50.26686
2025-05-28 20:38:05,0,0,31.33,45.12482
2025-05-28 20:38:05,0,0,31.33,45.12482
2025-05-28 20:38:05,0,0,31.34176,46.58654
2025-05-28 20:38:05,0,0,31.34176,46.58654
2025-05-28 20:38:05,0,0,31.33882,45.50342
2025-05-28 20:38:05,0,0,31.33882,45.50342
2025-05-28 20:38:05,0,0,31.33588,49.92813
2025-05-28 20:38:05,0,0,31.33588,49.92813
2025-05-28 20:38:05,0,0,31.34765,47.16157
2025-05-28 20:38:05,0,0,31.34765,47.16157
2025-05-28 20:38:06,0,0,31.32118,47.08116
2025-05-28 20:38:06,0,0,31.32118,47.08116
2025-05-28 20:38:06,0,0,31.34765,50.38722
2025-05-28 20:38:06,0,0,31.34765,50.38722
2025-05-28 20:38:06,0,0,31.35353,45.63061
2025-05-28 20:38:06,0,0,31.35353,45.63061
2025-05-28 20:38:06,0,0,31.34765,46.9378
2025-05-28 20:38:06,0,0,31.34765,46.9378
2025-05-28 20:38:06,0,0,31.33882,45.04331
2025-05-28 20:38:06,0,0,31.33882,45.04331
2025-05-28 20:38:07,0,0,31.35353,49.69033
2025-05-28 20:38:07,0,0,31.35353,49.69033
2025-05-28 20:38:07,0,0,31.33,47.08152
2025-05-28 20:38:07,0,0,31.33,47.08152
2025-05-28 20:38:07,0,0,31.33,47.29345
2025-05-28 20:38:07,0,0,31.33,47.29345
2025-05-28 20:38:07,0,0,31.34471,50.43945
2025-05-28 20:38:07,0,0,31.34471,50.43945
2025-05-28 20:38:07,0,0,31.33588,46.06581
2025-05-28 20:38:07,0,0,31.33588,46.06581
2025-05-28 20:38:08,0,0,31.34176,47.08691
2025-05-28 20:38:08,0,0,31.34176,47.08691
2025-05-28 20:38:08,0,0,31.34471,49.29782
2025-05-28 20:38:08,0,0,31.34471,49.29782
2025-05-28 20:38:08,0,0,31.34176,43.77622
2025-05-28 20:38:08,0,0,31.34176,43.77622
2025-05-28 20:38:08,0,0,31.35059,46.86753
2025-05-28 20:38:08,0,0,31.35059,46.86753
2025-05-28 20:38:08,0,0,31.33882,46.4201
2025-05-28 20:38:08,0,0,31.33882,46.4201
2025-05-28 20:38:09,0,0,31.33882,43.14191
2025-05-28 20:38:09,0,0,31.34471,46.41125
2025-05-28 20:38:09,0,0,31.33882,43.14191
2025-05-28 20:38:09,0,0,31.34471,46.41125
2025-05-28 20:38:09,0,0,31.34176,47.41093
2025-05-28 20:38:09,0,0,31.34176,47.41093
2025-05-28 20:38:09,0,0,31.34765,43.90361
2025-05-28 20:38:09,0,0,31.34765,43.90361
2025-05-28 20:38:09,0,0,31.33294,44.39756
2025-05-28 20:38:09,0,0,31.33294,44.39756
2025-05-28 20:38:10,0,0,31.35353,46.77885
2025-05-28 20:38:10,0,0,31.35353,46.77885
2025-05-28 20:38:10,0,0,31.33588,46.86152
2025-05-28 20:38:10,0,0,31.33588,46.86152
2025-05-28 20:38:10,0,0,31.33882,50.65186
2025-05-28 20:38:10,0,0,31.33882,50.65186
2025-05-28 20:38:10,0,0,31.33882,46.70543
2025-05-28 20:38:10,0,0,31.33882,46.70543
2025-05-28 20:38:10,0,0,31.35353,47.98877
2025-05-28 20:38:10,0,0,31.35353,47.98877
2025-05-28 20:38:11,0,0,31.34176,50
2025-05-28 20:38:11,0,0,31.34176,50
2025-05-28 20:38:11,0,0,31.34471,49.12529
2025-05-28 20:38:11,0,0,31.34471,49.12529
2025-05-28 20:38:11,0,0,31.34471,47.61003
2025-05-28 20:38:11,0,0,31.34471,47.61003
2025-05-28 20:38:11,0,0,31.34471,46.79426
2025-05-28 20:38:11,0,0,31.34471,46.79426
2025-05-28 20:38:11,0,0,31.35941,43.61296
2025-05-28 20:38:11,0,0,31.35941,43.61296
2025-05-28 20:38:12,0,0,31.34471,46.64737
2025-05-28 20:38:12,0,0,31.34471,46.64737
2025-05-28 20:38:12,0,0,31.35941,47.48815
2025-05-28 20:38:12,0,0,31.35941,47.48815
2025-05-28 20:38:12,0,0,31.35647,43.36538
2025-05-28 20:38:12,0,0,31.35647,44.66572
2025-05-28 20:38:12,0,0,31.35647,43.36538
2025-05-28 20:38:12,0,0,31.35647,44.66572
2025-05-28 20:38:12,0,0,31.34765,46.6795
2025-05-28 20:38:12,0,0,31.34765,46.6795
2025-05-28 20:38:13,0,0,31.34471,47.79448
2025-05-28 20:38:13,0,0,31.34471,47.79448
2025-05-28 20:38:13,0,0,31.35353,43.21395
2025-05-28 20:38:13,0,0,31.35353,43.21395
2025-05-28 20:38:13,0,0,31.35059,47.80702
2025-05-28 20:38:13,0,0,31.35059,47.80702
2025-05-28 20:38:13,0,0,31.33294,46.16109
2025-05-28 20:38:13,0,0,31.33294,46.16109
2025-05-28 20:38:13,0,0,31.32412,49.75705
2025-05-28 20:38:13,0,0,31.32412,49.75705
2025-05-28 20:38:14,0,0,31.34471,48.73145
2025-05-28 20:38:14,0,0,31.34471,48.73145
2025-05-28 20:38:14,0,0,31.34765,46.64751
2025-05-28 20:38:14,0,0,31.34765,46.64751
2025-05-28 20:38:14,0,0,31.35059,46.96898
2025-05-28 20:38:14,0,0,31.35059,46.96898
2025-05-28 20:38:14,0,0,31.33294,42.73463
2025-05-28 20:38:14,0,0,31.33294,42.73463
2025-05-28 20:38:14,0,0,31.33882,45.0565
2025-05-28 20:38:14,0,0,31.33882,45.0565
2025-05-28 20:38:15,0,0,31.33588,46.68602
2025-05-28 20:38:15,0,0,31.33588,46.68602
2025-05-28 20:38:15,0,0,31.35059,46.78589
2025-05-28 20:38:15,0,0,31.35059,46.78589
2025-05-28 20:38:15,0,0,31.34471,43.34764
2025-05-28 20:38:15,0,0,31.34471,43.34764
2025-05-28 20:38:15,0,0,31.35647,46.72211
2025-05-28 20:38:15,0,0,31.35647,46.72211
2025-05-28 20:38:15,0,0,31.35353,46.71115
2025-05-28 20:38:15,0,0,31.35353,46.71115
2025-05-28 20:38:16,0,0,31.36235,46.76259
2025-05-28 20:38:16,0,0,31.36235,46.76259
2025-05-28 20:38:16,0,0,31.35353,51.45446
2025-05-28 20:38:16,0,0,31.35353,51.45446
2025-05-28 20:38:16,0,0,31.34765,47.67327
2025-05-28 20:38:16,0,0,31.34765,47.67327
2025-05-28 20:38:16,0,0,31.34471,46.793
2025-05-28 20:38:16,0,0,31.34471,46.793
2025-05-28 20:38:16,0,0,31.33588,42.37975
2025-05-28 20:38:16,0,0,31.33588,42.37975
2025-05-28 20:38:17,0,0,31.35059,48.69522
2025-05-28 20:38:17,0,0,31.35059,48.69522
2025-05-28 20:38:17,0,0,31.33,45.68835
2025-05-28 20:38:17,0,0,31.33,45.68835
2025-05-28 20:38:17,0,0,31.34176,46.89922
2025-05-28 20:38:17,0,0,31.34176,46.89922
2025-05-28 20:38:17,0,0,31.34765,49.60199
2025-05-28 20:38:17,0,0,31.34765,49.60199
2025-05-28 20:38:17,0,0,31.33588,44.30077
2025-05-28 20:38:17,0,0,31.33588,44.30077
2025-05-28 20:38:18,0,0,31.33588,46.05133
2025-05-28 20:38:18,0,0,31.33588,46.05133
2025-05-28 20:38:18,0,0,31.32412,46.19165
2025-05-28 20:38:18,0,0,31.32412,46.19165
2025-05-28 20:38:18,0,0,31.33294,50.39254
2025-05-28 20:38:18,0,0,31.33294,50.39254
2025-05-28 20:38:18,0,0,31.32412,45.97416
2025-05-28 20:38:18,0,0,31.32412,45.97416
2025-05-28 20:38:19,0,0,31.32118,46.39529
2025-05-28 20:38:19,0,0,31.32118,46.39529
2025-05-28 20:38:19,0,0,31.33588,50.34619
2025-05-28 20:38:19,0,0,31.33588,50.34619
2025-05-28 20:38:19,0,0,31.33588,45.61576
2025-05-28 20:38:19,0,0,31.33588,45.61576
2025-05-28 20:38:19,0,0,31.32412,46.19165
2025-05-28 20:38:19,0,0,31.32412,46.19165
2025-05-28 20:38:19,0,0,31.31529,48.82533
2025-05-28 20:38:19,0,0,31.31529,48.82533
2025-05-28 20:38:20,0,0,31.31824,49.01575
2025-05-28 20:38:20,0,0,31.31824,49.01575
2025-05-28 20:38:20,0,0,31.31824,46.82659
2025-05-28 20:38:20,0,0,31.31824,46.82659
2025-05-28 20:38:20,0,0,31.31824,45.47225
2025-05-28 20:38:20,0,0,31.31824,45.47225
2025-05-28 20:38:20,0,0,31.31824,42.11295
2025-05-28 20:38:20,0,0,31.31824,42.11295
2025-05-28 20:38:20,0,0,31.30941,46.1997
2025-05-28 20:38:20,0,0,31.30941,46.1997
2025-05-28 20:38:21,0,0,31.31824,45.92338
2025-05-28 20:38:21,0,0,31.31824,45.92338
2025-05-28 20:38:21,0,0,31.31824,49.52476
2025-05-28 20:38:21,0,0,31.31824,49.52476
2025-05-28 20:38:21,0,0,31.32412,47.86325
2025-05-28 20:38:21,0,0,31.32412,47.86325
2025-05-28 20:38:21,0,0,31.31235,43.85417
2025-05-28 20:38:21,0,0,31.31235,43.85417
2025-05-28 20:38:21,0,0,31.30647,43.93709
2025-05-28 20:38:21,0,0,31.30647,43.93709
2025-05-28 20:38:22,0,0,31.30353,49.04041
2025-05-28 20:38:22,0,0,31.30353,49.04041
2025-05-28 20:38:22,0,0,31.31529,44.67651
2025-05-28 20:38:22,0,0,31.31529,44.67651
2025-05-28 20:38:22,0,0,31.30059,45.97531
2025-05-28 20:38:22,0,0,31.30059,45.97531
2025-05-28 20:38:22,0,0,31.29177,44.39178
2025-05-28 20:38:22,0,0,31.29177,44.39178
2025-05-28 20:38:22,0,0,31.29471,47.32901
2025-05-28 20:38:22,0,0,31.29471,47.32901
2025-05-28 20:38:23,0,0,31.30647,45.09606
2025-05-28 20:38:23,0,0,31.30647,45.09606
2025-05-28 20:38:23,0,0,31.30647,44.80847
2025-05-28 20:38:23,0,0,31.30647,44.80847
2025-05-28 20:38:23,0,0,31.30059,41.80651
2025-05-28 20:38:23,0,0,31.30059,41.80651
2025-05-28 20:38:23,0,0,31.28882,45.46828
2025-05-28 20:38:23,0,0,31.28882,45.46828
2025-05-28 20:38:23,0,0,31.29177,46.26719
2025-05-28 20:38:23,0,0,31.29177,46.26719
2025-05-28 20:38:24,0,0,31.28882,42.73374
2025-05-28 20:38:24,0,0,31.28882,42.73374
2025-05-28 20:38:24,0,0,31.28588,42.71797
2025-05-28 20:38:24,0,0,31.28588,42.71797
2025-05-28 20:38:24,0,0,31.28588,45.63352
2025-05-28 20:38:24,0,0,31.28588,45.63352
2025-05-28 20:38:24,0,0,31.28588,44.75248
2025-05-28 20:38:24,0,0,31.28588,44.75248
2025-05-28 20:38:24,0,0,31.29765,48.99092
2025-05-28 20:38:24,0,0,31.29765,48.99092
2025-05-28 20:38:25,0,0,31.28,45.07402
2025-05-28 20:38:25,0,0,31.28,45.07402
2025-05-28 20:38:25,0,0,31.27412,45.70858
2025-05-28 20:38:25,0,0,31.27412,45.70858
2025-05-28 20:38:25,0,0,31.28,47.05882
2025-05-28 20:38:25,0,0,31.28,47.05882
2025-05-28 20:38:25,0,0,31.27118,41.78381
2025-05-28 20:38:25,0,0,31.27118,41.78381
2025-05-28 20:38:25,0,0,31.27118,45.33601
2025-05-28 20:38:25,0,0,31.27118,45.33601
2025-05-28 20:38:26,0,0,31.26235,44.70182
2025-05-28 20:38:26,0,0,31.26235,44.70182
2025-05-28 20:38:26,0,0,31.25059,41.78744
2025-05-28 20:38:26,0,0,31.25059,41.78744
2025-05-28 20:38:26,0,0,31.25353,46.11529
2025-05-28 20:38:26,0,0,31.25353,46.11529
2025-05-28 20:38:26,0,0,31.2653,45.42744
2025-05-28 20:38:26,0,0,31.2653,45.42744
2025-05-28 20:38:26,0,0,31.26235,44.11464
2025-05-28 20:38:26,0,0,31.26235,44.11464
2025-05-28 20:38:27,0,0,31.24176,49.20713
2025-05-28 20:38:27,0,0,31.24176,49.20713
2025-05-28 20:38:27,0,0,31.24471,46.03015
2025-05-28 20:38:27,0,0,31.24471,46.03015
2025-05-28 20:38:27,0,0,31.23882,46.08181
2025-05-28 20:38:27,0,0,31.23882,46.08181
2025-05-28 20:38:27,0,0,31.24471,50.07549
2025-05-28 20:38:27,0,0,31.24471,50.07549
2025-05-28 20:38:27,0,0,31.25353,43.37057
2025-05-28 20:38:27,0,0,31.25353,43.37057
2025-05-28 20:38:28,0,0,31.23882,45.30938
2025-05-28 20:38:28,0,0,31.23882,45.30938
2025-05-28 20:38:28,0,0,31.23,45.19326
2025-05-28 20:38:28,0,0,31.23,45.19326
2025-05-28 20:38:28,0,0,31.22118,42.18827
2025-05-28 20:38:28,0,0,31.22118,42.18827
2025-05-28 20:38:28,0,0,31.23882,45.39939
2025-05-28 20:38:28,0,0,31.23882,45.39939
2025-05-28 20:38:28,0,0,31.23,45.27094
2025-05-28 20:38:28,0,0,31.23,45.27094
2025-05-28 20:38:29,0,0,31.21529,42.87849
2025-05-28 20:38:29,0,0,31.21529,42.87849
2025-05-28 20:38:29,0,0,31.21824,43.31551
2025-05-28 20:38:29,0,0,31.21824,43.31551
2025-05-28 20:38:29,0,0,31.22412,45.22388
2025-05-28 20:38:29,0,0,31.22412,45.22388
2025-05-28 20:38:29,0,0,31.22412,44.98032
2025-05-28 20:38:29,0,0,31.22412,44.98032
2025-05-28 20:38:29,0,0,31.21824,49.41831
2025-05-28 20:38:29,0,0,31.21824,49.41831
2025-05-28 20:38:30,0,0,31.22118,45.16129
2025-05-28 20:38:30,0,0,31.22118,45.16129
2025-05-28 20:38:30,0,0,31.23,45.73835
2025-05-28 20:38:30,0,0,31.23,45.73835
2025-05-28 20:38:30,0,0,31.21529,42.53347
2025-05-28 20:38:30,0,0,31.21529,42.53347
2025-05-28 20:38:30,0,0,31.22706,42.47702
2025-05-28 20:38:30,0,0,31.22706,42.47702
2025-05-28 20:38:30,0,0,31.22412,45.30938
2025-05-28 20:38:30,0,0,31.22412,45.30938
2025-05-28 20:38:31,0,0,31.21529,45.78554
2025-05-28 20:38:31,0,0,31.21529,45.78554
2025-05-28 20:38:31,0,0,31.22118,41.46707
2025-05-28 20:38:31,0,0,31.22118,41.46707
2025-05-28 20:38:31,0,0,31.21529,45.94872
2025-05-28 20:38:31,0,0,31.21529,45.94872
2025-05-28 20:38:31,0,0,31.20059,44.51068
2025-05-28 20:38:31,0,0,31.20059,44.51068
2025-05-28 20:38:31,0,0,31.20647,44.27885
2025-05-28 20:38:31,0,0,31.20647,44.27885
2025-05-28 20:38:32,0,0,31.20941,43.13726
2025-05-28 20:38:32,0,0,31.20941,43.13726
2025-05-28 20:38:32,0,0,31.19471,45.04008
2025-05-28 20:38:32,0,0,31.19471,45.04008
2025-05-28 20:38:32,0,0,31.21235,45.34942
2025-05-28 20:38:32,0,0,31.21235,45.34942
2025-05-28 20:38:32,0,0,31.18588,48.71926
2025-05-28 20:38:32,0,0,31.18588,48.71926
2025-05-28 20:38:32,0,0,31.19471,45.70838
2025-05-28 20:38:32,0,0,31.19471,45.70838
2025-05-28 20:38:33,0,0,31.19471,44.21836
2025-05-28 20:38:33,0,0,31.19471,44.21836
2025-05-28 20:38:33,0,0,31.19471,48.2706
2025-05-28 20:38:33,0,0,31.19471,48.2706
2025-05-28 20:38:33,0,0,31.18294,46.35365
2025-05-28 20:38:33,0,0,31.18294,46.35365
2025-05-28 20:38:33,0,0,31.17706,44.79114
2025-05-28 20:38:33,0,0,31.17706,44.79114
2025-05-28 20:38:33,0,0,31.16824,44.06694
2025-05-28 20:38:33,0,0,31.16824,44.06694
2025-05-28 20:38:34,0,0,31.17412,41.03072
2025-05-28 20:38:34,0,0,31.17412,41.03072
2025-05-28 20:38:34,0,0,31.17118,46.054
2025-05-28 20:38:34,0,0,31.17118,46.054
2025-05-28 20:38:34,0,0,31.17706,44.62687
2025-05-28 20:38:34,0,0,31.17706,44.62687
2025-05-28 20:38:34,0,0,31.16235,48.33419
2025-05-28 20:38:34,0,0,31.16235,48.33419
2025-05-28 20:38:34,0,0,31.16824,47.56159
2025-05-28 20:38:34,0,0,31.16824,47.56159
2025-05-28 20:38:35,0,0,31.17118,45.08321
2025-05-28 20:38:35,0,0,31.17118,45.08321
2025-05-28 20:38:35,0,0,31.17706,43.86139
2025-05-28 20:38:35,0,0,31.17706,43.86139
2025-05-28 20:38:35,0,0,31.17118,49.15773
2025-05-28 20:38:35,0,0,31.17118,49.15773
2025-05-28 20:38:35,0,0,31.16235,43.22581
2025-05-28 20:38:35,0,0,31.16235,43.22581
2025-05-28 20:38:35,0,0,31.15353,44.55145
2025-05-28 20:38:35,0,0,31.15353,44.55145
2025-05-28 20:38:36,0,0,31.15941,44.0617
2025-05-28 20:38:36,0,0,31.15941,44.0617
2025-05-28 20:38:36,0,0,31.16235,48.75698
2025-05-28 20:38:36,0,0,31.16235,48.75698
2025-05-28 20:38:36,0,0,31.16529,45.06898
2025-05-28 20:38:36,0,0,31.16529,45.06898
2025-05-28 20:38:36,0,0,31.16235,44.21158
2025-05-28 20:38:36,0,0,31.16235,44.21158
2025-05-28 20:38:36,0,0,31.16529,41.81631
2025-05-28 20:38:36,0,0,31.16529,41.81631
2025-05-28 20:38:37,0,0,31.16235,47.44233
2025-05-28 20:38:37,0,0,31.16235,47.44233
2025-05-28 20:38:37,0,0,31.15647,45.15966
2025-05-28 20:38:37,0,0,31.15647,45.15966
2025-05-28 20:38:37,0,0,31.15647,45.35464
2025-05-28 20:38:37,0,0,31.15647,45.35464
2025-05-28 20:38:37,0,0,31.15941,48.57579
2025-05-28 20:38:37,0,0,31.15941,48.57579
2025-05-28 20:38:37,0,0,31.15059,44.49588
2025-05-28 20:38:37,0,0,31.15059,44.49588
2025-05-28 20:38:38,0,0,31.15647,45.31328
2025-05-28 20:38:38,0,0,31.15647,45.31328
2025-05-28 20:38:38,0,0,31.13882,46.45464
2025-05-28 20:38:38,0,0,31.13882,46.45464
2025-05-28 20:38:38,0,0,31.13588,41.63405
2025-05-28 20:38:38,0,0,31.13588,41.63405
2025-05-28 20:38:38,0,0,31.14177,45.17433
2025-05-28 20:38:38,0,0,31.14177,45.17433
2025-05-28 20:38:38,0,0,31.14471,44.50522
2025-05-28 20:38:38,0,0,31.14471,44.50522
2025-05-28 20:38:39,0,0,31.15059,41.22549
2025-05-28 20:38:39,0,0,31.15059,41.22549
2025-05-28 20:38:39,0,0,31.14177,45.73604
2025-05-28 20:38:39,0,0,31.14177,45.73604
2025-05-28 20:38:39,0,0,31.12706,45.06546
2025-05-28 20:38:39,0,0,31.12706,45.06546
2025-05-28 20:38:39,0,0,31.12412,43.87494
2025-05-28 20:38:39,0,0,31.12412,43.87494
2025-05-28 20:38:39,0,0,31.12706,41.23457
2025-05-28 20:38:39,0,0,31.12706,41.23457
2025-05-28 20:38:40,0,0,31.12412,45.81837
2025-05-28 20:38:40,0,0,31.12412,45.81837
2025-05-28 20:38:40,0,0,31.12118,44.36655
2025-05-28 20:38:40,0,0,31.12118,44.36655
2025-05-28 20:38:40,0,0,31.10941,48.90918
2025-05-28 20:38:40,0,0,31.10941,48.90918
2025-05-28 20:38:40,0,0,31.12412,46.9111
2025-05-28 20:38:40,0,0,31.12412,46.9111
2025-05-28 20:38:40,0,0,31.11235,44.68623
2025-05-28 20:38:40,0,0,31.11235,44.68623
2025-05-28 20:38:41,0,0,31.10941,44.29668
2025-05-28 20:38:41,0,0,31.10941,44.29668
2025-05-28 20:38:41,0,0,31.10059,47.56981
2025-05-28 20:38:41,0,0,31.10059,47.56981
2025-05-28 20:38:41,0,0,31.11823,44.4217
2025-05-28 20:38:41,0,0,31.11823,44.4217
2025-05-28 20:38:41,0,0,31.10941,45.79208
2025-05-28 20:38:41,0,0,31.10941,45.79208
2025-05-28 20:38:41,0,0,31.10647,41.08296
2025-05-28 20:38:41,0,0,31.10647,41.08296
2025-05-28 20:38:42,0,0,31.10059,43.29089
2025-05-28 20:38:42,0,0,31.10059,43.29089
2025-05-28 20:38:42,0,0,31.09471,44.90928
2025-05-28 20:38:42,0,0,31.09471,44.90928
2025-05-28 20:38:42,0,0,31.10059,43.78212
2025-05-28 20:38:42,0,0,31.10059,43.78212
2025-05-28 20:38:42,0,0,31.10353,41.67901
2025-05-28 20:38:42,0,0,31.10353,41.67901
2025-05-28 20:38:42,0,0,31.10941,45.26582
2025-05-28 20:38:42,0,0,31.10941,45.26582
2025-05-28 20:38:43,0,0,31.09765,44.27443
2025-05-28 20:38:43,0,0,31.09765,44.27443
2025-05-28 20:38:43,0,0,31.09471,47.3301
2025-05-28 20:38:43,0,0,31.09471,47.3301
2025-05-28 20:38:43,0,0,31.09765,44.16996
2025-05-28 20:38:43,0,0,31.09765,44.16996
2025-05-28 20:38:43,0,0,31.10647,45.75682
2025-05-28 20:38:43,0,0,31.10647,45.75682
2025-05-28 20:38:43,0,0,31.09471,47.46024
2025-05-28 20:38:43,0,0,31.09471,47.46024
2025-05-28 20:38:44,0,0,31.08882,48.41897
2025-05-28 20:38:44,0,0,31.08882,48.41897
2025-05-28 20:38:44,0,0,31.11823,45.76271
2025-05-28 20:38:44,0,0,31.11823,45.76271
2025-05-28 20:38:44,0,0,31.11823,45.75518
2025-05-28 20:38:44,0,0,31.11823,45.75518
2025-05-28 20:38:44,0,0,31.11529,41.56419
2025-05-28 20:38:44,0,0,31.11529,41.56419
2025-05-28 20:38:44,0,0,31.10647,45.60162
2025-05-28 20:38:44,0,0,31.10647,45.60162
2025-05-28 20:38:45,0,0,31.09765,45.1406
2025-05-28 20:38:45,0,0,31.09765,45.1406
2025-05-28 20:38:45,0,0,31.10353,42.65594
2025-05-28 20:38:45,0,0,31.10353,42.65594
2025-05-28 20:38:45,0,0,31.09176,47.2845
2025-05-28 20:38:45,0,0,31.09176,47.2845
2025-05-28 20:38:45,0,0,31.09765,45.369
2025-05-28 20:38:45,0,0,31.09765,45.369
2025-05-28 20:38:45,0,0,31.09765,43.79451
2025-05-28 20:38:45,0,0,31.09765,43.79451
2025-05-28 20:38:46,0,0,31.10059,48.45618
2025-05-28 20:38:46,0,0,31.10059,48.45618
2025-05-28 20:38:46,0,0,31.10941,44.77994
2025-05-28 20:38:46,0,0,31.10941,44.77994
2025-05-28 20:38:46,0,0,31.08882,45.23809
2025-05-28 20:38:46,0,0,31.08882,45.23809
2025-05-28 20:38:46,0,0,31.09471,48.38875
2025-05-28 20:38:46,0,0,31.09471,48.38875
2025-05-28 20:38:46,0,0,31.08294,43.82139
2025-05-28 20:38:46,0,0,31.08294,43.82139
2025-05-28 20:38:47,0,0,31.08294,44.42771
2025-05-28 20:38:47,0,0,31.08294,44.42771
2025-05-28 20:38:47,0,0,31.08882,42.26221
2025-05-28 20:38:47,0,0,31.08882,42.26221
2025-05-28 20:38:47,0,0,31.07412,47.58308
2025-05-28 20:38:47,0,0,31.07412,47.58308
2025-05-28 20:38:47,0,0,31.08,44.92606
2025-05-28 20:38:47,0,0,31.08,44.92606
2025-05-28 20:38:47,0,0,31.07118,45.10897
2025-05-28 20:38:47,0,0,31.07118,45.10897
2025-05-28 20:38:48,0,0,31.06529,49.31367
2025-05-28 20:38:48,0,0,31.06529,49.31367
2025-05-28 20:38:48,0,0,31.06529,45.58596
2025-05-28 20:38:48,0,0,31.06529,45.58596
2025-05-28 20:38:48,0,0,31.08,45.49549
2025-05-28 20:38:48,0,0,31.08,45.49549
2025-05-28 20:38:48,0,0,31.06529,48.36193
2025-05-28 20:38:48,0,0,31.06529,48.36193
2025-05-28 20:38:48,0,0,31.05353,46.76367
2025-05-28 20:38:48,0,0,31.05353,46.76367
2025-05-28 20:38:49,0,0,31.04471,44.59184
2025-05-28 20:38:49,0,0,31.04471,44.59184
2025-05-28 20:38:49,0,0,31.04177,44.04277
2025-05-28 20:38:49,0,0,31.04177,44.04277
2025-05-28 20:38:49,0,0,31.02706,48.92966
2025-05-28 20:38:49,0,0,31.02706,48.92966
2025-05-28 20:38:49,0,0,31.03,45.82043
2025-05-28 20:38:49,0,0,31.03,45.82043
2025-05-28 20:38:49,0,0,31.03294,45.52724
2025-05-28 20:38:49,0,0,31.03294,45.52724
2025-05-28 20:38:50,0,0,31.03588,48.67617
2025-05-28 20:38:50,0,0,31.03588,48.67617
2025-05-28 20:38:50,0,0,31.03882,46.34392
2025-05-28 20:38:50,0,0,31.03882,46.34392
2025-05-28 20:38:50,0,0,31.03,44.90107
2025-05-28 20:38:50,0,0,31.03,44.90107
2025-05-28 20:38:50,0,0,31.03882,43.19249
2025-05-28 20:38:50,0,0,31.03882,43.19249
2025-05-28 20:38:50,0,0,31.03294,48.71017
2025-05-28 20:38:50,0,0,31.03294,48.71017
2025-05-28 20:38:51,0,0,31.03294,44.7035
2025-05-28 20:38:51,0,0,31.03294,44.7035
2025-05-28 20:38:51,0,0,31.03,45.61316
2025-05-28 20:38:51,0,0,31.03,45.61316
2025-05-28 20:38:51,0,0,31.03,47.43187
2025-05-28 20:38:51,0,0,31.03,47.43187
2025-05-28 20:38:51,0,0,31.03294,45.487
2025-05-28 20:38:51,0,0,31.03294,45.487
2025-05-28 20:38:51,0,0,31.02412,44.57404
2025-05-28 20:38:51,0,0,31.02412,44.57404
2025-05-28 20:38:52,0,0,31.02412,42.85714
2025-05-28 20:38:52,0,0,31.02412,42.85714
2025-05-28 20:38:52,0,0,31.00647,41.4742
2025-05-28 20:38:52,0,0,31.00647,41.4742
2025-05-28 20:38:52,0,0,31.0153,45.17118
2025-05-28 20:38:52,0,0,31.0153,45.17118
2025-05-28 20:38:52,0,0,31.01824,43.89275
2025-05-28 20:38:52,0,0,31.01824,43.89275
2025-05-28 20:38:52,0,0,31.00647,48.52493
2025-05-28 20:38:52,0,0,31.00647,48.52493
2025-05-28 20:38:53,0,0,31.01235,46.48594
2025-05-28 20:38:53,0,0,31.01235,46.48594
2025-05-28 20:38:53,0,0,30.99765,44.87115
2025-05-28 20:38:53,0,0,30.99765,44.87115
2025-05-28 20:38:53,0,0,30.99765,43.46489
2025-05-28 20:38:53,0,0,30.99765,43.46489
2025-05-28 20:38:53,0,0,31.00353,42.34822
2025-05-28 20:38:53,0,0,31.00353,42.34822
2025-05-28 20:38:53,0,0,30.99471,44.86596
2025-05-28 20:38:53,0,0,30.99471,44.86596
2025-05-28 20:38:54,0,0,30.99765,45.78373
2025-05-28 20:38:54,0,0,30.99765,45.78373
2025-05-28 20:38:54,0,0,31.00941,41.36204
2025-05-28 20:38:54,0,0,31.00941,41.36204
2025-05-28 20:38:54,0,0,30.99765,43.42885
2025-05-28 20:38:54,0,0,30.99765,43.42885
2025-05-28 20:38:54,0,0,30.99471,44.88348
2025-05-28 20:38:54,0,0,30.99471,44.88348
2025-05-28 20:38:54,0,0,30.99471,43.69183
2025-05-28 20:38:54,0,0,30.99471,43.69183
2025-05-28 20:38:55,0,0,30.98882,41.22288
2025-05-28 20:38:55,0,0,30.98882,41.22288
2025-05-28 20:38:55,0,0,30.99471,45.41261
2025-05-28 20:38:55,0,0,30.99471,45.41261
2025-05-28 20:38:55,0,0,30.98882,44.38343
2025-05-28 20:38:55,0,0,30.98882,44.38343
2025-05-28 20:38:55,0,0,30.96235,43.00306
2025-05-28 20:38:55,0,0,30.96235,43.00306
2025-05-28 20:38:55,0,0,30.98,47.3075
2025-05-28 20:38:55,0,0,30.98,47.3075
2025-05-28 20:38:56,0,0,30.99765,45.08113
2025-05-28 20:38:56,0,0,30.99765,45.08113
2025-05-28 20:38:56,0,0,30.98294,45.51793
2025-05-28 20:38:56,0,0,30.98294,45.51793
2025-05-28 20:38:56,0,0,30.97412,48.93075
2025-05-28 20:38:56,0,0,30.97412,48.93075
2025-05-28 20:38:56,0,0,30.97706,44.79798
2025-05-28 20:38:56,0,0,30.97706,44.79798
2025-05-28 20:38:56,0,0,30.96529,45.58093
2025-05-28 20:38:56,0,0,30.96529,45.58093
2025-05-28 20:38:57,0,0,30.96824,47.55281
2025-05-28 20:38:57,0,0,30.96824,47.55281
2025-05-28 20:38:57,0,0,30.97118,42.07436
2025-05-28 20:38:57,0,0,30.97118,42.07436
2025-05-28 20:38:57,0,0,30.95941,45.19038
2025-05-28 20:38:57,0,0,30.95941,45.19038
2025-05-28 20:38:57,0,0,30.96235,44.31314
2025-05-28 20:38:57,0,0,30.96235,44.31314
2025-05-28 20:38:57,0,0,30.96529,41.27936
2025-05-28 20:38:57,0,0,30.96529,41.27936
2025-05-28 20:38:58,0,0,30.96529,45.50051
2025-05-28 20:38:58,0,0,30.96529,45.50051
2025-05-28 20:38:58,0,0,30.96529,44.3998
2025-05-28 20:38:58,0,0,30.96529,44.3998
2025-05-28 20:38:58,0,0,30.96529,42.86448
2025-05-28 20:38:58,0,0,30.96529,42.86448
2025-05-28 20:38:58,0,0,30.97706,42.50484
2025-05-28 20:38:58,0,0,30.97706,42.50484
2025-05-28 20:38:58,0,0,30.96235,46.21933
2025-05-28 20:38:58,0,0,30.96235,46.21933
2025-05-28 20:38:59,0,0,30.94765,45.87654
2025-05-28 20:38:59,0,0,30.94765,45.87654
2025-05-28 20:38:59,0,0,30.95647,48.8065
2025-05-28 20:38:59,0,0,30.95647,48.8065
2025-05-28 20:38:59,0,0,30.95647,43.6301
2025-05-28 20:38:59,0,0,30.95647,43.6301
2025-05-28 20:38:59,0,0,30.95941,45.48178
2025-05-28 20:38:59,0,0,30.95941,45.48178
2025-05-28 20:38:59,0,0,30.95941,45.88832
2025-05-28 20:38:59,0,0,30.95941,45.88832
2025-05-28 20:39:00,0,0,30.94471,41.79399
2025-05-28 20:39:00,0,0,30.94471,41.79399
2025-05-28 20:39:00,0,0,30.94765,46.03175
2025-05-28 20:39:00,0,0,30.94765,46.03175
2025-05-28 20:39:00,0,0,30.95059,44.74593
2025-05-28 20:39:00,0,0,30.95059,44.74593
2025-05-28 20:39:00,0,0,30.94471,48.2969
2025-05-28 20:39:00,0,0,30.94471,48.2969
2025-05-28 20:39:00,0,0,30.95353,47.40519
2025-05-28 20:39:00,0,0,30.95353,47.40519
2025-05-28 20:39:01,0,0,30.95353,45.04504
2025-05-28 20:39:01,0,0,30.95353,45.04504
2025-05-28 20:39:01,0,0,30.96529,44.57345
2025-05-28 20:39:01,0,0,30.96529,44.57345
2025-05-28 20:39:01,0,0,30.95941,41.35742
2025-05-28 20:39:01,0,0,30.95941,41.35742
2025-05-28 20:39:01,0,0,30.95647,45.67332
2025-05-28 20:39:01,0,0,30.95647,45.67332
2025-05-28 20:39:01,0,0,30.95353,44.6093
2025-05-28 20:39:01,0,0,30.95353,44.6093
2025-05-28 20:39:02,0,0,30.95059,48.28802
2025-05-28 20:39:02,0,0,30.95059,48.28802
2025-05-28 20:39:02,0,0,30.93294,46.89067
2025-05-28 20:39:02,0,0,30.93294,46.89067
2025-05-28 20:39:02,0,0,30.93882,44.83968
2025-05-28 20:39:02,0,0,30.93882,44.83968
2025-05-28 20:39:02,0,0,30.95059,44.4047
2025-05-28 20:39:02,0,0,30.95059,44.4047
2025-05-28 20:39:02,0,0,30.95059,44.30313
2025-05-28 20:39:02,0,0,30.95059,44.30313
2025-05-28 20:39:03,0,0,30.94765,44.45585
2025-05-28 20:39:03,0,0,30.94765,44.45585
2025-05-28 20:39:03,0,0,30.94471,45.7072
2025-05-28 20:39:03,0,0,30.94471,45.7072
2025-05-28 20:39:03,0,0,30.93882,42.19067
2025-05-28 20:39:03,0,0,30.93882,42.19067
2025-05-28 20:39:03,0,0,30.93882,42.48047
2025-05-28 20:39:03,0,0,30.93882,42.48047
2025-05-28 20:39:03,0,0,30.93882,45.15805
2025-05-28 20:39:03,0,0,30.93882,45.15805
2025-05-28 20:39:04,0,0,30.93882,45.55
2025-05-28 20:39:04,0,0,30.93882,45.55
2025-05-28 20:39:04,0,0,30.94471,41.53006
2025-05-28 20:39:04,0,0,30.94471,41.53006
2025-05-28 20:39:04,0,0,30.93882,45.11581
2025-05-28 20:39:04,0,0,30.93882,45.11581
2025-05-28 20:39:04,0,0,30.94765,44.80874
2025-05-28 20:39:04,0,0,30.94765,44.80874
2025-05-28 20:39:04,0,0,30.93,42.52577
2025-05-28 20:39:04,0,0,30.93,42.52577
2025-05-28 20:39:05,0,0,30.93294,41.87288
2025-05-28 20:39:05,0,0,30.93294,41.87288
2025-05-28 20:39:05,0,0,30.93882,45.79108
2025-05-28 20:39:05,0,0,30.93882,45.79108
2025-05-28 20:39:05,0,0,30.92706,45.77361
2025-05-28 20:39:05,0,0,30.92706,45.77361
2025-05-28 20:39:05,0,0,30.91824,41.81272
2025-05-28 20:39:05,0,0,30.91824,41.81272
2025-05-28 20:39:05,0,0,30.91529,43.67027
2025-05-28 20:39:05,0,0,30.91529,43.67027
2025-05-28 20:39:06,0,0,30.92118,45.0676
2025-05-28 20:39:06,0,0,30.92118,45.0676
2025-05-28 20:39:06,0,0,30.93294,44.03061
2025-05-28 20:39:06,0,0,30.93294,44.03061
2025-05-28 20:39:06,0,0,30.93,41.67079
2025-05-28 20:39:06,0,0,30.93,41.67079
2025-05-28 20:39:06,0,0,30.93882,45.7523
2025-05-28 20:39:06,0,0,30.93882,45.7523
2025-05-28 20:39:06,0,0,30.92412,44.32888
2025-05-28 20:39:06,0,0,30.92412,44.32888
2025-05-28 20:39:07,0,0,30.93,41.14954
2025-05-28 20:39:07,0,0,30.93,41.14954
2025-05-28 20:39:07,0,0,30.93882,45.19481
2025-05-28 20:39:07,0,0,30.93882,45.19481
2025-05-28 20:39:07,0,0,30.93,43.84615
2025-05-28 20:39:07,0,0,30.93,43.84615
2025-05-28 20:39:07,0,0,30.92706,43.67284
2025-05-28 20:39:07,0,0,30.92706,43.67284
2025-05-28 20:39:07,0,0,30.92706,40.49751
2025-05-28 20:39:07,0,0,30.92706,40.49751
2025-05-28 20:39:08,0,0,30.91529,44.04576
2025-05-28 20:39:08,0,0,30.91529,44.04576
2025-05-28 20:39:08,0,0,30.92412,44.19778
2025-05-28 20:39:08,0,0,30.92412,44.19778
2025-05-28 20:39:08,0,0,30.93,42.89406
2025-05-28 20:39:08,0,0,30.93,42.89406
2025-05-28 20:39:08,0,0,30.92118,48.00202
2025-05-28 20:39:08,0,0,30.92118,48.00202
2025-05-28 20:39:08,0,0,30.91235,44.8731
2025-05-28 20:39:08,0,0,30.91235,44.8731
2025-05-28 20:39:09,0,0,30.90941,44.00401
2025-05-28 20:39:09,0,0,30.90941,44.00401
2025-05-28 20:39:09,0,0,30.91529,40.71247
2025-05-28 20:39:09,0,0,30.91529,40.71247
2025-05-28 20:39:09,0,0,30.91235,45.92817
2025-05-28 20:39:09,0,0,30.91235,45.92817
2025-05-28 20:39:09,0,0,30.92118,44.46138
2025-05-28 20:39:09,0,0,30.92118,44.46138
2025-05-28 20:39:09,0,0,30.92412,43.85604
2025-05-28 20:39:09,0,0,30.92412,43.85604
2025-05-28 20:39:10,0,0,30.92706,48.7468
2025-05-28 20:39:10,0,0,30.92706,48.7468
2025-05-28 20:39:10,0,0,30.91235,45.07478
2025-05-28 20:39:10,0,0,30.91235,45.07478
2025-05-28 20:39:10,0,0,30.90647,45.31798
2025-05-28 20:39:10,0,0,30.90647,45.31798
2025-05-28 20:39:10,0,0,30.90941,47.82386
2025-05-28 20:39:10,0,0,30.90941,47.82386
2025-05-28 20:39:10,0,0,30.91529,42.3913
2025-05-28 20:39:10,0,0,30.91529,42.3913
2025-05-28 20:39:11,0,0,30.91529,44.04701
2025-05-28 20:39:11,0,0,30.91529,44.04701
2025-05-28 20:39:11,0,0,30.90647,45.11089
2025-05-28 20:39:11,0,0,30.90647,45.11089
2025-05-28 20:39:11,0,0,30.90059,49.05371
2025-05-28 20:39:11,0,0,30.90059,49.05371
2025-05-28 20:39:11,0,0,30.90647,44.84694
2025-05-28 20:39:11,0,0,30.90647,44.84694
2025-05-28 20:39:11,0,0,30.90647,45.44088
2025-05-28 20:39:11,0,0,30.90647,45.44088
2025-05-28 20:39:12,0,0,30.90353,49.27681
2025-05-28 20:39:12,0,0,30.90353,49.27681
2025-05-28 20:39:12,0,0,30.90647,44.07515
2025-05-28 20:39:12,0,0,30.90647,44.07515
2025-05-28 20:39:12,0,0,30.93294,45.05274
2025-05-28 20:39:12,0,0,30.93294,45.05274
2025-05-28 20:39:12,0,0,30.90059,45.03476
2025-05-28 20:39:12,0,0,30.90059,45.03476
2025-05-28 20:39:12,0,0,30.90059,41.41013
2025-05-28 20:39:12,0,0,30.90059,41.41013
2025-05-28 20:39:13,0,0,30.91235,45.59716
2025-05-28 20:39:13,0,0,30.91235,45.59716
2025-05-28 20:39:13,0,0,30.90353,45.09901
2025-05-28 20:39:13,0,0,30.90353,45.09901
2025-05-28 20:39:13,0,0,30.90941,47.83715
2025-05-28 20:39:13,0,0,30.90941,47.83715
2025-05-28 20:39:13,0,0,30.90647,48.18498
2025-05-28 20:39:13,0,0,30.90647,48.18498
2025-05-28 20:39:13,0,0,30.91235,45.5317
2025-05-28 20:39:13,0,0,30.91235,45.5317
2025-05-28 20:39:14,0,0,30.90353,45.77711
2025-05-28 20:39:14,0,0,30.90353,45.77711
2025-05-28 20:39:14,0,0,30.90647,41.56479
2025-05-28 20:39:14,0,0,30.90647,41.56479
2025-05-28 20:39:14,0,0,30.90647,45.10978
2025-05-28 20:39:14,0,0,30.90647,45.10978
2025-05-28 20:39:14,0,0,30.90353,45.00249
2025-05-28 20:39:14,0,0,30.90353,45.00249
2025-05-28 20:39:15,0,0,30.91529,47.23061
2025-05-28 20:39:15,0,0,30.91529,47.23061
2025-05-28 20:39:15,0,0,30.90941,48.56293
2025-05-28 20:39:15,0,0,30.90941,48.56293
2025-05-28 20:39:15,0,0,30.90647,45.7072
2025-05-28 20:39:15,0,0,30.90647,45.7072
2025-05-28 20:39:15,0,0,30.90941,44.50468
2025-05-28 20:39:15,0,0,30.90941,44.50468
2025-05-28 20:39:15,0,0,30.92118,41.61706
2025-05-28 20:39:16,0,0,30.91529,44.94773
2025-05-28 20:39:15,0,0,30.92118,41.61706
2025-05-28 20:39:16,0,0,30.91529,44.94773
2025-05-28 20:39:16,0,0,30.90647,46.0585
2025-05-28 20:39:16,0,0,30.90647,46.0585
2025-05-28 20:39:16,0,0,30.91235,47.10954
2025-05-28 20:39:16,0,0,30.91235,47.10954
2025-05-28 20:39:16,0,0,30.89471,42.04878
2025-05-28 20:39:16,0,0,30.89471,42.04878
2025-05-28 20:39:16,0,0,30.90059,44.89383
2025-05-28 20:39:16,0,0,30.90059,44.89383
2025-05-28 20:39:17,0,0,30.89765,44.98777
2025-05-28 20:39:17,0,0,30.89765,44.98777
2025-05-28 20:39:17,0,0,30.89471,42.95704
2025-05-28 20:39:17,0,0,30.89471,42.95704
2025-05-28 20:39:17,0,0,30.89471,48.06931
2025-05-28 20:39:17,0,0,30.89471,48.06931
2025-05-28 20:39:17,0,0,30.90059,45.67716
2025-05-28 20:39:17,0,0,30.90059,45.67716
2025-05-28 20:39:17,0,0,30.90059,46.05133
2025-05-28 20:39:17,0,0,30.90059,46.05133
2025-05-28 20:39:18,0,0,30.88588,49.97486
2025-05-28 20:39:18,0,0,30.88588,49.97486
2025-05-28 20:39:18,0,0,30.88,44.3304
2025-05-28 20:39:18,0,0,30.88,44.3304
2025-05-28 20:39:18,0,0,30.88588,45.43185
2025-05-28 20:39:18,0,0,30.88588,45.43185
2025-05-28 20:39:18,0,0,30.87706,45.93921
2025-05-28 20:39:18,0,0,30.87706,45.93921
2025-05-28 20:39:18,0,0,30.88294,42.27006
2025-05-28 20:39:18,0,0,30.88294,42.27006
2025-05-28 20:39:19,0,0,30.87118,44.59252
2025-05-28 20:39:19,0,0,30.87118,44.59252
2025-05-28 20:39:19,0,0,30.87118,46.08567
2025-05-28 20:39:19,0,0,30.87118,46.08567
2025-05-28 20:39:19,0,0,30.87118,47.95205
2025-05-28 20:39:19,0,0,30.87118,47.95205
2025-05-28 20:39:19,0,0,30.88,42.37452
2025-05-28 20:39:19,0,0,30.88,42.37452
2025-05-28 20:39:19,0,0,30.87706,45.39078
2025-05-28 20:39:19,0,0,30.87706,45.39078
2025-05-28 20:39:20,0,0,30.89765,46.34625
2025-05-28 20:39:20,0,0,30.89765,46.34625
2025-05-28 20:39:20,0,0,30.89765,41.41514
2025-05-28 20:39:20,0,0,30.89765,41.41514
2025-05-28 20:39:20,0,0,30.88294,43.88943
2025-05-28 20:39:20,0,0,30.88294,43.88943
2025-05-28 20:39:20,0,0,30.88294,45.50422
2025-05-28 20:39:20,0,0,30.88294,45.50422
2025-05-28 20:39:20,0,0,30.89471,46.08479
2025-05-28 20:39:20,0,0,30.89471,46.08479
2025-05-28 20:39:21,0,0,30.90353,49.45328
2025-05-28 20:39:21,0,0,30.90353,49.45328
2025-05-28 20:39:21,0,0,30.87412,45.05829
2025-05-28 20:39:21,0,0,30.87412,45.05829
2025-05-28 20:39:21,0,0,30.87412,45.22638
2025-05-28 20:39:21,0,0,30.87412,45.22638
2025-05-28 20:39:21,0,0,30.88,50.1007
2025-05-28 20:39:21,0,0,30.88,50.1007
2025-05-28 20:39:21,0,0,30.87412,47.36842
2025-05-28 20:39:21,0,0,30.87412,47.36842
2025-05-28 20:39:22,0,0,30.88294,45.57214
2025-05-28 20:39:22,0,0,30.88294,45.57214
2025-05-28 20:39:22,0,0,30.87412,44.41072
2025-05-28 20:39:22,0,0,30.87412,44.41072
2025-05-28 20:39:22,0,0,30.87118,42.26452
2025-05-28 20:39:22,0,0,30.87118,42.26452
2025-05-28 20:39:22,0,0,30.88294,45.67284
2025-05-28 20:39:22,0,0,30.88294,45.67284
2025-05-28 20:39:22,0,0,30.87412,46.34146
2025-05-28 20:39:22,0,0,30.87412,46.34146
2025-05-28 20:39:23,0,0,30.87706,42.60179
2025-05-28 20:39:23,0,0,30.87706,42.60179
2025-05-28 20:39:23,0,0,30.87118,44.4227
2025-05-28 20:39:23,0,0,30.87118,44.4227
2025-05-28 20:39:23,0,0,30.87118,45.63925
2025-05-28 20:39:23,0,0,30.87118,45.63925
2025-05-28 20:39:23,0,0,30.87706,46.56297
2025-05-28 20:39:23,0,0,30.87706,46.56297
2025-05-28 20:39:23,0,0,30.88882,42.50735
2025-05-28 20:39:23,0,0,30.88882,42.50735
2025-05-28 20:39:24,0,0,30.88,46.64293
2025-05-28 20:39:24,0,0,30.88,46.64293
2025-05-28 20:39:24,0,0,30.87412,44.60712
2025-05-28 20:39:24,0,0,30.87412,44.60712
2025-05-28 20:39:24,0,0,30.87706,49.8993
2025-05-28 20:39:24,0,0,30.87706,49.8993
2025-05-28 20:39:24,0,0,30.86823,46.13065
2025-05-28 20:39:24,0,0,30.86823,46.13065
2025-05-28 20:39:24,0,0,30.88588,45.84784
2025-05-28 20:39:24,0,0,30.88588,45.84784
2025-05-28 20:39:25,0,0,30.87412,43.97745
2025-05-28 20:39:25,0,0,30.87412,43.97745
2025-05-28 20:39:25,0,0,30.87412,42.69608
2025-05-28 20:39:25,0,0,30.87412,42.69608
2025-05-28 20:39:25,0,0,30.88588,46.28688
2025-05-28 20:39:25,0,0,30.88588,46.28688
2025-05-28 20:39:25,0,0,30.88,46.34983
2025-05-28 20:39:25,0,0,30.88,46.34983
2025-05-28 20:39:25,0,0,30.85647,48.66499
2025-05-28 20:39:25,0,0,30.85647,48.66499
2025-05-28 20:39:26,0,0,30.86235,43.0717
2025-05-28 20:39:26,0,0,30.86235,43.0717
2025-05-28 20:39:26,0,0,30.86235,45.76693
2025-05-28 20:39:26,0,0,30.86235,45.76693
2025-05-28 20:39:26,0,0,30.86529,45.9073
2025-05-28 20:39:26,0,0,30.86529,45.9073
2025-05-28 20:39:26,0,0,30.87412,50.37369
2025-05-28 20:39:26,0,0,30.87412,50.37369
2025-05-28 20:39:26,0,0,30.86235,45.26421
2025-05-28 20:39:26,0,0,30.86235,45.26421
2025-05-28 20:39:27,0,0,30.86823,46.2972
2025-05-28 20:39:27,0,0,30.86823,46.2972
2025-05-28 20:39:27,0,0,30.86529,47.70263
2025-05-28 20:39:27,0,0,30.86529,47.70263
2025-05-28 20:39:27,0,0,30.87412,42.58629
2025-05-28 20:39:27,0,0,30.87412,42.58629
2025-05-28 20:39:27,0,0,30.86823,45.57279
2025-05-28 20:39:27,0,0,30.86823,45.57279
2025-05-28 20:39:27,0,0,30.85059,45.23693
2025-05-28 20:39:27,0,0,30.85059,45.23693
2025-05-28 20:39:28,0,0,30.85059,41.21688
2025-05-28 20:39:28,0,0,30.85059,41.21688
2025-05-28 20:39:28,0,0,30.85059,46.38917
2025-05-28 20:39:28,0,0,30.85059,46.38917
2025-05-28 20:39:28,0,0,30.84471,45.369
2025-05-28 20:39:28,0,0,30.84471,45.369
2025-05-28 20:39:28,0,0,30.83882,43.89117
2025-05-28 20:39:28,0,0,30.83882,43.89117
2025-05-28 20:39:28,0,0,30.84176,48.6
2025-05-28 20:39:28,0,0,30.84176,48.6
2025-05-28 20:39:29,0,0,30.85059,46.06458
2025-05-28 20:39:29,0,0,30.85059,46.06458
2025-05-28 20:39:29,0,0,30.85941,46.10838
2025-05-28 20:39:29,0,0,30.85941,46.10838
2025-05-28 20:39:29,0,0,30.84471,41.99306
2025-05-28 20:39:29,0,0,30.84471,41.99306
2025-05-28 20:39:29,0,0,30.85941,46.73967
2025-05-28 20:39:29,0,0,30.85941,46.73967
2025-05-28 20:39:29,0,0,30.84765,45.65757
2025-05-28 20:39:29,0,0,30.84765,45.65757
2025-05-28 20:39:30,0,0,30.84471,46.05726
2025-05-28 20:39:30,0,0,30.84471,46.05726
2025-05-28 20:39:30,0,0,30.84471,49.45055
2025-05-28 20:39:30,0,0,30.84471,49.45055
2025-05-28 20:39:30,0,0,30.84176,45.14661
2025-05-28 20:39:30,0,0,30.84176,45.14661
2025-05-28 20:39:30,0,0,30.85353,46.31631
2025-05-28 20:39:30,0,0,30.85353,46.31631
2025-05-28 20:39:30,0,0,30.84471,42.1418
2025-05-28 20:39:30,0,0,30.84471,42.1418
2025-05-28 20:39:31,0,0,30.84471,43.87855
2025-05-28 20:39:31,0,0,30.84471,43.87855
2025-05-28 20:39:31,0,0,30.83588,45.70858
2025-05-28 20:39:31,0,0,30.83588,45.70858
2025-05-28 20:39:31,0,0,30.85059,45.44103
2025-05-28 20:39:31,0,0,30.85059,45.44103
2025-05-28 20:39:31,0,0,30.84176,49.29435
2025-05-28 20:39:31,0,0,30.84176,49.29435
2025-05-28 20:39:31,0,0,30.85353,44.41599
2025-05-28 20:39:31,0,0,30.85353,44.41599
2025-05-28 20:39:32,0,0,30.83294,45.7185
2025-05-28 20:39:32,0,0,30.83294,45.7185
2025-05-28 20:39:32,0,0,30.84471,47.28839
2025-05-28 20:39:32,0,0,30.84471,47.28839
2025-05-28 20:39:32,0,0,30.85353,48.94895
2025-05-28 20:39:32,0,0,30.85353,48.94895
2025-05-28 20:39:32,0,0,30.85647,45.51379
2025-05-28 20:39:32,0,0,30.85647,45.51379
2025-05-28 20:39:32,0,0,30.85059,46.22549
2025-05-28 20:39:32,0,0,30.85059,46.22549
2025-05-28 20:39:33,0,0,30.86235,44.21222
2025-05-28 20:39:33,0,0,30.86235,44.21222
2025-05-28 20:39:33,0,0,30.85353,47.28991
2025-05-28 20:39:33,0,0,30.85353,47.28991
2025-05-28 20:39:33,0,0,30.85647,45.35928
2025-05-28 20:39:33,0,0,30.85647,45.35928
2025-05-28 20:39:33,0,0,30.83,45.04278
2025-05-28 20:39:33,0,0,30.83,45.04278
2025-05-28 20:39:33,0,0,30.83882,42.15159
2025-05-28 20:39:33,0,0,30.83882,42.15159
2025-05-28 20:39:34,0,0,30.84765,46.07197
2025-05-28 20:39:34,0,0,30.84765,46.07197
2025-05-28 20:39:34,0,0,30.83588,46.19941
2025-05-28 20:39:34,0,0,30.83588,46.19941
2025-05-28 20:39:34,0,0,30.83588,42.0297
2025-05-28 20:39:34,0,0,30.83588,42.0297
2025-05-28 20:39:34,0,0,30.83,43.36412
2025-05-28 20:39:34,0,0,30.83,43.36412
2025-05-28 20:39:34,0,0,30.82706,45.59482
2025-05-28 20:39:34,0,0,30.82706,45.59482
2025-05-28 20:39:35,0,0,30.83,45.21824
2025-05-28 20:39:35,0,0,30.83,45.21824
2025-05-28 20:39:35,0,0,30.81824,49.52285
2025-05-28 20:39:35,0,0,30.81824,49.52285
2025-05-28 20:39:35,0,0,30.81824,44.91353
2025-05-28 20:39:35,0,0,30.81824,44.91353
2025-05-28 20:39:35,0,0,30.83294,46.07458
2025-05-28 20:39:35,0,0,30.83294,46.07458
2025-05-28 20:39:35,0,0,30.81824,48.8012
2025-05-28 20:39:35,0,0,30.81824,48.8012
2025-05-28 20:39:36,0,0,30.82118,48.32512
2025-05-28 20:39:36,0,0,30.82118,48.32512
2025-05-28 20:39:36,0,0,30.81824,45.62531
2025-05-28 20:39:36,0,0,30.81824,45.62531
2025-05-28 20:39:36,0,0,30.81529,45.50477
2025-05-28 20:39:36,0,0,30.81529,45.50477
2025-05-28 20:39:36,0,0,30.83294,42.23969
2025-05-28 20:39:36,0,0,30.83294,42.23969
2025-05-28 20:39:36,0,0,30.82118,45.20548
2025-05-28 20:39:36,0,0,30.82118,45.20548
2025-05-28 20:39:37,0,0,30.80941,46.28628
2025-05-28 20:39:37,0,0,30.80941,46.28628
2025-05-28 20:39:37,0,0,30.82412,42.92146
2025-05-28 20:39:37,0,0,30.82412,42.92146
2025-05-28 20:39:37,0,0,30.79765,48.16103
2025-05-28 20:39:37,0,0,30.79765,48.16103
2025-05-28 20:39:37,0,0,30.80941,45.83125
2025-05-28 20:39:37,0,0,30.80941,45.83125
2025-05-28 20:39:37,0,0,30.81235,46.19941
2025-05-28 20:39:37,0,0,30.81235,46.19941
2025-05-28 20:39:38,0,0,30.80647,48.84306
2025-05-28 20:39:38,0,0,30.80647,48.84306
2025-05-28 20:39:38,0,0,30.80941,46.57329
2025-05-28 20:39:38,0,0,30.80941,46.57329
2025-05-28 20:39:38,0,0,30.80353,45.87475
2025-05-28 20:39:38,0,0,30.80353,45.87475
2025-05-28 20:39:38,0,0,30.80059,46.61315
2025-05-28 20:39:38,0,0,30.80059,46.61315
2025-05-28 20:39:38,0,0,30.80647,42.01068
2025-05-28 20:39:38,0,0,30.80647,42.01068
2025-05-28 20:39:39,0,0,30.80647,46.19264
2025-05-28 20:39:39,0,0,30.80647,46.19264
2025-05-28 20:39:39,0,0,30.80941,46.33186
2025-05-28 20:39:39,0,0,30.80941,46.33186
2025-05-28 20:39:39,0,0,30.80941,50.2997
2025-05-28 20:39:39,0,0,30.80941,50.2997
2025-05-28 20:39:39,0,0,30.80941,47.86494
2025-05-28 20:39:39,0,0,30.80941,47.86494
2025-05-28 20:39:39,0,0,30.79765,45.84784
2025-05-28 20:39:39,0,0,30.79765,45.84784
2025-05-28 20:39:40,0,0,30.79471,45.85799
2025-05-28 20:39:40,0,0,30.79471,45.85799
2025-05-28 20:39:40,0,0,30.79471,42.01474
2025-05-28 20:39:40,0,0,30.80941,45.04825
2025-05-28 20:39:40,0,0,30.79471,42.01474
2025-05-28 20:39:40,0,0,30.80941,45.04825
2025-05-28 20:39:40,0,0,30.81235,45.16288
2025-05-28 20:39:40,0,0,30.81235,45.16288
2025-05-28 20:39:40,0,0,30.80353,42.64264
2025-05-28 20:39:40,0,0,30.80353,42.64264
2025-05-28 20:39:41,0,0,30.80647,48.00394
2025-05-28 20:39:41,0,0,30.80647,48.00394
2025-05-28 20:39:41,0,0,30.79177,45.65757
2025-05-28 20:39:41,0,0,30.79177,45.65757
2025-05-28 20:39:41,0,0,30.78882,46.02861
2025-05-28 20:39:41,0,0,30.78882,46.02861
2025-05-28 20:39:41,0,0,30.79471,49.49799
2025-05-28 20:39:41,0,0,30.79471,49.49799
2025-05-28 20:39:41,0,0,30.79471,45.45906
2025-05-28 20:39:41,0,0,30.79471,45.45906
2025-05-28 20:39:42,0,0,30.80647,46.32713
2025-05-28 20:39:42,0,0,30.80647,46.32713
2025-05-28 20:39:42,0,0,30.80353,48.18182
2025-05-28 20:39:42,0,0,30.80353,48.18182
2025-05-28 20:39:42,0,0,30.79177,42.91225
2025-05-28 20:39:42,0,0,30.79177,42.91225
2025-05-28 20:39:42,0,0,30.78588,45.99406
2025-05-28 20:39:42,0,0,30.78588,45.99406
2025-05-28 20:39:42,0,0,30.79177,45.26367
2025-05-28 20:39:42,0,0,30.79177,45.26367
2025-05-28 20:39:43,0,0,30.78588,49.19679
2025-05-28 20:39:43,0,0,30.78588,49.19679
2025-05-28 20:39:43,0,0,30.77706,46.82854
2025-05-28 20:39:43,0,0,30.77706,46.82854
2025-05-28 20:39:43,0,0,30.78,46.03568
2025-05-28 20:39:43,0,0,30.78,46.03568
2025-05-28 20:39:43,0,0,30.78,46.61017
2025-05-28 20:39:43,0,0,30.78,46.61017
2025-05-28 20:39:43,0,0,30.77412,49.95059
2025-05-28 20:39:43,0,0,30.77412,49.95059
2025-05-28 20:39:44,0,0,30.78,46.5288
2025-05-28 20:39:44,0,0,30.78,46.5288
2025-05-28 20:39:44,0,0,30.77118,47.78887
2025-05-28 20:39:44,0,0,30.77118,47.78887
2025-05-28 20:39:44,0,0,30.76235,45.69762
2025-05-28 20:39:44,0,0,30.76235,45.69762
2025-05-28 20:39:44,0,0,30.7653,51.84843
2025-05-28 20:39:44,0,0,30.7653,51.84843
2025-05-28 20:39:44,0,0,30.76235,48.13259
2025-05-28 20:39:44,0,0,30.76235,48.13259
2025-05-28 20:39:45,0,0,30.7653,49.77498
2025-05-28 20:39:45,0,0,30.7653,49.77498
2025-05-28 20:39:45,0,0,30.78,45.08617
2025-05-28 20:39:45,0,0,30.78,45.08617
2025-05-28 20:39:45,0,0,30.77412,51.578
2025-05-28 20:39:45,0,0,30.77412,51.578
2025-05-28 20:39:45,0,0,30.76235,49.22161
2025-05-28 20:39:45,0,0,30.76235,49.22161
2025-05-28 20:39:45,0,0,30.7653,49.77538
2025-05-28 20:39:45,0,0,30.7653,49.77538
2025-05-28 20:39:46,0,0,30.77706,51.88679
2025-05-28 20:39:46,0,0,30.77706,51.88679
2025-05-28 20:39:46,0,0,30.76824,45.6749
2025-05-28 20:39:46,0,0,30.76824,45.6749
2025-05-28 20:39:46,0,0,30.77412,46.20222
2025-05-28 20:39:46,0,0,30.77412,46.20222
2025-05-28 20:39:46,0,0,30.78,46.04561
2025-05-28 20:39:46,0,0,30.78,46.04561
2025-05-28 20:39:46,0,0,30.77412,49.8787
2025-05-28 20:39:46,0,0,30.77412,49.8787
2025-05-28 20:39:47,0,0,30.78,47.41131
2025-05-28 20:39:47,0,0,30.78,47.41131
2025-05-28 20:39:47,0,0,30.77118,48.19672
2025-05-28 20:39:47,0,0,30.77118,48.19672
2025-05-28 20:39:47,0,0,30.7653,50.28986
2025-05-28 20:39:47,0,0,30.7653,50.28986
2025-05-28 20:39:47,0,0,30.75941,44.52214
2025-05-28 20:39:47,0,0,30.75941,44.52214
2025-05-28 20:39:47,0,0,30.75647,46.83183
2025-05-28 20:39:47,0,0,30.75647,46.83183
2025-05-28 20:39:48,0,0,30.75353,46.19386
2025-05-28 20:39:48,0,0,30.75353,46.19386
2025-05-28 20:39:48,0,0,30.75353,43.05757
2025-05-28 20:39:48,0,0,30.75353,43.05757
2025-05-28 20:39:48,0,0,30.75647,47.49518
2025-05-28 20:39:48,0,0,30.75647,47.49518
2025-05-28 20:39:48,0,0,30.76824,46.44052
2025-05-28 20:39:48,0,0,30.76824,46.44052
2025-05-28 20:39:48,0,0,30.77412,46.41473
2025-05-28 20:39:48,0,0,30.77412,46.41473
2025-05-28 20:39:49,0,0,30.75941,50.65439
2025-05-28 20:39:49,0,0,30.75941,50.65439
2025-05-28 20:39:49,0,0,30.75353,46.94175
2025-05-28 20:39:49,0,0,30.75353,46.94175
2025-05-28 20:39:49,0,0,30.76235,46.35666
2025-05-28 20:39:49,0,0,30.76235,46.35666
2025-05-28 20:39:49,0,0,30.77118,49.62631
2025-05-28 20:39:49,0,0,30.77118,49.62631
2025-05-28 20:39:49,0,0,30.77412,49.35127
2025-05-28 20:39:49,0,0,30.77412,49.35127
2025-05-28 20:39:50,0,0,30.77412,46.82692
2025-05-28 20:39:50,0,0,30.77412,46.82692
2025-05-28 20:39:50,0,0,30.77118,45.82534
2025-05-28 20:39:50,0,0,30.77118,45.82534
2025-05-28 20:39:50,0,0,30.77706,42.54197
2025-05-28 20:39:50,0,0,30.77706,42.54197
2025-05-28 20:39:50,0,0,30.76235,47.3913
2025-05-28 20:39:50,0,0,30.76235,47.3913
2025-05-28 20:39:50,0,0,30.78882,46.03792
2025-05-28 20:39:50,0,0,30.78882,46.03792
2025-05-28 20:39:51,0,0,30.76824,45.30251
2025-05-28 20:39:51,0,0,30.76824,45.30251
2025-05-28 20:39:51,0,0,30.77706,42.68119
2025-05-28 20:39:51,0,0,30.77706,42.68119
2025-05-28 20:39:51,0,0,30.78294,46.16877
2025-05-28 20:39:51,0,0,30.78294,46.16877
2025-05-28 20:39:51,0,0,30.77706,46.00578
2025-05-28 20:39:51,0,0,30.77706,46.00578
2025-05-28 20:39:51,0,0,30.77706,44.57114
2025-05-28 20:39:51,0,0,30.77706,44.57114
2025-05-28 20:39:52,0,0,30.77412,49.65887
2025-05-28 20:39:52,0,0,30.77412,49.65887
2025-05-28 20:39:52,0,0,30.78588,45.60277
2025-05-28 20:39:52,0,0,30.78588,45.60277
2025-05-28 20:39:52,0,0,30.78,47.08969
2025-05-28 20:39:52,0,0,30.78,47.08969
2025-05-28 20:39:52,0,0,30.78882,46.24547
2025-05-28 20:39:52,0,0,30.78882,46.24547
2025-05-28 20:39:52,0,0,30.78294,48.74031
2025-05-28 20:39:52,0,0,30.78294,48.74031
2025-05-28 20:39:53,0,0,30.78294,46.2954
2025-05-28 20:39:53,0,0,30.78294,46.2954
2025-05-28 20:39:53,0,0,30.78294,46.99375
2025-05-28 20:39:53,0,0,30.78294,46.99375
2025-05-28 20:39:53,0,0,30.78882,43.46978
2025-05-28 20:39:53,0,0,30.78882,43.46978
2025-05-28 20:39:53,0,0,30.79765,45.89443
2025-05-28 20:39:53,0,0,30.79765,45.89443
2025-05-28 20:39:53,0,0,30.78588,46.03865
2025-05-28 20:39:53,0,0,30.78588,46.03865
2025-05-28 20:39:54,0,0,30.78882,45.64683
2025-05-28 20:39:54,0,0,30.78882,45.64683
2025-05-28 20:39:54,0,0,30.79471,42.74078
2025-05-28 20:39:54,0,0,30.79471,42.74078
2025-05-28 20:39:54,0,0,30.78882,46.47059
2025-05-28 20:39:54,0,0,30.78882,46.47059
2025-05-28 20:39:54,0,0,30.78,46.23552
2025-05-28 20:39:54,0,0,30.78,46.23552
2025-05-28 20:39:54,0,0,30.79177,49.38272
2025-05-28 20:39:54,0,0,30.79177,49.38272
2025-05-28 20:39:55,0,0,30.79471,49.6139
2025-05-28 20:39:55,0,0,30.79471,49.6139
2025-05-28 20:39:55,0,0,30.79471,46.43201
2025-05-28 20:39:55,0,0,30.79471,46.43201
2025-05-28 20:39:55,0,0,30.80647,47.08715
2025-05-28 20:39:55,0,0,30.80647,47.08715
2025-05-28 20:39:55,0,0,30.80353,42.7264
2025-05-28 20:39:55,0,0,30.80353,42.7264
2025-05-28 20:39:55,0,0,30.81529,46.94675
2025-05-28 20:39:55,0,0,30.81529,46.94675
2025-05-28 20:39:56,0,0,30.80941,46.3844
2025-05-28 20:39:56,0,0,30.80941,46.3844
2025-05-28 20:39:56,0,0,30.81529,44.64375
2025-05-28 20:39:56,0,0,30.81529,44.64375
2025-05-28 20:39:56,0,0,30.81235,50.0241
2025-05-28 20:39:56,0,0,30.81235,50.0241
2025-05-28 20:39:56,0,0,30.81824,46.84905
2025-05-28 20:39:56,0,0,30.81824,46.84905
2025-05-28 20:39:56,0,0,30.81235,47.15447
2025-05-28 20:39:56,0,0,30.81235,47.15447
2025-05-28 20:39:57,0,0,30.82706,49.39114
2025-05-28 20:39:57,0,0,30.82706,49.39114
2025-05-28 20:39:57,0,0,30.82412,43.63808
2025-05-28 20:39:57,0,0,30.82412,43.63808
2025-05-28 20:39:57,0,0,30.82412,46.55753
2025-05-28 20:39:57,0,0,30.82412,46.55753
2025-05-28 20:39:57,0,0,30.83,45.51069
2025-05-28 20:39:57,0,0,30.83,45.51069
2025-05-28 20:39:57,0,0,30.83588,42.94656
2025-05-28 20:39:57,0,0,30.83588,42.94656
2025-05-28 20:39:58,0,0,30.84176,47.45763
2025-05-28 20:39:58,0,0,30.84176,47.45763
2025-05-28 20:39:58,0,0,30.83588,46.73755
2025-05-28 20:39:58,0,0,30.83588,46.73755
2025-05-28 20:39:58,0,0,30.84765,45.92881
2025-05-28 20:39:58,0,0,30.84765,45.92881
2025-05-28 20:39:58,0,0,30.85647,50.57915
2025-05-28 20:39:58,0,0,30.85647,50.57915
2025-05-28 20:39:58,0,0,30.84765,47.0297
2025-05-28 20:39:58,0,0,30.84765,47.0297
2025-05-28 20:39:59,0,0,30.85647,47.03633
2025-05-28 20:39:59,0,0,30.85647,47.03633
2025-05-28 20:39:59,0,0,30.84765,49.82578
2025-05-28 20:39:59,0,0,30.84765,49.82578
2025-05-28 20:39:59,0,0,30.85059,44.12185
2025-05-28 20:39:59,0,0,30.85059,44.12185
2025-05-28 20:39:59,0,0,30.84765,45.98149
2025-05-28 20:39:59,0,0,30.84765,45.98149
2025-05-28 20:39:59,0,0,30.85647,45.64176
2025-05-28 20:39:59,0,0,30.85647,45.64176
2025-05-28 20:40:00,0,0,30.86235,42.21273
2025-05-28 20:40:00,0,0,30.86235,42.21273
2025-05-28 20:40:00,0,0,30.85941,45.59406
2025-05-28 20:40:00,0,0,30.85941,45.59406
2025-05-28 20:40:00,0,0,30.85353,46.19461
2025-05-28 20:40:00,0,0,30.85353,46.19461
2025-05-28 20:40:00,0,0,30.85059,44.12636
2025-05-28 20:40:00,0,0,30.85059,44.12636
2025-05-28 20:40:00,0,0,30.85647,43.66197
2025-05-28 20:40:00,0,0,30.85647,43.66197
2025-05-28 20:40:01,0,0,30.86235,47.02439
2025-05-28 20:40:01,0,0,30.86235,47.02439
2025-05-28 20:40:01,0,0,30.85647,46.10636
2025-05-28 20:40:01,0,0,30.85647,46.10636
2025-05-28 20:40:01,0,0,30.85059,49.90291
2025-05-28 20:40:01,0,0,30.85059,49.90291
2025-05-28 20:40:01,0,0,30.85941,47.96905
2025-05-28 20:40:01,0,0,30.85941,47.96905
2025-05-28 20:40:01,0,0,30.85941,46.39225
2025-05-28 20:40:01,0,0,30.85941,46.39225
2025-05-28 20:40:02,0,0,30.85647,46.43545
2025-05-28 20:40:02,0,0,30.85647,46.43545
2025-05-28 20:40:02,0,0,30.86823,42.72596
2025-05-28 20:40:02,0,0,30.86823,42.72596
2025-05-28 20:40:02,0,0,30.86823,45.87379
2025-05-28 20:40:02,0,0,30.86823,45.87379
2025-05-28 20:40:02,0,0,30.87118,45.88577
2025-05-28 20:40:02,0,0,30.87118,45.88577
2025-05-28 20:40:02,0,0,30.86529,47.45098
2025-05-28 20:40:02,0,0,30.86529,47.45098
2025-05-28 20:40:03,0,0,30.87412,46.89083
2025-05-28 20:40:03,0,0,30.87412,46.89083
2025-05-28 20:40:03,0,0,30.86529,46.82854
2025-05-28 20:40:03,0,0,30.86529,46.82854
2025-05-28 20:40:03,0,0,30.87412,45.53356
2025-05-28 20:40:03,0,0,30.87412,45.53356
2025-05-28 20:40:03,0,0,30.86823,48.32842
2025-05-28 20:40:03,0,0,30.86823,48.32842
2025-05-28 20:40:03,0,0,30.88588,49.2233
2025-05-28 20:40:03,0,0,30.88588,49.2233
2025-05-28 20:40:04,0,0,30.88882,46.33907
2025-05-28 20:40:04,0,0,30.88882,46.33907
2025-05-28 20:40:04,0,0,30.88882,45.45454
2025-05-28 20:40:04,0,0,30.88882,45.45454
2025-05-28 20:40:04,0,0,30.88294,49.80373
2025-05-28 20:40:04,0,0,30.88294,49.80373
2025-05-28 20:40:04,0,0,30.89177,47.74818
2025-05-28 20:40:04,0,0,30.89177,47.74818
2025-05-28 20:40:04,0,0,30.88588,46.2999
2025-05-28 20:40:04,0,0,30.88588,46.2999
2025-05-28 20:40:05,0,0,30.89471,46.36763
2025-05-28 20:40:05,0,0,30.89471,46.36763
2025-05-28 20:40:05,0,0,30.87706,42.164
2025-05-28 20:40:05,0,0,30.87706,42.164
2025-05-28 20:40:05,0,0,30.88882,44.3753
2025-05-28 20:40:05,0,0,30.88882,44.3753
2025-05-28 20:40:05,0,0,30.88,45.88061
2025-05-28 20:40:05,0,0,30.88,45.88061
2025-05-28 20:40:05,0,0,30.88294,46.15759
2025-05-28 20:40:05,0,0,30.88294,46.15759
2025-05-28 20:40:06,0,0,30.88588,49.80276
2025-05-28 20:40:06,0,0,30.88588,49.80276
2025-05-28 20:40:06,0,0,30.88588,45.14727
2025-05-28 20:40:06,0,0,30.88588,45.14727
2025-05-28 20:40:06,0,0,30.89471,46.33673
2025-05-28 20:40:06,0,0,30.89471,46.33673
2025-05-28 20:40:06,0,0,30.89765,44.2664
2025-05-28 20:40:06,0,0,30.89765,44.2664
2025-05-28 20:40:06,0,0,30.88882,42.95943
2025-05-28 20:40:06,0,0,30.88882,42.95943
2025-05-28 20:40:07,0,0,30.89177,46.96215
2025-05-28 20:40:07,0,0,30.89177,46.96215
2025-05-28 20:40:07,0,0,30.90353,45.45889
2025-05-28 20:40:07,0,0,30.90353,45.45889
2025-05-28 20:40:07,0,0,30.89177,43.80531
2025-05-28 20:40:07,0,0,30.89177,43.80531
2025-05-28 20:40:07,0,0,30.90059,48.96085
2025-05-28 20:40:07,0,0,30.90059,48.96085
2025-05-28 20:40:07,0,0,30.88882,46.71533
2025-05-28 20:40:07,0,0,30.88882,46.71533
2025-05-28 20:40:08,0,0,30.89471,46.94858
2025-05-28 20:40:08,0,0,30.89471,46.94858
2025-05-28 20:40:08,0,0,30.90647,50.68628
2025-05-28 20:40:08,0,0,30.90647,50.68628
2025-05-28 20:40:08,0,0,30.89765,46.06686
2025-05-28 20:40:08,0,0,30.89765,46.06686
2025-05-28 20:40:08,0,0,30.92118,46.19486
2025-05-28 20:40:08,0,0,30.92118,46.19486
2025-05-28 20:40:08,0,0,30.89765,43.46577
2025-05-28 20:40:08,0,0,30.89765,43.46577
2025-05-28 20:40:09,0,0,30.91529,48.18402
2025-05-28 20:40:09,0,0,30.91529,48.18402
2025-05-28 20:40:09,0,0,30.89471,46.19117
2025-05-28 20:40:09,0,0,30.89471,46.19117
2025-05-28 20:40:09,0,0,30.90059,45.74364
2025-05-28 20:40:09,0,0,30.90059,45.74364
2025-05-28 20:40:09,0,0,30.90941,42.83675
2025-05-28 20:40:09,0,0,30.90941,42.83675
2025-05-28 20:40:09,0,0,30.92118,45.8004
2025-05-28 20:40:09,0,0,30.92118,45.8004
2025-05-28 20:40:10,0,0,30.93294,45.8914
2025-05-28 20:40:10,0,0,30.93294,45.8914
2025-05-28 20:40:10,0,0,30.95353,43.15841
2025-05-28 20:40:10,0,0,30.95353,43.15841
2025-05-28 20:40:10,0,0,30.94176,43.8447
2025-05-28 20:40:10,0,0,30.94176,43.8447
2025-05-28 20:40:10,0,0,30.93588,46.4182
2025-05-28 20:40:10,0,0,30.93588,46.4182
2025-05-28 20:40:11,0,0,30.93882,45.93163
2025-05-28 20:40:11,0,0,30.93882,45.93163
2025-05-28 20:40:11,0,0,30.95647,49.78017
2025-05-28 20:40:11,0,0,30.95647,49.78017
2025-05-28 20:40:11,0,0,30.94471,47.00438
2025-05-28 20:40:11,0,0,30.94471,47.00438
2025-05-28 20:40:11,0,0,30.96824,47.1011
2025-05-28 20:40:11,0,0,30.96824,47.1011
2025-05-28 20:40:11,0,0,30.94765,44.70939
2025-05-28 20:40:11,0,0,30.94765,44.70939
2025-05-28 20:40:12,0,0,30.94471,43.33333
2025-05-28 20:40:12,0,0,30.94471,43.33333
2025-05-28 20:40:12,0,0,30.94765,47.64968
2025-05-28 20:40:12,0,0,30.94765,47.64968
2025-05-28 20:40:12,0,0,30.95353,46.37542
2025-05-28 20:40:12,0,0,30.95353,46.37542
2025-05-28 20:40:12,0,0,30.94176,48.66732
2025-05-28 20:40:12,0,0,30.94176,48.66732
2025-05-28 20:40:12,0,0,30.94471,49.56226
2025-05-28 20:40:12,0,0,30.94471,49.56226
2025-05-28 20:40:13,0,0,30.96824,46.45477
2025-05-28 20:40:13,0,0,30.96824,46.45477
2025-05-28 20:40:13,0,0,30.94765,47.22488
2025-05-28 20:40:13,0,0,30.94765,47.22488
2025-05-28 20:40:13,0,0,30.95941,45.54707
2025-05-28 20:40:13,0,0,30.95941,45.54707
2025-05-28 20:40:13,0,0,30.95059,48.59496
2025-05-28 20:40:13,0,0,30.95059,48.59496
2025-05-28 20:40:13,0,0,30.96824,46.45631
2025-05-28 20:40:13,0,0,30.96824,46.45631
2025-05-28 20:40:14,0,0,30.95353,46.82997
2025-05-28 20:40:14,0,0,30.95353,46.82997
2025-05-28 20:40:14,0,0,30.95353,42.19738
2025-05-28 20:40:14,0,0,30.95353,42.19738
2025-05-28 20:40:14,0,0,30.96824,45.83333
2025-05-28 20:40:14,0,0,30.96824,45.83333
2025-05-28 20:40:14,0,0,30.96529,46.55674
2025-05-28 20:40:14,0,0,30.96529,46.55674
2025-05-28 20:40:14,0,0,30.97706,45.31482
2025-05-28 20:40:14,0,0,30.97706,45.31482
2025-05-28 20:40:15,0,0,30.95647,43.67269
2025-05-28 20:40:15,0,0,30.95647,43.67269
2025-05-28 20:40:15,0,0,30.95353,47.22086
2025-05-28 20:40:15,0,0,30.95353,47.22086
2025-05-28 20:40:15,0,0,30.95059,46.26724
2025-05-28 20:40:15,0,0,30.95059,46.26724
2025-05-28 20:40:15,0,0,30.95647,50.46049
2025-05-28 20:40:15,0,0,30.95647,50.46049
2025-05-28 20:40:15,0,0,30.96235,50.23946
2025-05-28 20:40:15,0,0,30.96235,50.23946
2025-05-28 20:40:16,0,0,30.97412,47.15051
2025-05-28 20:40:16,0,0,30.97412,47.15051
2025-05-28 20:40:16,0,0,30.97118,47.51672
2025-05-28 20:40:16,0,0,30.97118,47.51672
2025-05-28 20:40:16,0,0,30.98588,51.05162
2025-05-28 20:40:16,0,0,30.98588,51.05162
2025-05-28 20:40:16,0,0,30.97412,45.17647
2025-05-28 20:40:16,0,0,30.97412,45.17647
2025-05-28 20:40:16,0,0,30.97412,46.98565
2025-05-28 20:40:16,0,0,30.97412,46.98565
2025-05-28 20:40:17,0,0,30.98,46.37405
2025-05-28 20:40:17,0,0,30.98,46.37405
2025-05-28 20:40:17,0,0,30.96824,42.73214
2025-05-28 20:40:17,0,0,30.96824,42.73214
2025-05-28 20:40:17,0,0,30.94765,47.9207
2025-05-28 20:40:17,0,0,30.94765,47.9207
2025-05-28 20:40:17,0,0,30.98588,46.50266
2025-05-28 20:40:17,0,0,30.98588,46.50266
2025-05-28 20:40:17,0,0,30.99765,46.53753
2025-05-28 20:40:17,0,0,30.99765,46.53753
2025-05-28 20:40:18,0,0,30.98,51.28828
2025-05-28 20:40:18,0,0,30.98,51.28828
2025-05-28 20:40:18,0,0,30.95941,46.69561
2025-05-28 20:40:18,0,0,30.95941,46.69561
2025-05-28 20:40:18,0,0,30.96824,46.75012
2025-05-28 20:40:18,0,0,30.96824,46.75012
2025-05-28 20:40:18,0,0,30.97706,47.87759
2025-05-28 20:40:18,0,0,30.97706,47.87759
2025-05-28 20:40:18,0,0,30.99765,43.50711
2025-05-28 20:40:18,0,0,30.99765,43.50711
2025-05-28 20:40:19,0,0,30.97412,47.16157
2025-05-28 20:40:19,0,0,30.97412,47.16157
2025-05-28 20:40:19,0,0,30.98588,46.97186
2025-05-28 20:40:19,0,0,30.98588,46.97186
2025-05-28 20:40:19,0,0,31.00353,48.20285
2025-05-28 20:40:19,0,0,31.00353,48.20285
2025-05-28 20:40:19,0,0,31.00353,43.5461
2025-05-28 20:40:19,0,0,31.00353,43.5461
2025-05-28 20:40:19,0,0,31.00941,45.83539
2025-05-28 20:40:19,0,0,31.00941,45.83539
2025-05-28 20:40:20,0,0,31.01824,47.21561
2025-05-28 20:40:20,0,0,31.01824,47.21561
2025-05-28 20:40:20,0,0,30.99471,44.48743
2025-05-28 20:40:20,0,0,30.99471,44.48743
2025-05-28 20:40:20,0,0,30.98,44.57492
2025-05-28 20:40:20,0,0,30.98,44.57492
2025-05-28 20:40:20,0,0,30.98882,47.84069
2025-05-28 20:40:20,0,0,30.98882,47.84069
2025-05-28 20:40:20,0,0,30.97706,46.55985
2025-05-28 20:40:20,0,0,30.97706,46.55985
2025-05-28 20:40:21,0,0,31.02118,43.99811
2025-05-28 20:40:21,0,0,31.02118,43.99811
2025-05-28 20:40:21,0,0,31.0153,48.63309
2025-05-28 20:40:21,0,0,31.0153,48.63309
2025-05-28 20:40:21,0,0,31.0153,47.36342
2025-05-28 20:40:21,0,0,31.0153,47.36342
2025-05-28 20:40:21,0,0,31.01824,46.78676
2025-05-28 20:40:21,0,0,31.01824,46.78676
2025-05-28 20:40:21,0,0,31.00941,51.01547
2025-05-28 20:40:21,0,0,31.00941,51.01547
2025-05-28 20:40:22,0,0,31.01235,47.94785
2025-05-28 20:40:22,0,0,31.01235,47.94785
2025-05-28 20:40:22,0,0,31.02118,47.96978
2025-05-28 20:40:22,0,0,31.02118,47.96978
2025-05-28 20:40:22,0,0,31.01824,50.96339
2025-05-28 20:40:22,0,0,31.01824,50.96339
2025-05-28 20:40:22,0,0,31.02118,47.87645
2025-05-28 20:40:22,0,0,31.02118,47.87645
2025-05-28 20:40:22,0,0,30.98882,47.68717
2025-05-28 20:40:22,0,0,30.98882,47.68717
2025-05-28 20:40:23,0,0,30.98882,46.26213
2025-05-28 20:40:23,0,0,30.98882,46.26213
2025-05-28 20:40:23,0,0,31.00941,43.82339
2025-05-28 20:40:23,0,0,31.00941,43.82339
2025-05-28 20:40:23,0,0,31.00941,47.91059
2025-05-28 20:40:23,0,0,31.00941,47.91059
2025-05-28 20:40:23,0,0,31.00647,46.84854
2025-05-28 20:40:23,0,0,31.00647,46.84854
2025-05-28 20:40:23,0,0,31.00059,49.42912
2025-05-28 20:40:23,0,0,31.00059,49.42912
2025-05-28 20:40:24,0,0,31.00647,44.51191
2025-05-28 20:40:24,0,0,31.00647,44.51191
2025-05-28 20:40:24,0,0,31.01824,47.47573
2025-05-28 20:40:24,0,0,31.01824,47.47573
2025-05-28 20:40:24,0,0,31.01824,46.47556
2025-05-28 20:40:24,0,0,31.01824,46.47556
2025-05-28 20:40:24,0,0,31.02118,50.80527
2025-05-28 20:40:24,0,0,31.02118,50.80527
2025-05-28 20:40:24,0,0,31.0153,48.79923
2025-05-28 20:40:24,0,0,31.0153,48.79923
2025-05-28 20:40:25,0,0,31.01824,46.85686
2025-05-28 20:40:25,0,0,31.01824,46.85686
2025-05-28 20:40:25,0,0,31.02412,46.62813
2025-05-28 20:40:25,0,0,31.02412,46.62813
2025-05-28 20:40:25,0,0,31.01824,50.2708
2025-05-28 20:40:25,0,0,31.01824,50.2708
2025-05-28 20:40:25,0,0,31.03588,46.20623
2025-05-28 20:40:25,0,0,31.03588,46.20623
2025-05-28 20:40:25,0,0,31.04177,47.16891
2025-05-28 20:40:25,0,0,31.04177,47.16891
2025-05-28 20:40:26,0,0,31.04471,43.85266
2025-05-28 20:40:26,0,0,31.04471,43.85266
2025-05-28 20:40:26,0,0,31.03294,49.15007
2025-05-28 20:40:26,0,0,31.03294,49.15007
2025-05-28 20:40:26,0,0,31.03294,46.7189
2025-05-28 20:40:26,0,0,31.03294,46.7189
2025-05-28 20:40:26,0,0,31.03588,46.88556
2025-05-28 20:40:26,0,0,31.03588,46.88556
2025-05-28 20:40:26,0,0,31.03,49.80373
2025-05-28 20:40:26,0,0,31.03,49.80373
2025-05-28 20:40:27,0,0,31.03882,45.45454
2025-05-28 20:40:27,0,0,31.03882,45.45454
2025-05-28 20:40:27,0,0,31.02118,46.78278
2025-05-28 20:40:27,0,0,31.02118,46.78278
2025-05-28 20:40:27,0,0,31.0153,48.99559
2025-05-28 20:40:27,0,0,31.0153,48.99559
2025-05-28 20:40:27,0,0,31.02118,43.52941
2025-05-28 20:40:27,0,0,31.02118,43.52941
2025-05-28 20:40:27,0,0,31.01824,47.72838
2025-05-28 20:40:27,0,0,31.01824,47.72838
2025-05-28 20:40:28,0,0,31.02412,48.07784
2025-05-28 20:40:28,0,0,31.02412,48.07784
2025-05-28 20:40:28,0,0,31.01824,51.77962
2025-05-28 20:40:28,0,0,31.01824,51.77962
2025-05-28 20:40:28,0,0,31.00941,47.42317
2025-05-28 20:40:28,0,0,31.00941,47.42317
2025-05-28 20:40:28,0,0,31.01824,47.75838
2025-05-28 20:40:28,0,0,31.01824,47.75838
2025-05-28 20:40:28,0,0,31.01824,49.95197
2025-05-28 20:40:28,0,0,31.01824,49.95197
2025-05-28 20:40:29,0,0,31.02706,45.41242
2025-05-28 20:40:29,0,0,31.02706,45.41242
2025-05-28 20:40:29,0,0,31.02706,47.33079
2025-05-28 20:40:29,0,0,31.02706,47.33079
2025-05-28 20:40:29,0,0,31.03588,47.89272
2025-05-28 20:40:29,0,0,31.03588,47.89272
2025-05-28 20:40:29,0,0,31.04471,43.87036
2025-05-28 20:40:29,0,0,31.04471,43.87036
2025-05-28 20:40:29,0,0,31.02706,47.04185
2025-05-28 20:40:29,0,0,31.02706,47.04185
2025-05-28 20:40:30,0,0,31.03882,46.66979
2025-05-28 20:40:30,0,0,31.03882,46.66979
2025-05-28 20:40:30,0,0,31.03882,43.38374
2025-05-28 20:40:30,0,0,31.03882,43.38374
2025-05-28 20:40:30,0,0,31.03882,47.56392
2025-05-28 20:40:30,0,0,31.03882,47.56392
2025-05-28 20:40:30,0,0,31.04177,47.65514
2025-05-28 20:40:30,0,0,31.04177,47.65514
2025-05-28 20:40:30,0,0,31.04765,44.27593
2025-05-28 20:40:30,0,0,31.04765,44.27593
2025-05-28 20:40:31,0,0,31.04765,44.27907
2025-05-28 20:40:31,0,0,31.04765,44.27907
2025-05-28 20:40:31,0,0,31.04765,47.69596
2025-05-28 20:40:31,0,0,31.04765,47.69596
2025-05-28 20:40:31,0,0,31.04765,46.99763
2025-05-28 20:40:31,0,0,31.04765,46.99763
2025-05-28 20:40:31,0,0,31.05059,43.36031
2025-05-28 20:40:31,0,0,31.05059,43.36031
2025-05-28 20:40:31,0,0,31.05059,46.67637
2025-05-28 20:40:31,0,0,31.05059,46.67637
2025-05-28 20:40:32,0,0,31.03882,47.0337
2025-05-28 20:40:32,0,0,31.03882,47.0337
2025-05-28 20:40:32,0,0,31.05353,50.68093
2025-05-28 20:40:32,0,0,31.05353,50.68093
2025-05-28 20:40:32,0,0,31.05941,49.7852
2025-05-28 20:40:32,0,0,31.05941,49.7852
2025-05-28 20:40:32,0,0,31.06824,47.19693
2025-05-28 20:40:32,0,0,31.06824,47.19693
2025-05-28 20:40:32,0,0,31.05647,46.86596
2025-05-28 20:40:32,0,0,31.05647,46.86596
2025-05-28 20:40:33,0,0,31.06235,43.68841
2025-05-28 20:40:33,0,0,31.06235,43.68841
2025-05-28 20:40:33,0,0,31.06529,47.21154
2025-05-28 20:40:33,0,0,31.06529,47.21154
2025-05-28 20:40:33,0,0,31.06529,47.89399
2025-05-28 20:40:33,0,0,31.06529,47.89399
2025-05-28 20:40:33,0,0,31.06824,43.88489
2025-05-28 20:40:33,0,0,31.06824,43.88489
2025-05-28 20:40:33,0,0,31.07118,45.45882
2025-05-28 20:40:33,0,0,31.07118,45.45882
2025-05-28 20:40:34,0,0,31.08,47.48924
2025-05-28 20:40:34,0,0,31.08,47.48924
2025-05-28 20:40:34,0,0,31.08,48.17696
2025-05-28 20:40:34,0,0,31.08,48.17696
2025-05-28 20:40:34,0,0,31.08,50.40573
2025-05-28 20:40:34,0,0,31.08,50.40573
2025-05-28 20:40:34,0,0,31.07706,47.24485
2025-05-28 20:40:34,0,0,31.07706,47.24485
2025-05-28 20:40:34,0,0,31.06824,48.16729
2025-05-28 20:40:34,0,0,31.06824,48.16729
2025-05-28 20:40:35,0,0,31.07706,43.45154
2025-05-28 20:40:35,0,0,31.07706,43.45154
2025-05-28 20:40:35,0,0,31.08294,46.36792
2025-05-28 20:40:35,0,0,31.08294,46.36792
2025-05-28 20:40:35,0,0,31.09176,47.13134
2025-05-28 20:40:35,0,0,31.09176,47.13134
2025-05-28 20:40:35,0,0,31.09176,49.831
2025-05-28 20:40:35,0,0,31.09176,49.831
2025-05-28 20:40:35,0,0,31.10647,49.69121
2025-05-28 20:40:35,0,0,31.10647,49.69121
2025-05-28 20:40:36,0,0,31.10059,47.49164
2025-05-28 20:40:36,0,0,31.10059,47.49164
2025-05-28 20:40:36,0,0,31.08588,47.16261
2025-05-28 20:40:36,0,0,31.08588,47.16261
2025-05-28 20:40:36,0,0,31.09471,43.76181
2025-05-28 20:40:36,0,0,31.09471,43.76181
2025-05-28 20:40:36,0,0,31.08588,48.09756
2025-05-28 20:40:36,0,0,31.08588,48.09756
2025-05-28 20:40:36,0,0,31.10059,47.65736
2025-05-28 20:40:36,0,0,31.10059,47.65736
2025-05-28 20:40:37,0,0,31.09765,50.6065
2025-05-28 20:40:37,0,0,31.09765,50.6065
2025-05-28 20:40:37,0,0,31.09765,45.89009
2025-05-28 20:40:37,0,0,31.09765,45.89009
2025-05-28 20:40:37,0,0,31.10941,47.19424
2025-05-28 20:40:37,0,0,31.10941,47.19424
2025-05-28 20:40:37,0,0,31.10059,47.8744
2025-05-28 20:40:37,0,0,31.10059,47.8744
2025-05-28 20:40:37,0,0,31.10941,43.88422
2025-05-28 20:40:37,0,0,31.10941,43.88422
2025-05-28 20:40:38,0,0,31.10647,47.77778
2025-05-28 20:40:38,0,0,31.10647,47.77778
2025-05-28 20:40:38,0,0,31.11529,48.01512
2025-05-28 20:40:38,0,0,31.11529,48.01512
2025-05-28 20:40:38,0,0,31.11529,50.4352
2025-05-28 20:40:38,0,0,31.11529,50.4352
2025-05-28 20:40:38,0,0,31.11823,47.98642
2025-05-28 20:40:38,0,0,31.11823,47.98642
2025-05-28 20:40:38,0,0,31.11529,47.90193
2025-05-28 20:40:38,0,0,31.11529,47.90193
2025-05-28 20:40:39,0,0,31.11823,51.32148
2025-05-28 20:40:39,0,0,31.11823,51.32148
2025-05-28 20:40:39,0,0,31.10647,46.26437
2025-05-28 20:40:39,0,0,31.10647,46.26437
2025-05-28 20:40:39,0,0,31.10059,47.73486
2025-05-28 20:40:39,0,0,31.10059,47.73486
2025-05-28 20:40:39,0,0,31.10353,45.99609
2025-05-28 20:40:39,0,0,31.10353,45.99609
2025-05-28 20:40:39,0,0,31.10941,44.47552
2025-05-28 20:40:39,0,0,31.10941,44.47552
2025-05-28 20:40:40,0,0,31.10647,47.46896
2025-05-28 20:40:40,0,0,31.10647,47.46896
2025-05-28 20:40:40,0,0,31.10647,47.42366
2025-05-28 20:40:40,0,0,31.10647,47.42366
2025-05-28 20:40:40,0,0,31.10647,51.83771
2025-05-28 20:40:40,0,0,31.10647,51.83771
2025-05-28 20:40:40,0,0,31.11823,47.10425
2025-05-28 20:40:40,0,0,31.11823,47.10425
2025-05-28 20:40:40,0,0,31.10353,48.06421
2025-05-28 20:40:40,0,0,31.10353,48.06421
2025-05-28 20:40:41,0,0,31.11235,43.78753
2025-05-28 20:40:41,0,0,31.11235,43.78753
2025-05-28 20:40:41,0,0,31.12412,48.45411
2025-05-28 20:40:41,0,0,31.12412,48.45411
2025-05-28 20:40:41,0,0,31.10941,47.20526
2025-05-28 20:40:41,0,0,31.10941,47.20526
2025-05-28 20:40:41,0,0,31.11235,51.10471
2025-05-28 20:40:41,0,0,31.11235,51.10471
2025-05-28 20:40:41,0,0,31.11529,48.7375
2025-05-28 20:40:41,0,0,31.11529,48.7375
2025-05-28 20:40:42,0,0,31.10941,47.85305
2025-05-28 20:40:42,0,0,31.10941,47.85305
2025-05-28 20:40:42,0,0,31.11235,49.08213
2025-05-28 20:40:42,0,0,31.11235,49.08213
2025-05-28 20:40:42,0,0,31.11235,50.87471
2025-05-28 20:40:42,0,0,31.11235,50.87471
2025-05-28 20:40:42,0,0,31.10941,48.14639
2025-05-28 20:40:42,0,0,31.10941,48.14639
2025-05-28 20:40:42,0,0,31.10647,47.79307
2025-05-28 20:40:42,0,0,31.10647,47.79307
2025-05-28 20:40:43,0,0,31.12412,44.09155
2025-05-28 20:40:43,0,0,31.12412,44.09155
2025-05-28 20:40:43,0,0,31.11823,48.06313
2025-05-28 20:40:43,0,0,31.11823,48.06313
2025-05-28 20:40:43,0,0,31.12118,47.63482
2025-05-28 20:40:43,0,0,31.12118,47.63482
2025-05-28 20:40:43,0,0,31.12118,44.11483
2025-05-28 20:40:43,0,0,31.12118,44.11483
2025-05-28 20:40:43,0,0,31.11823,45.97378
2025-05-28 20:40:43,0,0,31.11823,45.97378
2025-05-28 20:40:44,0,0,31.12118,47.80952
2025-05-28 20:40:44,0,0,31.12118,47.80952
2025-05-28 20:40:44,0,0,31.11235,49.21415
2025-05-28 20:40:44,0,0,31.11235,49.21415
2025-05-28 20:40:44,0,0,31.13588,49.46537
2025-05-28 20:40:44,0,0,31.13588,49.46537
2025-05-28 20:40:44,0,0,31.12118,48.24772
2025-05-28 20:40:44,0,0,31.12118,48.24772
2025-05-28 20:40:44,0,0,31.13,47.23265
2025-05-28 20:40:44,0,0,31.13,47.23265
2025-05-28 20:40:45,0,0,31.11529,51.82167
2025-05-28 20:40:45,0,0,31.11529,51.82167
2025-05-28 20:40:45,0,0,31.12118,47.68717
2025-05-28 20:40:45,0,0,31.12118,47.68717
2025-05-28 20:40:45,0,0,31.12118,48.14118
2025-05-28 20:40:45,0,0,31.12118,48.14118
2025-05-28 20:40:45,0,0,31.12412,50.83135
2025-05-28 20:40:45,0,0,31.12412,50.83135
2025-05-28 20:40:45,0,0,31.12412,50.14259
2025-05-28 20:40:45,0,0,31.12412,50.14259
2025-05-28 20:40:46,0,0,31.12706,47.79097
2025-05-28 20:40:46,0,0,31.12706,47.79097
2025-05-28 20:40:46,0,0,31.13,46.793
2025-05-28 20:40:46,0,0,31.13,46.793
2025-05-28 20:40:46,0,0,31.12118,51.44928
2025-05-28 20:40:46,0,0,31.12118,51.44928
2025-05-28 20:40:46,0,0,31.11235,48.68484
2025-05-28 20:40:46,0,0,31.11235,48.68484
2025-05-28 20:40:46,0,0,31.11235,49.65612
2025-05-28 20:40:46,0,0,31.11235,49.65612
2025-05-28 20:40:47,0,0,31.12412,52.15356
2025-05-28 20:40:47,0,0,31.12412,52.15356
2025-05-28 20:40:47,0,0,31.11529,50.55607
2025-05-28 20:40:47,0,0,31.11529,50.55607
2025-05-28 20:40:47,0,0,31.11823,48.83287
2025-05-28 20:40:47,0,0,31.11823,48.83287
2025-05-28 20:40:47,0,0,31.11823,49.90637
2025-05-28 20:40:47,0,0,31.11823,49.90637
2025-05-28 20:40:47,0,0,31.12118,45.57482
2025-05-28 20:40:47,0,0,31.12118,45.57482
2025-05-28 20:40:48,0,0,31.12706,48.36296
2025-05-28 20:40:48,0,0,31.12706,48.36296
2025-05-28 20:40:48,0,0,31.13882,48.23151
2025-05-28 20:40:48,0,0,31.13882,48.23151
2025-05-28 20:40:48,0,0,31.14177,45.54317
2025-05-28 20:40:48,0,0,31.14177,45.54317
2025-05-28 20:40:48,0,0,31.15059,48.98824
2025-05-28 20:40:48,0,0,31.15059,48.98824
2025-05-28 20:40:48,0,0,31.13588,48.50467
2025-05-28 20:40:48,0,0,31.13588,48.50467
2025-05-28 20:40:49,0,0,31.14177,46.58502
2025-05-28 20:40:49,0,0,31.14177,46.58502
2025-05-28 20:40:49,0,0,31.15353,51.50812
2025-05-28 20:40:49,0,0,31.15353,51.50812
2025-05-28 20:40:49,0,0,31.13882,48.93718
2025-05-28 20:40:49,0,0,31.13882,48.93718
2025-05-28 20:40:49,0,0,31.13882,49.32901
2025-05-28 20:40:49,0,0,31.13882,49.32901
2025-05-28 20:40:49,0,0,31.14471,51.98676
2025-05-28 20:40:49,0,0,31.14471,51.98676
2025-05-28 20:40:50,0,0,31.14765,48.95833
2025-05-28 20:40:50,0,0,31.14765,48.95833
2025-05-28 20:40:50,0,0,31.15353,49.19168
2025-05-28 20:40:50,0,0,31.15353,49.19168
2025-05-28 20:40:50,0,0,31.15941,52.27806
2025-05-28 20:40:50,0,0,31.15941,52.27806
2025-05-28 20:40:50,0,0,31.15353,46.9759
2025-05-28 20:40:50,0,0,31.15353,46.9759
2025-05-28 20:40:50,0,0,31.14471,48.78618
2025-05-28 20:40:50,0,0,31.14471,48.78618
2025-05-28 20:40:51,0,0,31.13882,49.18718
2025-05-28 20:40:51,0,0,31.13882,49.18718
2025-05-28 20:40:51,0,0,31.14471,52.14552
2025-05-28 20:40:51,0,0,31.14471,52.14552
2025-05-28 20:40:51,0,0,31.13882,48.61697
2025-05-28 20:40:51,0,0,31.13882,48.61697
2025-05-28 20:40:51,0,0,31.14177,49.63303
2025-05-28 20:40:51,0,0,31.14177,49.63303
2025-05-28 20:40:51,0,0,31.14765,45.99255
2025-05-28 20:40:51,0,0,31.14765,45.99255
2025-05-28 20:40:52,0,0,31.14471,47.2893
2025-05-28 20:40:52,0,0,31.14471,47.2893
2025-05-28 20:40:52,0,0,31.15353,48.6124
2025-05-28 20:40:52,0,0,31.15353,48.6124
2025-05-28 20:40:52,0,0,31.15059,49.50727
2025-05-28 20:40:52,0,0,31.15059,49.50727
2025-05-28 20:40:52,0,0,31.15353,45.35569
2025-05-28 20:40:52,0,0,31.15353,45.35569
2025-05-28 20:40:52,0,0,31.15941,49.01961
2025-05-28 20:40:52,0,0,31.15941,49.01961
2025-05-28 20:40:53,0,0,31.15647,49.02958
2025-05-28 20:40:53,0,0,31.15647,49.02958
2025-05-28 20:40:53,0,0,31.15941,44.79263
2025-05-28 20:40:53,0,0,31.15941,44.79263
2025-05-28 20:40:53,0,0,31.16235,48.22007
2025-05-28 20:40:53,0,0,31.16235,48.22007
2025-05-28 20:40:53,0,0,31.16235,48.95495
2025-05-28 20:40:53,0,0,31.16235,48.95495
2025-05-28 20:40:53,0,0,31.15353,50.28708
2025-05-28 20:40:53,0,0,31.15353,50.28708
2025-05-28 20:40:54,0,0,31.15941,45.74275
2025-05-28 20:40:54,0,0,31.15941,45.74275
2025-05-28 20:40:54,0,0,31.14765,49.34334
2025-05-28 20:40:54,0,0,31.14765,49.34334
2025-05-28 20:40:54,0,0,31.15059,48.30431
2025-05-28 20:40:54,0,0,31.15059,48.30431
2025-05-28 20:40:54,0,0,31.14765,52.34486
2025-05-28 20:40:54,0,0,31.14765,52.34486
2025-05-28 20:40:54,0,0,31.16235,49.41232
2025-05-28 20:40:54,0,0,31.16235,49.41232
2025-05-28 20:40:55,0,0,31.15647,48.7611
2025-05-28 20:40:55,0,0,31.15647,48.7611
2025-05-28 20:40:55,0,0,31.15941,50.14111
2025-05-28 20:40:55,0,0,31.15941,50.14111
2025-05-28 20:40:55,0,0,31.15353,52.25476
2025-05-28 20:40:55,0,0,31.15353,52.25476
2025-05-28 20:40:55,0,0,31.15647,48.562
2025-05-28 20:40:55,0,0,31.15647,48.562
2025-05-28 20:40:55,0,0,31.14765,49.26673
2025-05-28 20:40:55,0,0,31.14765,49.26673
2025-05-28 20:40:56,0,0,31.15353,46.40339
2025-05-28 20:40:56,0,0,31.15353,46.40339
2025-05-28 20:40:56,0,0,31.16235,51.11008
2025-05-28 20:40:56,0,0,31.16235,51.11008
2025-05-28 20:40:56,0,0,31.17412,48.45794
2025-05-28 20:40:56,0,0,31.17412,48.45794
2025-05-28 20:40:56,0,0,31.17118,47.19155
2025-05-28 20:40:56,0,0,31.17118,47.19155
2025-05-28 20:40:56,0,0,31.15647,50.22113
2025-05-28 20:40:56,0,0,31.15647,50.22113
2025-05-28 20:40:57,0,0,31.16529,46.97266
2025-05-28 20:40:57,0,0,31.16529,46.97266
2025-05-28 20:40:57,0,0,31.15059,46.793
2025-05-28 20:40:57,0,0,31.15059,46.793
2025-05-28 20:40:57,0,0,31.14765,49.26109
2025-05-28 20:40:57,0,0,31.14765,49.26109
2025-05-28 20:40:57,0,0,31.14471,43.70192
2025-05-28 20:40:57,0,0,31.14471,43.70192
2025-05-28 20:40:57,0,0,31.14177,46.26719
2025-05-28 20:40:57,0,0,31.14177,46.26719
2025-05-28 20:40:58,0,0,31.12412,45.20413
2025-05-28 20:40:58,0,0,31.12412,45.20413
2025-05-28 20:40:58,0,0,31.11823,42.39922
2025-05-28 20:40:58,0,0,31.11823,42.39922
2025-05-28 20:40:58,0,0,31.12706,45.85153
2025-05-28 20:40:58,0,0,31.12706,45.85153
2025-05-28 20:40:58,0,0,31.13294,46
2025-05-28 20:40:58,0,0,31.13294,46
2025-05-28 20:40:58,0,0,31.12118,44.68191
2025-05-28 20:40:58,0,0,31.12118,44.68191
2025-05-28 20:40:59,0,0,31.11235,50.5484
2025-05-28 20:40:59,0,0,31.11235,50.5484
2025-05-28 20:40:59,0,0,31.11823,47.77778
2025-05-28 20:40:59,0,0,31.11823,47.77778
2025-05-28 20:40:59,0,0,31.12412,47.94908
2025-05-28 20:40:59,0,0,31.12412,47.94908
2025-05-28 20:40:59,0,0,31.10941,43.31754
2025-05-28 20:40:59,0,0,31.10941,43.31754
2025-05-28 20:40:59,0,0,31.10647,46.14657
2025-05-28 20:40:59,0,0,31.10647,46.14657
2025-05-28 20:41:00,0,0,31.11235,47.38358
2025-05-28 20:41:00,0,0,31.11235,47.38358
2025-05-28 20:41:00,0,0,31.12412,48.54321
2025-05-28 20:41:00,0,0,31.12412,48.54321
2025-05-28 20:41:00,0,0,31.13,51.00962
2025-05-28 20:41:00,0,0,31.13,51.00962
2025-05-28 20:41:00,0,0,31.13,47.0787
2025-05-28 20:41:00,0,0,31.13,47.0787
2025-05-28 20:41:00,0,0,31.14177,47.76828
2025-05-28 20:41:00,0,0,31.14177,47.76828
2025-05-28 20:41:01,0,0,31.13588,43.84356
2025-05-28 20:41:01,0,0,31.13588,43.84356
2025-05-28 20:41:01,0,0,31.13588,45.84475
2025-05-28 20:41:01,0,0,31.13588,45.84475
2025-05-28 20:41:01,0,0,31.12412,46.25246
2025-05-28 20:41:01,0,0,31.12412,46.25246
2025-05-28 20:41:01,0,0,31.12412,46.99248
2025-05-28 20:41:01,0,0,31.12412,46.99248
2025-05-28 20:41:01,0,0,31.11823,51.38015
2025-05-28 20:41:01,0,0,31.11823,51.38015
2025-05-28 20:41:02,0,0,31.11823,47.72942
2025-05-28 20:41:02,0,0,31.11823,47.72942
2025-05-28 20:41:02,0,0,31.11235,48.29995
2025-05-28 20:41:02,0,0,31.11235,48.29995
2025-05-28 20:41:02,0,0,31.11235,50.16595
2025-05-28 20:41:02,0,0,31.11235,50.16595
2025-05-28 20:41:02,0,0,31.11823,51.05584
2025-05-28 20:41:02,0,0,31.11823,51.05584
2025-05-28 20:41:02,0,0,31.13294,48.98054
2025-05-28 20:41:02,0,0,31.13294,48.98054
2025-05-28 20:41:03,0,0,31.11823,48.86205
2025-05-28 20:41:03,0,0,31.11823,48.86205
2025-05-28 20:41:03,0,0,31.11235,44.59016
2025-05-28 20:41:03,0,0,31.11235,44.59016
2025-05-28 20:41:03,0,0,31.11529,47.67609
2025-05-28 20:41:03,0,0,31.11529,47.67609
2025-05-28 20:41:03,0,0,31.11529,47.17241
2025-05-28 20:41:03,0,0,31.11529,47.17241
2025-05-28 20:41:03,0,0,31.13,48.73988
2025-05-28 20:41:03,0,0,31.13,48.73988
2025-05-28 20:41:04,0,0,31.13294,48.27586
2025-05-28 20:41:04,0,0,31.13294,48.27586
2025-05-28 20:41:04,0,0,31.12412,46.32576
2025-05-28 20:41:04,0,0,31.12412,46.32576
2025-05-28 20:41:04,0,0,31.11823,47.37434
2025-05-28 20:41:04,0,0,31.11823,47.37434
2025-05-28 20:41:04,0,0,31.12118,43.93126
2025-05-28 20:41:04,0,0,31.12118,43.93126
2025-05-28 20:41:04,0,0,31.11823,44.78895
2025-05-28 20:41:04,0,0,31.11823,44.78895
2025-05-28 20:41:05,0,0,31.11235,39.11717
2025-05-28 20:41:05,0,0,31.11235,39.11717
2025-05-28 20:41:05,0,0,31.10941,50.48672
2025-05-28 20:41:05,0,0,31.10941,50.48672
2025-05-28 20:41:05,0,0,31.12118,69.5174
2025-05-28 20:41:05,0,0,31.12118,69.5174
2025-05-28 20:41:05,0,0,31.12118,53.80952
2025-05-28 20:41:05,0,0,31.10941,48.2679
2025-05-28 20:41:05,0,0,31.12118,53.80952
2025-05-28 20:41:05,0,0,31.10941,48.2679
2025-05-28 20:41:06,0,0,31.11529,42.52704
2025-05-28 20:41:06,0,0,31.11529,42.52704
2025-05-28 20:41:06,0,0,31.11235,47.91565
2025-05-28 20:41:06,0,0,31.11235,47.91565
2025-05-28 20:41:06,0,0,31.12706,46.40039
2025-05-28 20:41:06,0,0,31.12706,46.40039
2025-05-28 20:41:06,1,0,31.13,47.24725
2025-05-28 20:41:06,1,0,31.13,47.24725
2025-05-28 20:41:07,1,0,31.10647,49.751
2025-05-28 20:41:07,1,0,31.10647,49.751
2025-05-28 20:41:07,1,0,31.11529,45.07114
2025-05-28 20:41:07,1,0,31.11529,45.07114
2025-05-28 20:41:07,2,0,31.11235,45.23107
2025-05-28 20:41:07,2,0,31.11235,45.23107
2025-05-28 20:41:07,2,0,31.12412,43.71957
2025-05-28 20:41:07,2,0,31.12412,43.71957
2025-05-28 20:41:07,2,0,31.10353,48.99951
2025-05-28 20:41:07,2,0,31.10353,48.99951
2025-05-28 20:41:08,2,0,31.12412,46.97491
2025-05-28 20:41:08,2,0,31.12412,46.97491
2025-05-28 20:41:08,2,0,31.12412,46.74817
2025-05-28 20:41:08,2,0,31.12412,46.74817
2025-05-28 20:41:08,2,0,31.10353,50.4724
2025-05-28 20:41:08,2,0,31.10353,50.4724
2025-05-28 20:41:08,2,0,31.10941,46.31168
2025-05-28 20:41:08,2,0,31.10941,46.31168
2025-05-28 20:41:08,2,0,31.10941,46.39727
2025-05-28 20:41:08,2,0,31.10941,46.39727
2025-05-28 20:41:09,2,0,31.10647,44.97012
2025-05-28 20:41:09,2,0,31.10647,44.97012
2025-05-28 20:41:09,2,0,31.11529,49.41234
2025-05-28 20:41:09,2,0,31.11529,49.41234
2025-05-28 20:41:09,2,0,31.10647,46.88716
2025-05-28 20:41:09,2,0,31.10647,46.88716
2025-05-28 20:41:09,2,0,31.10647,49.21514
2025-05-28 20:41:09,2,0,31.10647,49.21514
2025-05-28 20:41:09,2,0,31.09176,42.91949
2025-05-28 20:41:09,2,0,31.09176,42.91949
2025-05-28 20:41:10,2,0,31.10353,48.24772
2025-05-28 20:41:10,2,0,31.10353,48.24772
2025-05-28 20:41:10,2,0,31.09471,47.19807
2025-05-28 20:41:10,2,0,31.09471,47.19807
2025-05-28 20:41:10,3,0,31.08,46.67314
2025-05-28 20:41:10,3,0,31.08,46.67314
2025-05-28 20:41:10,3,0,31.07118,50.6988
2025-05-28 20:41:10,3,0,31.07118,50.6988
2025-05-28 20:41:10,3,0,31.04471,46.74498
2025-05-28 20:41:10,3,0,31.04471,46.74498
2025-05-28 20:41:11,3,0,31.04765,48.1253
2025-05-28 20:41:11,3,0,31.04765,48.1253
2025-05-28 20:41:11,3,0,31.06529,48.60499
2025-05-28 20:41:11,3,0,31.06529,48.60499
2025-05-28 20:41:11,3,0,31.06529,44.23167
2025-05-28 20:41:11,3,0,31.06529,44.23167
2025-05-28 20:41:11,3,0,31.05941,47.55043
2025-05-28 20:41:11,3,0,31.05941,47.55043
2025-05-28 20:41:11,3,0,31.05647,48.02663
2025-05-28 20:41:11,3,0,31.05647,48.02663
2025-05-28 20:41:12,3,0,31.04765,43.44498
2025-05-28 20:41:12,3,0,31.04765,43.44498
2025-05-28 20:41:12,3,0,31.04471,45.67669
2025-05-28 20:41:12,3,0,31.04471,45.67669
2025-05-28 20:41:12,3,0,31.05059,47.69377
2025-05-28 20:41:12,3,0,31.05059,47.69377
2025-05-28 20:41:12,3,0,31.06824,48.68297
2025-05-28 20:41:12,3,0,31.06824,48.68297
2025-05-28 20:41:12,3,0,31.07412,45.09531
2025-05-28 20:41:12,3,0,31.07412,45.09531
2025-05-28 20:41:13,3,0,31.03588,48.58491
2025-05-28 20:41:13,3,0,31.03588,48.58491
2025-05-28 20:41:13,3,0,31.07118,48.9899
2025-05-28 20:41:13,3,0,31.07118,48.9899
2025-05-28 20:41:13,3,0,31.07118,50.80189
2025-05-28 20:41:13,3,0,31.07118,50.80189
2025-05-28 20:41:13,3,0,31.06235,49.27853
2025-05-28 20:41:13,3,0,31.06235,49.27853
2025-05-28 20:41:13,3,0,31.06235,49.64438
2025-05-28 20:41:13,3,0,31.06235,49.64438
2025-05-28 20:41:14,3,0,31.07706,48.14135
2025-05-28 20:41:14,3,0,31.07706,48.14135
2025-05-28 20:41:14,3,0,31.06824,52.36534
2025-05-28 20:41:14,3,0,31.06824,52.36534
2025-05-28 20:41:14,3,0,31.08294,47.18948
2025-05-28 20:41:14,3,0,31.08294,47.18948
2025-05-28 20:41:14,3,0,31.06824,49.79272
2025-05-28 20:41:14,3,0,31.06824,49.79272
2025-05-28 20:41:14,3,0,31.07706,49.58602
2025-05-28 20:41:14,3,0,31.07706,49.58602
2025-05-28 20:41:15,3,0,31.06824,52.48826
2025-05-28 20:41:15,3,0,31.06824,52.48826
2025-05-28 20:41:15,3,0,31.06824,48.77144
2025-05-28 20:41:15,3,0,31.06824,48.77144
2025-05-28 20:41:15,3,0,31.05353,49.7931
2025-05-28 20:41:15,3,0,31.05353,49.7931
2025-05-28 20:41:15,3,0,31.06529,50.46861
2025-05-28 20:41:15,3,0,31.06529,50.46861
2025-05-28 20:41:15,3,0,31.06235,46.10185
2025-05-28 20:41:15,3,0,31.06235,46.10185
2025-05-28 20:41:16,3,0,31.06529,49.09175
2025-05-28 20:41:16,3,0,31.06529,49.09175
2025-05-28 20:41:16,3,0,31.06529,49.3705
2025-05-28 20:41:16,3,0,31.06529,49.3705
2025-05-28 20:41:16,3,0,31.07118,47.86517
2025-05-28 20:41:16,3,0,31.07118,47.86517
2025-05-28 20:41:16,3,0,31.05941,53.16964
2025-05-28 20:41:16,3,0,31.05941,53.16964
2025-05-28 20:41:16,3,0,31.07412,51.1241
2025-05-28 20:41:16,3,0,31.07412,51.1241
2025-05-28 20:41:17,3,0,31.07118,51.24445
2025-05-28 20:41:17,3,0,31.07118,51.24445
2025-05-28 20:41:17,3,0,31.07118,54.80812
2025-05-28 20:41:17,3,0,31.07118,54.80812
2025-05-28 20:41:17,3,0,31.08,50.46399
2025-05-28 20:41:17,3,0,31.08,50.46399
2025-05-28 20:41:17,3,0,31.07412,51.11012
2025-05-28 20:41:17,3,0,31.07412,51.11012
2025-05-28 20:41:17,3,0,31.07118,52.43148
2025-05-28 20:41:17,3,0,31.07118,52.43148
2025-05-28 20:41:18,3,0,31.07412,48.3014
2025-05-28 20:41:18,3,0,31.07412,48.3014
2025-05-28 20:41:18,3,0,31.08882,51.23043
2025-05-28 20:41:18,3,0,31.08882,51.23043
2025-05-28 20:41:18,3,0,31.09471,50.80892
2025-05-28 20:41:18,3,0,31.09471,50.80892
2025-05-28 20:41:18,3,0,31.08588,49.35297
2025-05-28 20:41:18,3,0,31.08588,49.35297
2025-05-28 20:41:18,3,0,31.10353,53.83604
2025-05-28 20:41:18,3,0,31.10353,53.83604
2025-05-28 20:41:19,3,0,31.10059,51.00581
2025-05-28 20:41:19,3,0,31.10059,51.00581
2025-05-28 20:41:19,3,0,31.09176,48.83829
2025-05-28 20:41:19,3,0,31.09176,48.83829
2025-05-28 20:41:19,3,0,31.09471,51.83807
2025-05-28 20:41:19,3,0,31.09471,51.83807
2025-05-28 20:41:19,3,0,31.08588,49.4429
2025-05-28 20:41:19,3,0,31.08588,49.4429
2025-05-28 20:41:19,3,0,31.09176,49.54044
2025-05-28 20:41:19,3,0,31.09176,49.54044
2025-05-28 20:41:20,3,0,31.08882,50.88053
2025-05-28 20:41:20,3,0,31.08882,50.88053
2025-05-28 20:41:20,3,0,31.08882,45.85233
2025-05-28 20:41:20,3,0,31.08882,45.85233
2025-05-28 20:41:20,3,0,31.09765,48.78844
2025-05-28 20:41:20,3,0,31.09765,48.78844
2025-05-28 20:41:20,3,0,31.09471,48.05314
2025-05-28 20:41:20,3,0,31.09471,48.05314
2025-05-28 20:41:20,3,0,31.09471,46.19692
2025-05-28 20:41:20,3,0,31.09471,46.19692
2025-05-28 20:41:21,3,0,31.09471,50.85529
2025-05-28 20:41:21,3,0,31.09471,50.85529
2025-05-28 20:41:21,3,0,31.09471,48.76687
2025-05-28 20:41:21,3,0,31.09471,48.76687
2025-05-28 20:41:21,3,0,31.08882,48.93617
2025-05-28 20:41:21,3,0,31.08882,48.93617
2025-05-28 20:41:21,3,0,31.07412,52.56229
2025-05-28 20:41:21,3,0,31.07412,52.56229
2025-05-28 20:41:21,3,0,31.08588,47.81005
2025-05-28 20:41:21,3,0,31.08588,47.81005
2025-05-28 20:41:22,3,0,31.08588,48.71914
2025-05-28 20:41:22,3,0,31.08588,48.71914
2025-05-28 20:41:22,3,0,31.08588,50
2025-05-28 20:41:22,3,0,31.08588,50
2025-05-28 20:41:22,3,0,31.08,44.92223
2025-05-28 20:41:22,3,0,31.07706,47.91271
2025-05-28 20:41:22,3,0,31.07412,47.71574
2025-05-28 20:41:23,3,0,31.07706,45.90242
2025-05-28 20:41:22,3,0,31.08,44.92223
2025-05-28 20:41:23,3,0,31.06235,50.5597
2025-05-28 20:41:22,3,0,31.07706,47.91271
2025-05-28 20:41:22,3,0,31.07412,47.71574
2025-05-28 20:41:23,3,0,31.07706,45.90242
2025-05-28 20:41:23,3,0,31.06235,50.5597
2025-05-28 20:41:23,3,0,31.09471,48.89307
2025-05-28 20:41:23,3,0,31.09471,48.89307
2025-05-28 20:41:23,3,0,31.09176,48.50467
2025-05-28 20:41:23,3,0,31.09176,48.50467
2025-05-28 20:41:23,3,0,31.07118,52.46212
2025-05-28 20:41:23,3,0,31.07118,52.46212
2025-05-28 20:41:24,3,0,31.08,48.7536
2025-05-28 20:41:24,3,0,31.08,48.7536
2025-05-28 20:41:24,3,0,31.06529,48.61437
2025-05-28 20:41:24,3,0,31.06529,48.61437
2025-05-28 20:41:24,3,0,31.07412,49.3092
2025-05-28 20:41:24,3,0,31.07412,49.3092
2025-05-28 20:41:24,3,0,31.07118,45.26902
2025-05-28 20:41:24,3,0,31.07118,45.26902
2025-05-28 20:41:24,3,0,31.06824,47.41671
2025-05-28 20:41:24,3,0,31.06824,47.41671
2025-05-28 20:41:25,3,0,31.07706,48.19277
2025-05-28 20:41:25,3,0,31.07706,48.19277
2025-05-28 20:41:25,3,0,31.07412,51.26492
2025-05-28 20:41:25,3,0,31.07412,51.26492
2025-05-28 20:41:25,3,0,31.08,45.61243
2025-05-28 20:41:25,3,0,31.08,45.61243
2025-05-28 20:41:25,3,0,31.08,48.25307
2025-05-28 20:41:25,3,0,31.08,48.25307
2025-05-28 20:41:25,3,0,31.08294,47.70088
2025-05-28 20:41:25,3,0,31.08294,47.70088
2025-05-28 20:41:26,3,0,31.08588,45.3031
2025-05-28 20:41:26,3,0,31.08588,45.3031
2025-05-28 20:41:26,3,0,31.07412,50.81967
2025-05-28 20:41:26,3,0,31.07412,50.81967
2025-05-28 20:41:26,3,0,31.06529,48.4619
2025-05-28 20:41:26,3,0,31.06529,48.4619
2025-05-28 20:41:26,3,0,31.07412,49.18262
2025-05-28 20:41:26,3,0,31.07412,49.18262
2025-05-28 20:41:26,3,0,31.07412,52.17599
2025-05-28 20:41:26,3,0,31.07412,52.17599
2025-05-28 20:41:27,3,0,31.07118,46.58356
2025-05-28 20:41:27,3,0,31.07118,46.58356
2025-05-28 20:41:27,3,0,31.05941,48.08872
2025-05-28 20:41:27,3,0,31.05941,48.08872
2025-05-28 20:41:27,3,0,31.05941,47.67008
2025-05-28 20:41:27,3,0,31.05941,47.67008
2025-05-28 20:41:27,3,0,31.06529,44.20323
2025-05-28 20:41:27,3,0,31.06529,44.20323
2025-05-28 20:41:27,3,0,31.06824,48.54137
2025-05-28 20:41:27,3,0,31.06824,48.54137
2025-05-28 20:41:28,3,0,31.05647,48.34344
2025-05-28 20:41:28,3,0,31.05647,48.34344
2025-05-28 20:41:28,3,0,31.06824,47.53471
2025-05-28 20:41:28,3,0,31.06824,47.53471
2025-05-28 20:41:28,3,0,31.07412,51.7274
2025-05-28 20:41:28,3,0,31.07412,51.7274
2025-05-28 20:41:28,3,0,31.06824,48.69483
2025-05-28 20:41:28,3,0,31.06824,48.69483
2025-05-28 20:41:28,3,0,31.07412,48.69036
2025-05-28 20:41:28,3,0,31.07412,48.69036
2025-05-28 20:41:29,3,0,31.07118,49.09953
2025-05-28 20:41:29,3,0,31.07118,49.09953
2025-05-28 20:41:29,3,0,31.06529,44.83708
2025-05-28 20:41:29,3,0,31.06529,44.83708
2025-05-28 20:41:29,3,0,31.06529,47.61905
2025-05-28 20:41:29,3,0,31.06529,47.61905
2025-05-28 20:41:29,3,0,31.05941,47.98877
2025-05-28 20:41:29,3,0,31.05941,47.98877
2025-05-28 20:41:29,3,0,31.07706,47.33301
2025-05-28 20:41:29,3,0,31.07706,47.33301
2025-05-28 20:41:30,3,0,31.06529,52.00756
2025-05-28 20:41:30,3,0,31.06529,52.00756
2025-05-28 20:41:30,3,0,31.06824,49.07187
2025-05-28 20:41:30,3,0,31.06824,49.07187
2025-05-28 20:41:30,3,0,31.06235,49.16279
2025-05-28 20:41:30,3,0,31.06235,49.16279
2025-05-28 20:41:30,3,0,31.06235,50.45433
2025-05-28 20:41:30,3,0,31.06235,50.45433
2025-05-28 20:41:30,3,0,31.05647,45.48387
2025-05-28 20:41:30,3,0,31.05647,45.48387
2025-05-28 20:41:31,3,0,31.05647,48.07601
2025-05-28 20:41:31,3,0,31.05647,48.07601
2025-05-28 20:41:31,3,0,31.04471,47.56606
2025-05-28 20:41:31,3,0,31.04471,47.56606
2025-05-28 20:41:31,3,0,31.05647,45.52417
2025-05-28 20:41:31,3,0,31.05647,45.52417
2025-05-28 20:41:31,3,0,31.06529,51.34497
2025-05-28 20:41:31,3,0,31.06529,51.34497
2025-05-28 20:41:31,3,0,31.05353,48.98056
2025-05-28 20:41:31,3,0,31.05353,48.98056
2025-05-28 20:41:32,3,0,31.07118,48.90341
2025-05-28 20:41:32,3,0,31.07118,48.90341
2025-05-28 20:41:32,3,0,31.06824,50.75615
2025-05-28 20:41:32,3,0,31.06824,50.75615
2025-05-28 20:41:32,3,0,31.06824,45.34671
2025-05-28 20:41:32,3,0,31.06824,45.34671
2025-05-28 20:41:32,3,0,31.05647,48.46626
2025-05-28 20:41:32,3,0,31.05647,48.46626
2025-05-28 20:41:32,3,0,31.05941,47.68089
2025-05-28 20:41:32,3,0,31.05941,47.68089
2025-05-28 20:41:33,3,0,31.05353,46.17225
2025-05-28 20:41:33,3,0,31.05353,46.17225
2025-05-28 20:41:33,3,0,31.04471,50.49552
2025-05-28 20:41:33,3,0,31.04471,50.49552
2025-05-28 20:41:33,3,0,31.04765,49.43609
2025-05-28 20:41:33,3,0,31.04765,49.43609
2025-05-28 20:41:33,3,0,31.05941,50.9839
2025-05-28 20:41:33,3,0,31.05941,50.9839
2025-05-28 20:41:33,3,0,31.05353,54.27795
2025-05-28 20:41:33,3,0,31.05353,54.27795
2025-05-28 20:41:34,3,0,31.05353,46.5673
2025-05-28 20:41:34,3,0,31.05353,46.5673
2025-05-28 20:41:34,3,0,31.05353,48.83178
2025-05-28 20:41:34,3,0,31.05353,48.83178
2025-05-28 20:41:34,3,0,31.05059,49.00452
2025-05-28 20:41:34,3,0,31.05059,49.00452
2025-05-28 20:41:34,3,0,31.04177,46.73507
2025-05-28 20:41:34,3,0,31.04177,46.73507
2025-05-28 20:41:34,3,0,31.04177,50.79737
2025-05-28 20:41:34,3,0,31.04177,50.79737
2025-05-28 20:41:35,3,0,31.05647,47.52523
2025-05-28 20:41:35,3,0,31.05647,47.52523
2025-05-28 20:41:35,3,0,31.05647,46.38109
2025-05-28 20:41:35,3,0,31.05647,46.38109
2025-05-28 20:41:35,3,0,31.05647,49.9497
2025-05-28 20:41:35,3,0,31.05647,49.9497
2025-05-28 20:41:35,3,0,31.05353,46.47749
2025-05-28 20:41:35,3,0,31.05353,46.47749
2025-05-28 20:41:35,3,0,31.04765,47.72836
2025-05-28 20:41:35,3,0,31.04765,47.72836
2025-05-28 20:41:36,3,0,31.05059,50.12037
2025-05-28 20:41:36,3,0,31.05059,50.12037
2025-05-28 20:41:36,3,0,31.05353,44.8
2025-05-28 20:41:36,3,0,31.05353,44.8
2025-05-28 20:41:36,3,0,31.05353,47.95043
2025-05-28 20:41:36,3,0,31.05353,47.95043
2025-05-28 20:41:36,3,0,31.05647,46.92526
2025-05-28 20:41:36,3,0,31.05647,46.92526
2025-05-28 20:41:36,3,0,31.04765,44.51395
2025-05-28 20:41:36,3,0,31.04765,44.51395
2025-05-28 20:41:37,3,0,31.04177,49.30255
2025-05-28 20:41:37,3,0,31.04177,49.30255
2025-05-28 20:41:37,3,0,31.03,47.55685
2025-05-28 20:41:37,3,0,31.03,47.55685
2025-05-28 20:41:37,3,0,31.03,47.65775
2025-05-28 20:41:37,3,0,31.03,47.65775
2025-05-28 20:41:37,3,0,31.04177,51.46627
2025-05-28 20:41:37,3,0,31.04177,51.46627
2025-05-28 20:41:37,3,0,31.04765,46.68906
2025-05-28 20:41:37,3,0,31.04765,46.68906
2025-05-28 20:41:38,3,0,31.05353,47.58687
2025-05-28 20:41:38,3,0,31.05353,47.58687
2025-05-28 20:41:38,3,0,31.05353,49.53363
2025-05-28 20:41:38,3,0,31.05353,49.53363
2025-05-28 20:41:38,3,0,31.04177,44.34538
2025-05-28 20:41:38,3,0,31.04177,44.34538
2025-05-28 20:41:38,3,0,31.03882,47.24903
2025-05-28 20:41:38,3,0,31.03882,47.24903
2025-05-28 20:41:38,3,0,31.05353,46.4235
2025-05-28 20:41:38,3,0,31.05353,46.4235
2025-05-28 20:41:39,3,0,31.04471,44.60641
2025-05-28 20:41:39,3,0,31.04471,44.60641
2025-05-28 20:41:39,3,0,31.04765,50.48216
2025-05-28 20:41:39,3,0,31.04765,50.48216
2025-05-28 20:41:39,3,0,31.03882,48.05447
2025-05-28 20:41:39,3,0,31.03882,48.05447
2025-05-28 20:41:39,3,0,31.05353,46.64144
2025-05-28 20:41:39,3,0,31.05353,46.64144
2025-05-28 20:41:39,3,0,31.04765,44.40678
2025-05-28 20:41:39,3,0,31.04765,44.40678
2025-05-28 20:41:40,3,0,31.05647,49.9275
2025-05-28 20:41:40,3,0,31.05647,49.9275
2025-05-28 20:41:40,3,0,31.04471,47.97857
2025-05-28 20:41:40,3,0,31.04471,47.97857
2025-05-28 20:41:40,3,0,31.05941,48.06127
2025-05-28 20:41:40,3,0,31.05941,48.06127
2025-05-28 20:41:40,3,0,31.06235,51.12086
2025-05-28 20:41:40,3,0,31.06235,51.12086
2025-05-28 20:41:40,3,0,31.05059,44.86157
2025-05-28 20:41:40,3,0,31.05059,44.86157
2025-05-28 20:41:41,3,0,31.05353,47.23837
2025-05-28 20:41:41,3,0,31.05353,47.23837
2025-05-28 20:41:41,3,0,31.05941,46.75573
2025-05-28 20:41:41,3,0,31.05941,46.75573
2025-05-28 20:41:41,3,0,31.04177,42.82992
2025-05-28 20:41:41,3,0,31.04177,42.82992
2025-05-28 20:41:41,3,0,31.03294,47.95918
2025-05-28 20:41:41,3,0,31.03294,47.95918
2025-05-28 20:41:41,3,0,31.02706,47.3913
2025-05-28 20:41:42,3,0,31.01824,46.45631
2025-05-28 20:41:41,3,0,31.02706,47.3913
2025-05-28 20:41:42,3,0,31.01824,46.45631
2025-05-28 20:41:42,3,0,31.0153,51.2301
2025-05-28 20:41:42,3,0,31.0153,51.2301
2025-05-28 20:41:42,3,0,31.01824,47.34535
2025-05-28 20:41:42,3,0,31.01824,47.34535
2025-05-28 20:41:42,3,0,31.00059,47.55278
2025-05-28 20:41:42,3,0,31.00059,47.55278
2025-05-28 20:41:42,3,0,31.00647,49.40945
2025-05-28 20:41:42,3,0,31.00647,49.40945
2025-05-28 20:41:43,3,0,31.00941,43.97363
2025-05-28 20:41:43,3,0,31.00941,43.97363
2025-05-28 20:41:43,3,0,31.02706,47.23301
2025-05-28 20:41:43,3,0,31.02706,47.23301
2025-05-28 20:41:43,3,0,31.00941,46.73031
2025-05-28 20:41:43,3,0,31.00941,46.73031
2025-05-28 20:41:43,3,0,31.00941,44.84937
2025-05-28 20:41:43,3,0,31.00941,44.84937
2025-05-28 20:41:43,3,0,31.00059,49.9031
2025-05-28 20:41:43,3,0,31.00059,49.9031
2025-05-28 20:41:44,3,0,31.01235,47.66082
2025-05-28 20:41:44,3,0,31.01235,47.66082
2025-05-28 20:41:44,3,0,31.00059,47.72182
2025-05-28 20:41:44,3,0,31.00059,47.72182
2025-05-28 20:41:44,3,0,30.98294,51.05547
2025-05-28 20:41:44,3,0,30.98294,51.05547
2025-05-28 20:41:44,3,0,31.00059,45.09524
2025-05-28 20:41:44,3,0,31.00059,45.09524
2025-05-28 20:41:44,3,0,30.99765,47.06738
2025-05-28 20:41:44,3,0,30.99765,47.06738
2025-05-28 20:41:45,3,0,30.98588,46.66984
2025-05-28 20:41:45,3,0,30.98588,46.66984
2025-05-28 20:41:45,3,0,30.98882,43.29066
2025-05-28 20:41:45,3,0,30.98882,43.29066
2025-05-28 20:41:45,3,0,30.97412,48.78759
2025-05-28 20:41:45,3,0,30.97412,48.78759
2025-05-28 20:41:45,3,0,30.98882,47.35308
2025-05-28 20:41:45,3,0,30.98882,47.35308
2025-05-28 20:41:45,3,0,30.97706,47.46499
2025-05-28 20:41:45,3,0,30.97706,47.46499
2025-05-28 20:41:46,3,0,30.99176,51.00441
2025-05-28 20:41:46,3,0,30.99176,51.00441
2025-05-28 20:41:46,3,0,30.97412,45.88123
2025-05-28 20:41:46,3,0,30.97412,45.88123
2025-05-28 20:41:46,3,0,30.97118,47.00438
2025-05-28 20:41:46,3,0,30.97118,47.00438
2025-05-28 20:41:46,3,0,30.97412,47.83678
2025-05-28 20:41:46,3,0,30.97412,47.83678
2025-05-28 20:41:46,3,0,30.97412,43.55682
2025-05-28 20:41:46,3,0,30.97412,43.55682
2025-05-28 20:41:47,3,0,30.97706,46.59146
2025-05-28 20:41:47,3,0,30.97706,46.59146
2025-05-28 20:41:47,3,0,30.98588,45.9893
2025-05-28 20:41:47,3,0,30.98588,45.9893
2025-05-28 20:41:47,3,0,30.98588,45.03476
2025-05-28 20:41:47,3,0,30.98588,45.03476
2025-05-28 20:41:47,3,0,30.97706,50.19455
2025-05-28 20:41:47,3,0,30.97706,50.19455
2025-05-28 20:41:47,3,0,30.97412,47.51109
2025-05-28 20:41:47,3,0,30.97412,47.51109
2025-05-28 20:41:48,3,0,30.98,47.7327
2025-05-28 20:41:48,3,0,30.98,47.7327
2025-05-28 20:41:48,3,0,30.96824,50.68493
2025-05-28 20:41:48,3,0,30.96824,50.68493
2025-05-28 20:41:48,3,0,30.96235,45.23922
2025-05-28 20:41:48,3,0,30.96235,45.23922
2025-05-28 20:41:48,3,0,30.98,47.07887
2025-05-28 20:41:48,3,0,30.98,47.07887
2025-05-28 20:41:48,3,0,30.96529,46.36145
2025-05-28 20:41:48,3,0,30.96529,46.36145
2025-05-28 20:41:49,3,0,30.97118,43.76218
2025-05-28 20:41:49,3,0,30.97118,43.76218
2025-05-28 20:41:49,3,0,30.96529,47.36842
2025-05-28 20:41:49,3,0,30.96529,47.36842
2025-05-28 20:41:49,3,0,30.95647,48.03555
2025-05-28 20:41:49,3,0,30.95647,48.03555
2025-05-28 20:41:49,3,0,30.96529,46.94271
2025-05-28 20:41:49,3,0,30.96529,46.94271
2025-05-28 20:41:49,3,0,30.95647,51.45631
2025-05-28 20:41:49,3,0,30.95647,51.45631
2025-05-28 20:41:50,3,0,30.97412,47.75471
2025-05-28 20:41:50,3,0,30.97412,47.75471
2025-05-28 20:41:50,3,0,30.96235,46.83116
2025-05-28 20:41:50,3,0,30.96235,46.83116
2025-05-28 20:41:50,3,0,30.96235,48.87218
2025-05-28 20:41:50,3,0,30.96235,48.87218
2025-05-28 20:41:50,3,0,30.95353,43.13068
2025-05-28 20:41:50,3,0,30.95353,43.13068
2025-05-28 20:41:50,3,0,30.95647,46.13095
2025-05-28 20:41:50,3,0,30.95647,46.13095
2025-05-28 20:41:51,3,0,30.95941,45.31781
2025-05-28 20:41:51,3,0,30.95941,45.31781
2025-05-28 20:41:51,3,0,30.96529,43.06931
2025-05-28 20:41:51,3,0,30.96529,43.06931
2025-05-28 20:41:51,3,0,30.95059,47.92695
2025-05-28 20:41:51,3,0,30.95059,47.92695
2025-05-28 20:41:51,3,0,30.96235,45.72989
2025-05-28 20:41:51,3,0,30.96235,45.72989
2025-05-28 20:41:51,3,0,30.93588,45.34594
2025-05-28 20:41:51,3,0,30.93588,45.34594
2025-05-28 20:41:52,3,0,30.94471,50.78663
2025-05-28 20:41:52,3,0,30.94471,50.78663
2025-05-28 20:41:52,3,0,30.93882,45.6838
2025-05-28 20:41:52,3,0,30.93882,45.6838
2025-05-28 20:41:52,3,0,30.94765,46.1997
2025-05-28 20:41:52,3,0,30.94765,46.1997
2025-05-28 20:41:52,3,0,30.94471,46.56912
2025-05-28 20:41:52,3,0,30.94471,46.56912
2025-05-28 20:41:52,3,0,30.94765,41.76647
2025-05-28 20:41:52,3,0,30.94765,41.76647
2025-05-28 20:41:53,3,0,30.95059,43.81847
2025-05-28 20:41:53,3,0,30.95059,43.81847
2025-05-28 20:41:53,3,0,30.95059,43.88417
2025-05-28 20:41:53,3,0,30.95059,43.88417
2025-05-28 20:41:53,3,0,30.93882,42.08075
2025-05-28 20:41:53,3,0,30.93882,42.08075
2025-05-28 20:41:53,3,0,30.95353,48.84521
2025-05-28 20:41:53,3,0,30.95353,48.84521
2025-05-28 20:41:53,3,0,30.94765,49.17179
2025-05-28 20:41:53,3,0,30.94765,49.17179
2025-05-28 20:41:54,3,0,30.94176,48.07051
2025-05-28 20:41:54,3,0,30.94176,48.07051
2025-05-28 20:41:54,3,0,30.93882,51.28332
2025-05-28 20:41:54,3,0,30.93882,51.28332
2025-05-28 20:41:54,3,0,30.92706,42.06269
2025-05-28 20:41:54,3,0,30.92706,42.06269
2025-05-28 20:41:54,3,0,30.92706,44.54638
2025-05-28 20:41:54,3,0,30.92706,44.54638
2025-05-28 20:41:54,3,0,30.93,43.66563
2025-05-28 20:41:54,3,0,30.93,43.66563
2025-05-28 20:41:55,3,0,30.94765,48.37545
2025-05-28 20:41:55,3,0,30.94765,48.37545
2025-05-28 20:41:55,3,0,30.94471,44.82041
2025-05-28 20:41:55,3,0,30.94471,44.82041
2025-05-28 20:41:55,3,0,30.93,44.90835
2025-05-28 20:41:55,3,0,30.93,44.90835
2025-05-28 20:41:55,3,0,30.92706,48.72063
2025-05-28 20:41:55,3,0,30.92706,48.72063
2025-05-28 20:41:55,3,0,30.91824,42.44098
2025-05-28 20:41:55,3,0,30.91824,42.44098
2025-05-28 20:41:56,3,0,30.91235,44.08269
2025-05-28 20:41:56,3,0,30.91235,44.08269
2025-05-28 20:41:56,3,0,30.90941,43.8208
2025-05-28 20:41:56,3,0,30.90941,43.8208
2025-05-28 20:41:56,3,0,30.90941,40.01022
2025-05-28 20:41:56,3,0,30.90941,40.01022
2025-05-28 20:41:56,3,0,30.90647,43.77299
2025-05-28 20:41:56,3,0,30.90647,43.77299
2025-05-28 20:41:56,3,0,30.90647,43.6345
2025-05-28 20:41:56,3,0,30.90647,43.6345
2025-05-28 20:41:57,3,0,30.90353,41.77282
2025-05-28 20:41:57,3,0,30.90353,41.77282
2025-05-28 20:41:57,3,0,30.91529,47.51295
2025-05-28 20:41:57,3,0,30.91529,47.51295
2025-05-28 20:41:57,3,0,30.91529,44.87047
2025-05-28 20:41:57,3,0,30.91529,44.87047
2025-05-28 20:41:57,3,0,30.90059,44.96202
2025-05-28 20:41:57,3,0,30.90059,44.96202
2025-05-28 20:41:57,3,0,30.91529,47.65585
2025-05-28 20:41:57,3,0,30.91529,47.65585
2025-05-28 20:41:58,3,0,30.90941,41.66667
2025-05-28 20:41:58,3,0,30.90941,41.66667
2025-05-28 20:41:58,3,0,30.90941,44.27324
2025-05-28 20:41:58,3,0,30.90941,44.27324
2025-05-28 20:41:58,3,0,30.91529,43.67758
2025-05-28 20:41:58,3,0,30.91529,43.67758
2025-05-28 20:41:58,3,0,30.92118,40.36885
2025-05-28 20:41:58,3,0,30.92118,40.36885
2025-05-28 20:41:58,3,0,30.92412,44.81157
2025-05-28 20:41:58,3,0,30.92412,44.81157
2025-05-28 20:41:59,3,0,30.90941,44.35318
2025-05-28 20:41:59,3,0,30.90941,44.35318
2025-05-28 20:41:59,3,0,30.91529,43.22211
2025-05-28 20:41:59,3,0,30.91529,43.22211
2025-05-28 20:41:59,3,0,30.92412,48.02665
2025-05-28 20:41:59,3,0,30.92412,48.02665
2025-05-28 20:41:59,3,0,30.92706,44.96822
2025-05-28 20:41:59,3,0,30.92706,44.96822
2025-05-28 20:41:59,3,0,30.91235,44.90623
2025-05-28 20:41:59,3,0,30.91235,44.90623
2025-05-28 20:42:00,3,0,30.91824,48.24199
2025-05-28 20:42:00,3,0,30.91824,48.24199
2025-05-28 20:42:00,3,0,30.91824,42.15784
2025-05-28 20:42:00,3,0,30.91824,42.15784
2025-05-28 20:42:00,3,0,30.91529,44.23868
2025-05-28 20:42:00,3,0,30.91529,44.23868
2025-05-28 20:42:00,3,0,30.91235,43.59233
2025-05-28 20:42:00,3,0,30.91235,43.59233
2025-05-28 20:42:00,3,0,30.91235,39.81809
2025-05-28 20:42:00,3,0,30.91235,39.81809
2025-05-28 20:42:01,3,0,30.90941,44.67425
2025-05-28 20:42:01,3,0,30.90941,44.67425
2025-05-28 20:42:01,3,0,30.91235,43.95716
2025-05-28 20:42:01,3,0,30.91235,43.95716
2025-05-28 20:42:01,3,0,30.91235,42.7673
2025-05-28 20:42:01,3,0,30.91235,42.7673
2025-05-28 20:42:01,3,0,30.91529,48.27409
2025-05-28 20:42:01,3,0,30.91529,48.27409
2025-05-28 20:42:02,3,0,30.91824,44.90956
2025-05-28 20:42:02,3,0,30.91824,44.90956
2025-05-28 20:42:02,3,0,30.91529,45.16456
2025-05-28 20:42:02,3,0,30.91529,45.16456
2025-05-28 20:42:02,3,0,30.91824,48.16537
2025-05-28 20:42:02,3,0,30.91824,48.16537
2025-05-28 20:42:02,3,0,30.90353,41.72876
2025-05-28 20:42:02,3,0,30.90353,41.72876
2025-05-28 20:42:02,3,0,30.90059,44.71007
2025-05-28 20:42:02,3,0,30.90059,44.71007
2025-05-28 20:42:03,3,0,30.90941,43.76258
2025-05-28 20:42:03,3,0,30.90941,43.76258
2025-05-28 20:42:03,3,0,30.90941,40.5641
2025-05-28 20:42:03,3,0,30.90941,40.5641
2025-05-28 20:42:03,3,0,30.90059,45.66444
2025-05-28 20:42:03,3,0,30.90059,45.66444
2025-05-28 20:42:03,3,0,30.90647,44.26313
2025-05-28 20:42:03,3,0,30.90647,44.26313
2025-05-28 20:42:03,3,0,30.90059,44.19918
2025-05-28 20:42:03,3,0,30.90059,44.19918
2025-05-28 20:42:04,3,0,30.90353,48.89346
2025-05-28 20:42:04,3,0,30.90353,48.89346
2025-05-28 20:42:04,3,0,30.89765,44.37628
2025-05-28 20:42:04,3,0,30.89765,44.37628
2025-05-28 20:42:04,3,0,30.89177,44.60285
2025-05-28 20:42:04,3,0,30.89177,44.60285
2025-05-28 20:42:04,3,0,30.90353,45.75299
2025-05-28 20:42:04,3,0,30.90353,45.75299
2025-05-28 20:42:04,3,0,30.90059,41.00899
2025-05-28 20:42:04,3,0,30.90059,41.00899
2025-05-28 20:42:05,3,0,30.90059,43.7631
2025-05-28 20:42:05,3,0,30.90059,43.7631
2025-05-28 20:42:05,3,0,30.90353,44.4557
2025-05-28 20:42:05,3,0,30.90353,44.4557
2025-05-28 20:42:05,3,0,30.90353,42.87942
2025-05-28 20:42:05,3,0,30.90353,42.87942
2025-05-28 20:42:05,3,0,30.90059,48.1897
2025-05-28 20:42:05,3,0,30.90059,48.1897
2025-05-28 20:42:05,3,0,30.89765,45.11628
2025-05-28 20:42:05,3,0,30.89765,45.11628
2025-05-28 20:42:06,3,0,30.89765,45.34068
2025-05-28 20:42:06,3,0,30.89765,45.34068
2025-05-28 20:42:06,3,0,30.89177,48.91192
2025-05-28 20:42:06,3,0,30.89177,48.91192
2025-05-28 20:42:06,3,0,30.90353,42.05561
2025-05-28 20:42:06,3,0,30.90353,42.05561
2025-05-28 20:42:06,3,0,30.89471,44.90107
2025-05-28 20:42:06,3,0,30.89471,44.90107
2025-05-28 20:42:06,3,8,30.89765,44.0399
2025-05-28 20:42:06,3,8,30.89765,44.0399
2025-05-28 20:42:07,3,8,30.88588,40.93656
2025-05-28 20:42:07,3,8,30.88588,40.93656
2025-05-28 20:42:07,3,8,30.89177,44.59389
2025-05-28 20:42:07,3,8,30.89177,44.59389
2025-05-28 20:42:07,3,8,30.89765,44.88348
2025-05-28 20:42:07,3,8,30.89765,44.88348
2025-05-28 20:42:07,3,8,30.89471,43.02935
2025-05-28 20:42:07,3,8,30.89471,43.02935
2025-05-28 20:42:07,3,8,30.89471,48.71795
2025-05-28 20:42:07,3,8,30.89471,48.71795
2025-05-28 20:42:08,3,8,30.89177,45.04132
2025-05-28 20:42:08,3,8,30.89177,45.04132
2025-05-28 20:42:08,3,8,30.88882,45.11581
2025-05-28 20:42:08,3,8,30.88882,45.11581
2025-05-28 20:42:08,3,8,30.88,45.97229
2025-05-28 20:42:08,3,8,30.88,45.97229
2025-05-28 20:42:08,3,8,30.90353,41.25185
2025-05-28 20:42:08,3,8,30.90353,41.25185
2025-05-28 20:42:08,3,8,30.88294,44.58141
2025-05-28 20:42:08,3,8,30.88294,44.58141
2025-05-28 20:42:09,3,8,30.88,43.48269
2025-05-28 20:42:09,3,8,30.88,43.48269
2025-05-28 20:42:09,3,8,30.87706,40.85744
2025-05-28 20:42:09,3,8,30.87706,40.85744
2025-05-28 20:42:09,3,8,30.88882,45.80977
2025-05-28 20:42:09,3,8,30.88882,45.80977
2025-05-28 20:42:09,3,8,30.87412,44.79754
2025-05-28 20:42:09,3,8,30.87412,44.79754
2025-05-28 20:42:09,3,8,30.88,45.01266
2025-05-28 20:42:09,3,8,30.88,45.01266
2025-05-28 20:42:10,3,8,30.87706,49.82314
2025-05-28 20:42:10,3,8,30.87706,49.82314
2025-05-28 20:42:10,3,8,30.88294,44.90989
2025-05-28 20:42:10,3,8,30.88294,44.90989
2025-05-28 20:42:10,3,8,30.86235,44.70886
2025-05-28 20:42:10,3,8,30.86235,44.70886
2025-05-28 20:42:10,3,8,30.86529,45.05829
2025-05-28 20:42:10,3,8,30.86529,45.05829
2025-05-28 20:42:10,3,8,30.87118,48.69698
2025-05-28 20:42:10,3,8,30.87118,48.69698
2025-05-28 20:42:11,3,8,30.86823,43.91238
2025-05-28 20:42:11,3,8,30.86823,43.91238
2025-05-28 20:42:11,3,8,30.88294,44.60285
2025-05-28 20:42:11,3,8,30.88294,44.60285
2025-05-28 20:42:11,3,8,30.88294,44.83106
2025-05-28 20:42:11,3,8,30.88294,44.83106
2025-05-28 20:42:11,3,8,30.87412,41.96117
2025-05-28 20:42:11,3,8,30.87412,41.96117
2025-05-28 20:42:11,3,8,30.86823,45.5927
2025-05-28 20:42:11,3,8,30.86823,45.5927
2025-05-28 20:42:12,3,8,30.88,45.72139
2025-05-28 20:42:12,3,8,30.88,45.72139
2025-05-28 20:42:12,3,8,30.87412,45.15641
2025-05-28 20:42:12,3,8,30.86823,49.74671
2025-05-28 20:42:12,3,8,30.87412,45.15641
2025-05-28 20:42:12,3,8,30.86823,49.74671
2025-05-28 20:42:12,3,8,30.86235,45.73293
2025-05-28 20:42:12,3,8,30.86235,45.73293
2025-05-28 20:42:12,3,8,30.87118,46.04674
2025-05-28 20:42:12,3,8,30.87118,46.04674
2025-05-28 20:42:13,3,8,30.85941,46.6869
2025-05-28 20:42:13,3,8,30.85941,46.6869
2025-05-28 20:42:13,3,8,30.87118,41.6996
2025-05-28 20:42:13,3,8,30.87118,41.6996
2025-05-28 20:42:13,3,8,30.85941,44.69619
2025-05-28 20:42:13,3,8,30.85941,44.69619
2025-05-28 20:42:13,3,8,30.84765,44.95459
2025-05-28 20:42:13,3,8,30.84765,44.95459
2025-05-28 20:42:13,3,8,30.86235,42.82722
2025-05-28 20:42:13,3,8,30.86235,42.82722
2025-05-28 20:42:14,3,8,30.86235,48.0632
2025-05-28 20:42:14,3,8,30.86235,48.0632
2025-05-28 20:42:14,3,8,30.85353,45.71873
2025-05-28 20:42:14,3,8,30.85353,45.71873
2025-05-28 20:42:14,3,8,30.85941,45.29828
2025-05-28 20:42:14,3,8,30.85941,45.29828
2025-05-28 20:42:14,3,8,30.87118,46.79752
2025-05-28 20:42:14,3,8,30.87118,46.79752
2025-05-28 20:42:14,3,8,30.86529,42.16749
2025-05-28 20:42:14,3,8,30.86529,42.16749
2025-05-28 20:42:15,3,8,30.86235,44.41026
2025-05-28 20:42:15,3,8,30.86235,44.41026
2025-05-28 20:42:15,3,8,30.86823,44.82759
2025-05-28 20:42:15,3,8,30.86823,44.82759
2025-05-28 20:42:15,3,8,30.86235,43.07458
2025-05-28 20:42:15,3,8,30.86235,43.07458
2025-05-28 20:42:15,3,8,30.84765,48.92554
2025-05-28 20:42:15,3,8,30.84765,48.92554
2025-05-28 20:42:15,3,8,30.85941,46.13831
2025-05-28 20:42:15,3,8,30.85941,46.13831
2025-05-28 20:42:16,3,8,30.85353,45.94326
2025-05-28 20:42:16,3,8,30.85353,45.94326
2025-05-28 20:42:16,3,8,30.85647,49.33876
2025-05-28 20:42:16,3,8,30.85647,49.33876
2025-05-28 20:42:16,3,8,30.87118,42.81525
2025-05-28 20:42:16,3,8,30.87118,42.81525
2025-05-28 20:42:16,3,8,30.87118,45.27163
2025-05-28 20:42:16,3,8,30.87118,45.27163
2025-05-28 20:42:16,3,8,30.86529,44.81904
2025-05-28 20:42:16,3,8,30.86529,44.81904
2025-05-28 20:42:17,3,8,30.88294,42.37713
2025-05-28 20:42:17,3,8,30.88294,42.37713
2025-05-28 20:42:17,3,8,30.87118,47.72614
2025-05-28 20:42:17,3,8,30.87118,47.72614
2025-05-28 20:42:17,3,8,30.87118,45.24409
2025-05-28 20:42:17,3,8,30.87118,45.24409
2025-05-28 20:42:17,3,8,30.87118,45.73991
2025-05-28 20:42:17,3,8,30.87118,45.73991
2025-05-28 20:42:17,3,8,30.86529,49.38838
2025-05-28 20:42:17,3,8,30.86529,49.38838
2025-05-28 20:42:18,3,8,30.87412,43.51444
2025-05-28 20:42:18,3,8,30.87412,43.51444
2025-05-28 20:42:18,3,8,30.87706,45.3125
2025-05-28 20:42:18,3,8,30.87706,45.3125
2025-05-28 20:42:18,3,8,30.87118,45.34534
2025-05-28 20:42:18,3,8,30.87118,45.34534
2025-05-28 20:42:18,3,8,30.88,41.89861
2025-05-28 20:42:18,3,8,30.88,41.89861
2025-05-28 20:42:18,3,8,30.87706,45.70412
2025-05-28 20:42:18,3,8,30.87706,45.70412
2025-05-28 20:42:19,3,8,30.87412,45.43651
2025-05-28 20:42:19,3,8,30.87412,45.43651
2025-05-28 20:42:19,3,8,30.86823,44.29154
2025-05-28 20:42:19,3,8,30.86823,44.29154
2025-05-28 20:42:19,3,8,30.87706,49.52044
2025-05-28 20:42:19,3,8,30.87706,49.52044
2025-05-28 20:42:19,3,8,30.87412,46.08388
2025-05-28 20:42:19,3,8,30.87412,46.08388
2025-05-28 20:42:19,3,8,30.87706,46.05459
2025-05-28 20:42:19,3,8,30.87706,46.05459
2025-05-28 20:42:20,3,8,30.87118,49.24012
2025-05-28 20:42:20,3,8,30.87118,49.24012
2025-05-28 20:42:20,3,8,30.87118,42.62929
2025-05-28 20:42:20,3,8,30.87118,42.62929
2025-05-28 20:42:20,3,8,30.86823,45.555
2025-05-28 20:42:20,3,8,30.86823,45.555
2025-05-28 20:42:20,3,8,30.86529,45.08156
2025-05-28 20:42:20,3,8,30.86529,45.08156
2025-05-28 20:42:20,3,8,30.86823,42.39402
2025-05-28 20:42:20,3,8,30.86823,42.39402
2025-05-28 20:42:21,3,8,30.86529,47.90837
2025-05-28 20:42:21,3,8,30.86529,47.90837
2025-05-28 20:42:21,3,8,30.85941,45.95681
2025-05-28 20:42:21,3,8,30.85941,45.95681
2025-05-28 20:42:21,3,8,30.85353,46.29813
2025-05-28 20:42:21,3,8,30.85353,46.29813
2025-05-28 20:42:21,3,8,30.86529,50.02511
2025-05-28 20:42:21,3,8,30.86529,50.02511
2025-05-28 20:42:21,3,8,30.86235,43.60098
2025-05-28 20:42:21,3,8,30.86235,43.60098
2025-05-28 20:42:22,3,8,30.86529,45.56331
2025-05-28 20:42:22,3,8,30.86529,45.56331
2025-05-28 20:42:22,3,8,30.86235,45.8292
2025-05-28 20:42:22,3,8,30.86235,45.8292
2025-05-28 20:42:22,3,8,30.86529,42.72277
2025-05-28 20:42:22,3,8,30.86529,42.72277
2025-05-28 20:42:22,3,8,30.86529,45.54707
2025-05-28 20:42:22,3,8,30.86529,45.54707
2025-05-28 20:42:22,3,8,30.86235,46.27528
2025-05-28 20:42:22,3,8,30.86235,46.27528
2025-05-28 20:42:23,3,8,30.86529,44.5171
2025-05-28 20:42:23,3,8,30.86529,44.5171
2025-05-28 20:42:23,3,8,30.86235,50.24655
2025-05-28 20:42:23,3,8,30.86235,50.24655
2025-05-28 20:42:23,3,8,30.85353,47.24449
2025-05-28 20:42:23,3,8,30.85353,47.24449
2025-05-28 20:42:23,3,8,30.85353,47.08762
2025-05-28 20:42:23,3,8,30.85353,47.08762
2025-05-28 20:42:23,3,8,30.87118,49.51406
2025-05-28 20:42:23,3,8,30.87118,49.51406
2025-05-28 20:42:24,3,8,30.86823,43.53612
2025-05-28 20:42:24,3,8,30.86823,43.53612
2025-05-28 20:42:24,3,8,30.87118,46.74235
2025-05-28 20:42:24,3,8,30.87118,46.74235
2025-05-28 20:42:24,3,8,30.86823,45.81519
2025-05-28 20:42:24,3,8,30.86823,45.81519
2025-05-28 20:42:24,3,8,30.87118,43.1363
2025-05-28 20:42:24,3,8,30.87118,43.1363
2025-05-28 20:42:24,3,8,30.86529,48.12808
2025-05-28 20:42:24,3,8,30.86529,48.12808
2025-05-28 20:42:25,3,8,30.86823,46.65345
2025-05-28 20:42:25,3,8,30.86823,46.65345
2025-05-28 20:42:25,3,8,30.85647,46.95271
2025-05-28 20:42:25,3,8,30.85647,46.95271
2025-05-28 20:42:25,3,8,30.86235,50.67466
2025-05-28 20:42:25,3,8,30.86235,50.67466
2025-05-28 20:42:25,3,8,30.85647,44.68391
2025-05-28 20:42:25,3,8,30.85647,44.68391
2025-05-28 20:42:25,3,8,30.85941,46.76788
2025-05-28 20:42:25,3,8,30.85941,46.76788
2025-05-28 20:42:26,3,8,30.86529,47.72618
2025-05-28 20:42:26,3,8,30.86529,47.72618
2025-05-28 20:42:26,3,8,30.86235,52.14082
2025-05-28 20:42:26,3,8,30.86235,52.14082
2025-05-28 20:42:26,3,8,30.86823,45.92522
2025-05-28 20:42:26,3,8,30.86823,45.92522
2025-05-28 20:42:26,3,8,30.88,47.64649
2025-05-28 20:42:26,3,8,30.88,47.64649
2025-05-28 20:42:26,3,8,30.86529,47.42719
2025-05-28 20:42:26,3,8,30.86529,47.42719
2025-05-28 20:42:27,3,8,30.86823,43.64929
2025-05-28 20:42:27,3,8,30.86823,43.64929
2025-05-28 20:42:27,3,8,30.87706,47.02995
2025-05-28 20:42:27,3,8,30.87706,47.02995
2025-05-28 20:42:27,3,8,30.87118,47.19536
2025-05-28 20:42:27,3,8,30.87118,47.19536
2025-05-28 20:42:27,3,8,30.88294,46.05067
2025-05-28 20:42:27,3,8,30.88294,46.05067
2025-05-28 20:42:27,3,8,30.88882,50.97087
2025-05-28 20:42:27,3,8,30.88882,50.97087
2025-05-28 20:42:28,3,8,30.89177,48.15543
2025-05-28 20:42:28,3,8,30.89177,48.15543
2025-05-28 20:42:28,3,8,30.88588,47.74904
2025-05-28 20:42:28,3,8,30.88588,47.74904
2025-05-28 20:42:28,3,8,30.88,49.36399
2025-05-28 20:42:28,3,8,30.88,49.36399
2025-05-28 20:42:28,3,8,30.88294,43.78838
2025-05-28 20:42:28,3,8,30.88294,43.78838
2025-05-28 20:42:28,3,8,30.86823,47.40165
2025-05-28 20:42:28,3,8,30.86823,47.40165
2025-05-28 20:42:29,3,8,30.87706,46.46947
2025-05-28 20:42:29,3,8,30.87706,46.46947
2025-05-28 20:42:29,3,8,30.88294,44.48259
2025-05-28 20:42:29,3,8,30.88294,44.48259
2025-05-28 20:42:29,3,8,30.86823,49.83116
2025-05-28 20:42:29,3,8,30.86823,49.83116
2025-05-28 20:42:29,3,8,30.87412,47.38878
2025-05-28 20:42:29,3,8,30.87412,47.38878
2025-05-28 20:42:29,3,8,30.86823,47.51568
2025-05-28 20:42:29,3,8,30.86823,47.51568
2025-05-28 20:42:30,3,8,30.87706,50.90288
2025-05-28 20:42:30,3,8,30.87706,50.90288
2025-05-28 20:42:30,3,8,30.87412,47.17445
2025-05-28 20:42:30,3,8,30.87412,47.17445
2025-05-28 20:42:30,3,8,30.88588,47.55513
2025-05-28 20:42:30,3,8,30.88588,47.55513
2025-05-28 20:42:30,3,8,30.88294,49.17541
2025-05-28 20:42:30,3,8,30.88294,49.17541
2025-05-28 20:42:30,3,8,30.88588,44.43921
2025-05-28 20:42:30,3,8,30.88588,44.43921
2025-05-28 20:42:31,3,8,30.86823,47.1387
2025-05-28 20:42:31,3,8,30.86823,47.1387
2025-05-28 20:42:31,3,8,30.88882,46.25423
2025-05-28 20:42:31,3,8,30.88882,46.25423
2025-05-28 20:42:31,3,8,30.89471,43.27343
2025-05-28 20:42:31,3,8,30.89471,43.27343
2025-05-28 20:42:31,3,8,30.88294,45.6467
2025-05-28 20:42:31,3,8,30.88294,45.6467
2025-05-28 20:42:31,3,8,30.88294,46.4666
2025-05-28 20:42:31,3,8,30.88294,46.4666
2025-05-28 20:42:32,3,8,30.89177,44.02174
2025-05-28 20:42:32,3,8,30.89177,44.02174
2025-05-28 20:42:32,3,8,30.89765,49.22255
2025-05-28 20:42:32,3,8,30.89765,49.22255
2025-05-28 20:42:32,3,8,30.88882,47.06745
2025-05-28 20:42:32,3,8,30.88882,47.06745
2025-05-28 20:42:32,3,8,30.87706,46.73539
2025-05-28 20:42:32,3,8,30.87706,46.73539
2025-05-28 20:42:32,3,8,30.85941,50.87195
2025-05-28 20:42:32,3,8,30.85941,50.87195
2025-05-28 20:42:33,3,8,30.87118,46.86087
2025-05-28 20:42:33,3,8,30.87118,46.86087
2025-05-28 20:42:33,3,8,30.87706,46.4513
2025-05-28 20:42:33,3,8,30.87706,46.4513
2025-05-28 20:42:33,3,8,30.88588,49.79818
2025-05-28 20:42:33,3,8,30.88588,49.79818
2025-05-28 20:42:33,3,8,30.88,44.18938
2025-05-28 20:42:33,3,8,30.88,44.18938
2025-05-28 20:42:33,3,8,30.88294,46.84288
2025-05-28 20:42:33,3,8,30.88294,46.84288
2025-05-28 20:42:34,3,8,30.88588,46.0685
2025-05-28 20:42:34,3,8,30.88588,46.0685
2025-05-28 20:42:34,3,8,30.88882,42.39498
2025-05-28 20:42:34,3,8,30.88882,42.39498
2025-05-28 20:42:34,3,8,30.88,46.85799
2025-05-28 20:42:34,3,8,30.88,46.85799
2025-05-28 20:42:34,3,8,30.88294,46.69927
2025-05-28 20:42:34,3,8,30.88294,46.69927
2025-05-28 20:42:34,3,8,30.88882,44.78958
2025-05-28 20:42:34,3,8,30.88882,44.78958
2025-05-28 20:42:35,3,8,30.87706,49.65652
2025-05-28 20:42:35,3,8,30.87706,49.65652
2025-05-28 20:42:35,3,8,30.87412,47.15128
2025-05-28 20:42:35,3,8,30.87412,47.15128
2025-05-28 20:42:35,3,8,30.87706,47.43961
2025-05-28 20:42:35,3,8,30.87706,47.43961
2025-05-28 20:42:35,3,8,30.86823,50.41893
2025-05-28 20:42:35,3,8,30.86823,50.41893
2025-05-28 20:42:35,3,8,30.87412,45.47665
2025-05-28 20:42:35,3,8,30.87412,45.47665
2025-05-28 20:42:36,3,8,30.87118,47.0902
2025-05-28 20:42:36,3,8,30.87118,47.0902
2025-05-28 20:42:36,3,8,30.87706,47.28916
2025-05-28 20:42:36,3,8,30.87706,47.28916
2025-05-28 20:42:36,3,8,30.87412,43.45296
2025-05-28 20:42:36,3,8,30.87412,43.45296
2025-05-28 20:42:36,3,8,30.87706,45.99303
2025-05-28 20:42:36,3,8,30.87706,45.99303
2025-05-28 20:42:36,3,8,30.87412,46.10547
2025-05-28 20:42:36,3,8,30.87412,46.10547
2025-05-28 20:42:37,3,8,30.87412,43.63277
2025-05-28 20:42:37,3,8,30.87706,49.2944
2025-05-28 20:42:37,3,8,30.86529,47.11068
2025-05-28 20:42:37,3,8,30.86529,47.27891
2025-05-28 20:42:37,3,8,30.87412,49.82665
2025-05-28 20:42:37,3,8,30.87412,43.63277
2025-05-28 20:42:37,3,8,30.87706,49.2944
2025-05-28 20:42:37,3,8,30.86529,47.11068
2025-05-28 20:42:37,3,8,30.86529,47.27891
2025-05-28 20:42:37,3,8,30.87412,49.82665
2025-05-28 20:42:38,3,8,30.86529,45.5678
2025-05-28 20:42:38,3,8,30.86529,45.5678
2025-05-28 20:42:38,3,8,30.86235,46.92082
2025-05-28 20:42:38,3,8,30.86235,46.92082
2025-05-28 20:42:38,3,8,30.86529,48.42209
2025-05-28 20:42:38,3,8,30.86529,48.42209
2025-05-28 20:42:38,3,8,30.88294,43.3926
2025-05-28 20:42:38,3,8,30.88294,43.3926
2025-05-28 20:42:38,3,8,30.87412,46.86582
2025-05-28 20:42:38,3,8,30.87412,46.86582
2025-05-28 20:42:39,3,8,30.87118,46.28737
2025-05-28 20:42:39,3,8,30.87118,46.28737
2025-05-28 20:42:39,3,8,30.85647,42.75432
2025-05-28 20:42:39,3,8,30.85647,42.75432
2025-05-28 20:42:39,3,8,30.86529,47.44346
2025-05-28 20:42:39,3,8,30.86529,47.44346
2025-05-28 20:42:39,3,8,30.86235,46.67644
2025-05-28 20:42:39,3,8,30.86235,46.67644
2025-05-28 20:42:39,3,8,30.86529,45.48611
2025-05-28 20:42:39,3,8,30.86529,45.48611
2025-05-28 20:42:40,3,8,30.85059,50.48638
2025-05-28 20:42:40,3,8,30.85059,50.48638
2025-05-28 20:42:40,3,8,30.86235,47.62846
2025-05-28 20:42:40,3,8,30.86235,47.62846
2025-05-28 20:42:40,3,8,30.86235,47.40417
2025-05-28 20:42:40,3,8,30.86235,47.40417
2025-05-28 20:42:40,3,8,30.86529,51.45392
2025-05-28 20:42:40,3,8,30.86529,51.45392
2025-05-28 20:42:40,3,8,30.86235,45.30573
2025-05-28 20:42:40,3,8,30.86235,45.30573
2025-05-28 20:42:41,3,8,30.85353,46.65037
2025-05-28 20:42:41,3,8,30.85353,46.65037
2025-05-28 20:42:41,3,8,30.85059,46.18056
2025-05-28 20:42:41,3,8,30.85059,46.18056
2025-05-28 20:42:41,3,8,30.85059,50.58881
2025-05-28 20:42:41,3,8,30.85059,50.58881
2025-05-28 20:42:41,3,8,30.84176,47.35034
2025-05-28 20:42:41,3,8,30.84176,47.35034
2025-05-28 20:42:41,3,8,30.85059,47.59846
2025-05-28 20:42:41,3,8,30.85059,47.59846
2025-05-28 20:42:42,3,8,30.85059,50.75795
2025-05-28 20:42:42,3,8,30.85059,50.75795
2025-05-28 20:42:42,3,8,30.85647,44.94275
2025-05-28 20:42:42,3,8,30.85647,44.94275
2025-05-28 20:42:42,3,8,30.84176,46.95567
2025-05-28 20:42:42,3,8,30.84176,46.95567
2025-05-28 20:42:42,3,8,30.85353,46.78449
2025-05-28 20:42:42,3,8,30.85353,46.78449
2025-05-28 20:42:42,3,8,30.84765,43.38803
2025-05-28 20:42:42,3,8,30.84765,43.38803
2025-05-28 20:42:43,3,8,30.85059,47.88733
2025-05-28 20:42:43,3,8,30.85059,47.88733
2025-05-28 20:42:43,3,8,30.85941,47.51807
2025-05-28 20:42:43,3,8,30.85941,47.51807
2025-05-28 20:42:43,3,8,30.85647,50.49456
2025-05-28 20:42:43,3,8,30.85647,50.49456
2025-05-28 20:42:43,3,8,30.84765,44.57198
2025-05-28 20:42:43,3,8,30.84765,44.57198
2025-05-28 20:42:43,3,8,30.85353,46.86274
2025-05-28 20:42:43,3,8,30.85353,46.86274
2025-05-28 20:42:44,3,8,30.84765,46.94175
2025-05-28 20:42:44,3,8,30.84765,46.94175
2025-05-28 20:42:44,3,8,30.84471,43.23272
2025-05-28 20:42:44,3,8,30.84471,43.23272
2025-05-28 20:42:44,3,8,30.85353,45.90658
2025-05-28 20:42:44,3,8,30.85353,45.90658
2025-05-28 20:42:44,3,8,30.85353,45.97978
2025-05-28 20:42:44,3,8,30.85353,45.97978
2025-05-28 20:42:44,3,8,30.86235,45.05274
2025-05-28 20:42:44,3,8,30.86235,45.05274
2025-05-28 20:42:45,3,8,30.86529,44.38122
2025-05-28 20:42:45,3,8,30.86529,44.38122
2025-05-28 20:42:45,3,8,30.86235,46.62096
2025-05-28 20:42:45,3,8,30.86235,46.62096
2025-05-28 20:42:45,3,8,30.85941,46.3285
2025-05-28 20:42:45,3,8,30.85941,46.3285
2025-05-28 20:42:45,3,8,30.85647,42.40385
2025-05-28 20:42:45,3,8,30.85647,42.40385
2025-05-28 20:42:45,3,8,30.83882,46.73642
2025-05-28 20:42:45,3,8,30.83882,46.73642
2025-05-28 20:42:46,3,8,30.84471,47.01601
2025-05-28 20:42:46,3,8,30.84471,47.01601
2025-05-28 20:42:46,3,8,30.82412,44.85658
2025-05-28 20:42:46,3,8,30.82412,44.85658
2025-05-28 20:42:46,3,8,30.84471,50.16982
2025-05-28 20:42:46,3,8,30.84471,50.16982
2025-05-28 20:42:46,3,8,30.84765,47.35802
2025-05-28 20:42:46,3,8,30.84765,47.35802
2025-05-28 20:42:46,3,8,30.84471,47.48306
2025-05-28 20:42:46,3,8,30.84471,47.48306
2025-05-28 20:42:47,3,8,30.83588,50.84325
2025-05-28 20:42:47,3,8,30.83588,50.84325
2025-05-28 20:42:47,3,8,30.84176,46.05648
2025-05-28 20:42:47,3,8,30.84176,46.05648
2025-05-28 20:42:47,3,8,30.85647,47.14773
2025-05-28 20:42:47,3,8,30.85647,47.14773
2025-05-28 20:42:47,3,8,30.85353,48.933
2025-05-28 20:42:47,3,8,30.85647,43.41603
2025-05-28 20:42:47,3,8,30.85353,48.933
2025-05-28 20:42:47,3,8,30.85647,43.41603
2025-05-28 20:42:48,3,8,30.86235,46.68955
2025-05-28 20:42:48,3,8,30.86235,46.68955
2025-05-28 20:42:48,3,8,30.86529,46.13527
2025-05-28 20:42:48,3,8,30.86529,46.13527
2025-05-28 20:42:48,3,8,30.85059,42.82927
2025-05-28 20:42:48,3,8,30.85059,42.82927
2025-05-28 20:42:48,3,8,30.85353,46.67329
2025-05-28 20:42:48,3,8,30.85353,46.67329
2025-05-28 20:42:48,3,8,30.86529,46.66342
2025-05-28 20:42:48,3,8,30.86529,46.66342
2025-05-28 20:42:49,3,8,30.86823,45.06203
2025-05-28 20:42:49,3,8,30.86823,45.06203
2025-05-28 20:42:49,3,8,30.86529,49.80545
2025-05-28 20:42:49,3,8,30.86529,49.80545
2025-05-28 20:42:49,3,8,30.85941,47.15407
2025-05-28 20:42:49,3,8,30.85941,47.15407
2025-05-28 20:42:49,3,8,30.85941,47.19536
2025-05-28 20:42:49,3,8,30.85941,47.19536
2025-05-28 20:42:49,3,8,30.85647,50.78973
2025-05-28 20:42:49,3,8,30.85647,50.78973
2025-05-28 20:42:50,3,8,30.85647,46.08653
2025-05-28 20:42:50,3,8,30.85647,46.08653
2025-05-28 20:42:50,3,8,30.85941,47.38625
2025-05-28 20:42:50,3,8,30.85941,47.38625
2025-05-28 20:42:50,3,8,30.85647,48.46077
2025-05-28 20:42:50,3,8,30.85647,48.46077
2025-05-28 20:42:50,3,8,30.86823,43.50337
2025-05-28 20:42:50,3,8,30.86823,43.50337
2025-05-28 20:42:50,3,8,30.85647,46.30542
2025-05-28 20:42:50,3,8,30.85647,46.30542
2025-05-28 20:42:51,3,8,30.85059,45.83534
2025-05-28 20:42:51,3,8,30.85059,45.83534
2025-05-28 20:42:51,3,8,30.85941,42.87109
2025-05-28 20:42:51,3,8,30.85941,42.87109
2025-05-28 20:42:51,3,8,30.85941,47.40485
2025-05-28 20:42:51,3,8,30.85941,47.40485
2025-05-28 20:42:51,3,8,30.85647,46.81684
2025-05-28 20:42:51,3,8,30.85647,46.81684
2025-05-28 20:42:51,3,8,30.84765,45.94059
2025-05-28 20:42:51,3,8,30.84765,45.94059
2025-05-28 20:42:52,3,8,30.85941,51.01135
2025-05-28 20:42:52,3,8,30.85941,51.01135
2025-05-28 20:42:52,3,8,30.85941,47.33698
2025-05-28 20:42:52,3,8,30.85941,47.33698
2025-05-28 20:42:52,3,8,30.86529,47.29207
2025-05-28 20:42:52,3,8,30.86529,47.29207
2025-05-28 20:42:52,3,8,30.85647,49.69728
2025-05-28 20:42:52,3,8,30.85647,49.69728
2025-05-28 20:42:52,3,8,30.86529,44.4285
2025-05-28 20:42:52,3,8,30.86529,44.4285
2025-05-28 20:42:53,3,8,30.86529,46.66667
2025-05-28 20:42:53,3,8,30.86529,46.66667
2025-05-28 20:42:53,3,8,30.85647,45.9381
2025-05-28 20:42:53,3,8,30.85647,45.9381
2025-05-28 20:42:53,3,8,30.85941,42.38763
2025-05-28 20:42:53,3,8,30.85941,42.38763
2025-05-28 20:42:53,3,8,30.85647,46.6866
2025-05-28 20:42:53,3,8,30.85647,46.6866
2025-05-28 20:42:53,3,8,30.85353,46.58203
2025-05-28 20:42:53,3,8,30.85353,46.58203
2025-05-28 20:42:54,3,8,30.85353,44.3998
2025-05-28 20:42:54,3,8,30.85353,44.3998
2025-05-28 20:42:54,3,8,30.84765,49.68215
2025-05-28 20:42:54,3,8,30.84765,49.68215
2025-05-28 20:42:54,3,8,30.85353,46.96895
2025-05-28 20:42:54,3,8,30.85353,46.96895
2025-05-28 20:42:54,3,8,30.84765,47.20467
2025-05-28 20:42:54,3,8,30.84765,47.20467
2025-05-28 20:42:54,3,8,30.87118,50.89463
2025-05-28 20:42:54,3,8,30.87118,50.89463
2025-05-28 20:42:55,3,8,30.85647,46.19538
2025-05-28 20:42:55,3,8,30.85647,46.19538
2025-05-28 20:42:55,3,8,30.85353,47.13592
2025-05-28 20:42:55,3,8,30.85353,47.13592
2025-05-28 20:42:55,3,8,30.85059,48.48334
2025-05-28 20:42:55,3,8,30.85059,48.48334
2025-05-28 20:42:55,3,8,30.85647,43.71401
2025-05-28 20:42:55,3,8,30.85647,43.71401
2025-05-28 20:42:55,3,8,30.86235,46.48994
2025-05-28 20:42:55,3,8,30.86235,46.48994
2025-05-28 20:42:56,3,8,30.85059,45.70877
2025-05-28 20:42:56,3,8,30.85059,45.70877
2025-05-28 20:42:56,3,8,30.86235,42.82238
2025-05-28 20:42:56,3,8,30.86235,42.82238
2025-05-28 20:42:56,3,8,30.85647,47.55797
2025-05-28 20:42:56,3,8,30.85647,47.55797
2025-05-28 20:42:56,3,8,30.85353,46.83236
2025-05-28 20:42:56,3,8,30.85353,46.83236
2025-05-28 20:42:57,3,8,30.85647,48.98766
2025-05-28 20:42:57,3,8,30.85647,48.98766
2025-05-28 20:42:57,3,8,30.84471,43.94447
2025-05-28 20:42:57,3,8,30.84471,43.94447
2025-05-28 20:42:57,3,8,30.86235,46.68305
2025-05-28 20:42:57,3,8,30.86235,46.68305
2025-05-28 20:42:57,3,8,30.85059,46.03865
2025-05-28 20:42:57,3,8,30.85059,46.03865
2025-05-28 20:42:57,3,8,30.85059,43.19066
2025-05-28 20:42:57,3,8,30.85059,43.19066
2025-05-28 20:42:58,3,8,30.85059,48.04114
2025-05-28 20:42:58,3,8,30.85059,48.04114
2025-05-28 20:42:58,3,8,30.85941,46.90873
2025-05-28 20:42:58,3,8,30.85941,46.90873
2025-05-28 20:42:58,3,8,30.86529,46.54581
2025-05-28 20:42:58,3,8,30.86529,46.54581
2025-05-28 20:42:58,3,8,30.85941,51.33268
2025-05-28 20:42:58,3,8,30.85941,51.33268
2025-05-28 20:42:58,3,8,30.88,47.47024
2025-05-28 20:42:58,3,8,30.88,47.47024
2025-05-28 20:42:59,3,8,30.86529,47.49277
2025-05-28 20:42:59,3,8,30.86529,47.49277
2025-05-28 20:42:59,3,8,30.86235,49.7218
2025-05-28 20:42:59,3,8,30.86235,49.7218
2025-05-28 20:42:59,3,8,30.85941,44.16826
2025-05-28 20:42:59,3,8,30.85941,44.16826
2025-05-28 20:42:59,3,8,30.86235,46.76862
2025-05-28 20:42:59,3,8,30.86235,46.76862
2025-05-28 20:42:59,3,8,30.86529,46.19486
2025-05-28 20:42:59,3,8,30.86529,46.19486
2025-05-28 20:43:00,3,8,30.85941,42.77429
2025-05-28 20:43:00,3,8,30.85941,42.77429
2025-05-28 20:43:00,3,8,30.85059,46.889
2025-05-28 20:43:00,3,8,30.85059,46.889
2025-05-28 20:43:00,3,8,30.85353,46.9578
2025-05-28 20:43:00,3,8,30.85353,46.9578
2025-05-28 20:43:00,3,8,30.86235,45.64565
2025-05-28 20:43:00,3,8,30.86235,45.64565
2025-05-28 20:43:00,3,8,30.87118,50.2708
2025-05-28 20:43:00,3,8,30.87118,50.2708
2025-05-28 20:43:01,3,8,30.86235,47.49876
2025-05-28 20:43:01,3,8,30.86235,47.49876
2025-05-28 20:43:01,3,8,30.87412,47.65587
2025-05-28 20:43:01,3,8,30.87412,47.65587
2025-05-28 20:43:01,3,8,30.88294,50.54134
2025-05-28 20:43:01,3,8,30.88294,50.54134
2025-05-28 20:43:01,3,8,30.86235,45.11026
2025-05-28 20:43:01,3,8,30.86235,45.11026
2025-05-28 20:43:01,3,8,30.88,46.66339
2025-05-28 20:43:01,3,8,30.88,46.66339
2025-05-28 20:43:02,3,8,30.86235,46.70275
2025-05-28 20:43:02,3,8,30.86235,46.70275
2025-05-28 20:43:02,3,8,30.85353,43.23671
2025-05-28 20:43:02,3,8,30.85353,43.23671
2025-05-28 20:43:02,3,8,30.86823,46.14236
2025-05-28 20:43:02,3,8,30.86823,46.14236
2025-05-28 20:43:02,3,8,30.86529,46.01345
2025-05-28 20:43:02,3,8,30.86529,46.01345
2025-05-28 20:43:02,3,8,30.86823,42.87812
2025-05-28 20:43:02,3,8,30.86823,42.87812
2025-05-28 20:43:03,3,8,30.86823,47.8068
2025-05-28 20:43:03,3,8,30.86823,47.8068
2025-05-28 20:43:03,3,8,30.86235,46.31168
2025-05-28 20:43:03,3,8,30.86235,46.31168
2025-05-28 20:43:03,3,8,30.84471,45.77114
2025-05-28 20:43:03,3,8,30.84471,45.77114
2025-05-28 20:43:03,3,8,30.85059,50.2231
2025-05-28 20:43:03,3,8,30.85059,50.2231
2025-05-28 20:43:03,3,8,30.86529,46.88119
2025-05-28 20:43:03,3,8,30.86529,46.88119
2025-05-28 20:43:04,3,8,30.87412,47.35308
2025-05-28 20:43:04,3,8,30.87412,47.35308
2025-05-28 20:43:04,3,8,30.86529,48.68486
2025-05-28 20:43:04,3,8,30.86529,48.68486
2025-05-28 20:43:04,3,8,30.85059,43.78585
2025-05-28 20:43:04,3,8,30.85059,43.78585
2025-05-28 20:43:04,3,8,30.86235,46.5288
2025-05-28 20:43:04,3,8,30.86235,46.5288
2025-05-28 20:43:04,3,8,30.86823,46.19094
2025-05-28 20:43:04,3,8,30.86823,46.19094
2025-05-28 20:43:05,3,8,30.87118,42.49389
2025-05-28 20:43:05,3,8,30.87118,42.49389
2025-05-28 20:43:05,3,8,30.85941,48.57843
2025-05-28 20:43:05,3,8,30.85941,48.57843
2025-05-28 20:43:05,3,8,30.86235,46.80955
2025-05-28 20:43:05,3,8,30.86235,46.80955
2025-05-28 20:43:05,3,8,30.87412,46.38971
2025-05-28 20:43:05,3,8,30.87412,46.38971
2025-05-28 20:43:05,3,8,30.85941,50.44161
2025-05-28 20:43:05,3,8,30.85941,50.44161
2025-05-28 20:43:06,3,8,30.85941,47.28261
2025-05-28 20:43:06,3,8,30.85941,47.28261
2025-05-28 20:43:06,3,8,30.87118,47.09302
2025-05-28 20:43:06,3,8,30.87118,47.09302
2025-05-28 20:43:06,3,8,30.86823,51.06594
2025-05-28 20:43:06,3,8,30.86823,51.06594
2025-05-28 20:43:06,3,8,30.86529,46.18005
2025-05-28 20:43:06,3,8,30.86529,46.18005
2025-05-28 20:43:06,3,8,30.85353,46.94675
2025-05-28 20:43:06,3,8,30.85353,46.94675
2025-05-28 20:43:07,3,8,30.85941,48.15185
2025-05-28 20:43:07,3,8,30.85941,48.15185
2025-05-28 20:43:07,3,8,30.85353,43.47619
2025-05-28 20:43:07,3,8,30.85353,43.47619
2025-05-28 20:43:07,3,8,30.85059,46.47818
2025-05-28 20:43:07,3,8,30.85059,46.47818
2025-05-28 20:43:07,3,8,30.84176,46.04317
2025-05-28 20:43:07,3,8,30.84176,46.04317
2025-05-28 20:43:07,3,8,30.85647,43.17073
2025-05-28 20:43:07,3,8,30.85647,43.17073
2025-05-28 20:43:08,3,8,30.85647,47.68406
2025-05-28 20:43:08,3,8,30.85647,47.68406
2025-05-28 20:43:08,3,8,30.86235,46.39024
2025-05-28 20:43:08,3,8,30.86235,46.39024
2025-05-28 20:43:08,3,8,30.85941,45.27363
2025-05-28 20:43:08,3,8,30.85941,45.27363
2025-05-28 20:43:08,3,8,30.85647,49.97572
2025-05-28 20:43:08,3,8,30.85647,49.97572
2025-05-28 20:43:08,3,8,30.86823,47.22498
2025-05-28 20:43:08,3,8,30.86823,47.22498
2025-05-28 20:43:09,3,8,30.86823,47.12476
2025-05-28 20:43:09,3,8,30.86823,47.12476
2025-05-28 20:43:09,3,8,30.85647,50.84158
2025-05-28 20:43:09,3,8,30.85647,50.84158
2025-05-28 20:43:09,3,8,30.84765,46.56863
2025-05-28 20:43:09,3,8,30.84765,46.56863
2025-05-28 20:43:09,3,8,30.86235,47.15329
2025-05-28 20:43:09,3,8,30.86235,47.15329
2025-05-28 20:43:09,3,8,30.85353,49.82767
2025-05-28 20:43:09,3,8,30.85353,49.82767
2025-05-28 20:43:10,3,8,30.84765,44.48687
2025-05-28 20:43:10,3,8,30.84765,44.48687
2025-05-28 20:43:10,3,8,30.85647,46.875
2025-05-28 20:43:10,3,8,30.85647,46.875
2025-05-28 20:43:10,3,8,30.86529,46.09413
2025-05-28 20:43:10,3,8,30.86529,46.09413
2025-05-28 20:43:10,3,8,30.85941,42.86408
2025-05-28 20:43:10,3,8,30.85941,42.86408
2025-05-28 20:43:10,3,8,30.86235,46.26566
2025-05-28 20:43:10,3,8,30.86235,46.26566
2025-05-28 20:43:11,3,8,30.86529,46.61471
2025-05-28 20:43:11,3,8,30.86529,46.61471
2025-05-28 20:43:11,3,8,30.85941,45.25112
2025-05-28 20:43:11,3,8,30.85941,45.25112
2025-05-28 20:43:11,3,8,30.86823,50.68762
2025-05-28 20:43:11,3,8,30.85353,47.12931
2025-05-28 20:43:11,3,8,30.86823,50.68762
2025-05-28 20:43:11,3,8,30.85353,47.12931
2025-05-28 20:43:11,3,8,30.86529,47.22624
2025-05-28 20:43:11,3,8,30.86529,47.22624
2025-05-28 20:43:12,3,8,30.85353,50.05035
2025-05-28 20:43:12,3,8,30.85353,50.05035
2025-05-28 20:43:12,3,8,30.86529,48.50417
2025-05-28 20:43:12,3,8,30.86529,48.50417
2025-05-28 20:43:12,3,8,30.87706,46.59146
2025-05-28 20:43:12,3,8,30.87706,46.59146
2025-05-28 20:43:12,3,8,30.85941,46.95271
2025-05-28 20:43:12,3,8,30.85941,46.95271
2025-05-28 20:43:12,3,8,30.85941,42.47104
2025-05-28 20:43:12,3,8,30.85941,42.47104
2025-05-28 20:43:13,3,8,30.85941,46.15385
2025-05-28 20:43:13,3,8,30.85941,46.15385
2025-05-28 20:43:13,3,8,30.85941,46.23288
2025-05-28 20:43:13,3,8,30.85941,46.23288
2025-05-28 20:43:13,3,8,30.84471,44.36128
2025-05-28 20:43:13,3,8,30.84471,44.36128
2025-05-28 20:43:13,3,8,30.84765,49.65381
2025-05-28 20:43:13,3,8,30.84765,49.65381
2025-05-28 20:43:13,3,8,30.84765,47.20988
2025-05-28 20:43:13,3,8,30.84765,47.20988
2025-05-28 20:43:14,3,8,30.84471,47.3913
2025-05-28 20:43:14,3,8,30.84471,47.3913
2025-05-28 20:43:14,3,8,30.85941,50.90731
2025-05-28 20:43:14,3,8,30.85941,50.90731
2025-05-28 20:43:14,3,8,30.85059,45.32374
2025-05-28 20:43:14,3,8,30.85059,45.32374
2025-05-28 20:43:14,3,8,30.84765,47.00483
2025-05-28 20:43:14,3,8,30.84765,47.00483
2025-05-28 20:43:14,3,8,30.85353,47.895
2025-05-28 20:43:14,3,8,30.85353,47.895
2025-05-28 20:43:15,3,8,30.84176,43.62674
2025-05-28 20:43:15,3,8,30.84176,43.62674
2025-05-28 20:43:15,3,8,30.85059,46.40555
2025-05-28 20:43:15,3,8,30.85059,46.40555
2025-05-28 20:43:15,3,8,30.85059,46.20921
2025-05-28 20:43:15,3,8,30.85059,46.20921
2025-05-28 20:43:15,3,8,30.84471,43.52078
2025-05-28 20:43:15,3,8,30.84471,43.52078
2025-05-28 20:43:15,3,8,30.83588,49.08213
2025-05-28 20:43:15,3,8,30.83588,49.08213
2025-05-28 20:43:16,3,8,30.83882,47.44701
2025-05-28 20:43:16,3,8,30.83882,47.44701
2025-05-28 20:43:16,3,8,30.83882,48.85804
2025-05-28 20:43:16,3,8,30.83882,48.85804
2025-05-28 20:43:16,3,8,30.84765,56.06661
2025-05-28 20:43:16,3,8,30.84765,56.06661
2025-05-28 20:43:16,3,8,30.86529,47.61684
2025-05-28 20:43:16,3,8,30.86529,47.61684
2025-05-28 20:43:16,3,8,30.84765,47.22711
2025-05-28 20:43:17,3,8,30.85353,51.07061
2025-05-28 20:43:16,3,8,30.84765,47.22711
2025-05-28 20:43:17,3,8,30.85353,51.07061
2025-05-28 20:43:17,3,8,30.84471,40.0277
2025-05-28 20:43:17,3,8,30.84471,40.0277
2025-05-28 20:43:17,3,8,30.85059,69.76996
2025-05-28 20:43:17,3,8,30.85059,69.76996
2025-05-28 20:43:17,3,8,30.84765,62.92171
2025-05-28 20:43:17,3,8,30.84765,62.92171
2025-05-28 20:43:17,3,8,30.84765,62.02649
2025-05-28 20:43:17,3,8,30.84765,62.02649
2025-05-28 20:43:18,3,8,30.85353,63.38961
2025-05-28 20:43:18,3,8,30.85353,63.38961
2025-05-28 20:43:18,3,8,30.84765,55.74285
2025-05-28 20:43:18,3,8,30.84765,55.74285
2025-05-28 20:43:18,3,8,30.85353,50.96031
2025-05-28 20:43:18,3,8,30.85353,50.96031
2025-05-28 20:43:18,3,8,30.84765,42.55903
2025-05-28 20:43:18,3,8,30.84765,42.55903
2025-05-28 20:43:18,3,8,30.83882,45.44081
2025-05-28 20:43:18,3,8,30.83882,45.44081
2025-05-28 20:43:19,3,8,30.83588,49.19094
2025-05-28 20:43:19,3,8,30.83588,49.19094
2025-05-28 20:43:19,3,8,30.84471,54.47864
2025-05-28 20:43:19,3,8,30.84471,54.47864
2025-05-28 20:43:19,3,8,30.83,49.44093
2025-05-28 20:43:19,3,8,30.83,49.44093
2025-05-28 20:43:19,3,8,30.82412,43.70448
2025-05-28 20:43:19,3,8,30.82412,43.70448
2025-05-28 20:43:19,3,8,30.83294,45.43983
2025-05-28 20:43:19,3,8,30.83294,45.43983
2025-05-28 20:43:20,3,8,30.82118,39.12617
2025-05-28 20:43:20,3,8,30.82118,39.12617
2025-05-28 20:43:20,3,8,30.83,42.12048
2025-05-28 20:43:20,3,8,30.83,42.12048
2025-05-28 20:43:20,3,8,30.83588,42.83105
2025-05-28 20:43:20,3,8,30.83588,42.83105
2025-05-28 20:43:20,3,8,30.83882,38.41783
2025-05-28 20:43:20,3,8,30.83882,38.41783
2025-05-28 20:43:20,3,8,30.84471,42.03905
2025-05-28 20:43:20,3,8,30.84471,42.03905
2025-05-28 20:43:21,3,8,30.82706,51.5035
2025-05-28 20:43:21,3,8,30.82706,51.5035
2025-05-28 20:43:21,3,8,30.82412,56.16393
2025-05-28 20:43:21,3,8,30.82412,56.16393
2025-05-28 20:43:21,3,8,30.80941,46.84601
2025-05-28 20:43:21,3,8,30.80941,46.84601
2025-05-28 20:43:21,3,8,30.80059,45.04717
2025-05-28 20:43:21,3,8,30.80059,45.04717
2025-05-28 20:43:21,3,8,30.79471,65.34429
2025-05-28 20:43:21,3,8,30.79471,65.34429
2025-05-28 20:43:22,3,8,30.78,76.20026
2025-05-28 20:43:22,3,8,30.78,76.20026
2025-05-28 20:43:22,3,8,30.78588,80.03897
2025-05-28 20:43:22,3,8,30.78588,80.03897
2025-05-28 20:43:22,3,8,30.78294,96.16454
2025-05-28 20:43:22,3,8,30.78294,96.16454
2025-05-28 20:43:22,3,8,30.78882,96.26373
2025-05-28 20:43:22,3,8,30.78882,96.26373
2025-05-28 20:43:22,3,8,30.78882,94.65337
2025-05-28 20:43:22,3,8,30.78882,94.65337
2025-05-28 20:43:23,3,8,30.78882,96.88628
2025-05-28 20:43:23,3,8,30.78882,96.88628
2025-05-28 20:43:23,3,8,30.78,96.7147
2025-05-28 20:43:23,3,8,30.78,96.7147
2025-05-28 20:43:23,3,8,30.78,97.02251
2025-05-28 20:43:23,3,8,30.78,97.02251
2025-05-28 20:43:23,3,8,30.79765,97.04981
2025-05-28 20:43:23,3,8,30.79765,97.04981
2025-05-28 20:43:23,3,8,30.78882,97.09445
2025-05-28 20:43:23,3,8,30.78882,97.09445
2025-05-28 20:43:24,3,8,30.79471,97.19199
2025-05-28 20:43:24,3,8,30.79471,97.19199
2025-05-28 20:43:24,3,8,30.79765,97.04869
2025-05-28 20:43:24,3,8,30.79765,97.04869
2025-05-28 20:43:24,3,8,30.78588,97.14118
2025-05-28 20:43:24,3,8,30.78588,97.14118
2025-05-28 20:43:24,3,8,30.78294,97.12567
2025-05-28 20:43:24,3,8,30.78294,97.12567
2025-05-28 20:43:24,3,8,30.77706,97.0261
2025-05-28 20:43:24,3,8,30.77706,97.0261
2025-05-28 20:43:25,3,8,30.78294,97.07781
2025-05-28 20:43:25,3,8,30.78294,97.07781
2025-05-28 20:43:25,3,8,30.79177,97.12189
2025-05-28 20:43:25,3,8,30.79177,97.12189
2025-05-28 20:43:25,3,8,30.78882,97.13411
2025-05-28 20:43:25,3,8,30.78882,97.13411
2025-05-28 20:43:25,3,8,30.79765,97.17876
2025-05-28 20:43:25,3,8,30.79765,97.17876
2025-05-28 20:43:25,3,8,30.78294,97.12061
2025-05-28 20:43:25,3,8,30.78294,97.12061
2025-05-28 20:43:26,3,8,30.7653,97.11755
2025-05-28 20:43:26,3,8,30.7653,97.11755
2025-05-28 20:43:26,3,8,30.78882,97.03858
2025-05-28 20:43:26,3,8,30.78882,97.03858
2025-05-28 20:43:26,3,8,30.78588,97.1216
2025-05-28 20:43:26,3,8,30.78588,97.1216
2025-05-28 20:43:26,3,8,30.78294,97.10623
2025-05-28 20:43:26,3,8,30.78294,97.10623
2025-05-28 20:43:26,3,8,30.79765,97.21482
2025-05-28 20:43:26,3,8,30.79765,97.21482
2025-05-28 20:43:27,3,8,30.78,97.15722
2025-05-28 20:43:27,3,8,30.78,97.15722
2025-05-28 20:43:27,3,8,30.78882,97.11333
2025-05-28 20:43:27,3,8,30.78882,97.11333
2025-05-28 20:43:27,3,8,30.78588,97.11494
2025-05-28 20:43:27,3,8,30.78588,97.11494
2025-05-28 20:43:27,3,8,30.77706,97.15596
2025-05-28 20:43:27,3,8,30.77706,97.15596
2025-05-28 20:43:27,3,8,30.78588,95.20267
2025-05-28 20:43:27,3,8,30.78588,95.20267
2025-05-28 20:43:28,3,8,30.78882,93.38383
2025-05-28 20:43:28,3,8,30.78882,93.38383
2025-05-28 20:43:28,3,8,30.78,93.33099
2025-05-28 20:43:28,3,8,30.78,93.33099
2025-05-28 20:43:28,3,8,30.7653,86.86069
2025-05-28 20:43:28,3,8,30.7653,86.86069
2025-05-28 20:43:28,3,8,30.75941,89.92535
2025-05-28 20:43:28,3,8,30.75941,89.92535
2025-05-28 20:43:28,3,8,30.77118,89.86599
2025-05-28 20:43:28,3,8,30.77118,89.86599
2025-05-28 20:43:29,3,8,30.76235,89.82084
2025-05-28 20:43:29,3,8,30.76235,89.82084
2025-05-28 20:43:29,3,8,30.76824,90.39896
2025-05-28 20:43:29,3,8,30.76824,90.39896
2025-05-28 20:43:29,3,8,30.77412,91.70723
2025-05-28 20:43:29,3,8,30.77412,91.70723
2025-05-28 20:43:29,3,8,30.74765,93.39169
2025-05-28 20:43:29,3,8,30.74765,93.39169
2025-05-28 20:43:29,3,8,30.75059,93.59293
2025-05-28 20:43:29,3,8,30.75059,93.59293
2025-05-28 20:43:30,3,8,30.75353,93.53136
2025-05-28 20:43:30,3,8,30.75353,93.53136
2025-05-28 20:43:30,3,8,30.75059,93.42391
2025-05-28 20:43:30,3,8,30.75059,93.42391
2025-05-28 20:43:30,3,8,30.75941,93.57835
2025-05-28 20:43:30,3,8,30.75941,93.57835
2025-05-28 20:45:34,0,0,29.69471,41.11498
2025-05-28 20:45:34,0,0,29.69471,41.11498
2025-05-28 20:45:35,0,0,29.71824,40.45765
2025-05-28 20:45:35,0,0,29.71824,40.45765
2025-05-28 20:45:35,0,0,29.70647,44.5905
2025-05-28 20:45:35,0,0,29.70647,44.5905
2025-05-28 20:45:35,0,0,29.70647,41.85814
2025-05-28 20:45:35,0,0,29.70647,41.85814
2025-05-28 20:45:35,0,0,29.73,41.26431
2025-05-28 20:45:35,0,0,29.73,41.26431
2025-05-28 20:45:35,0,0,29.72412,39.3401
2025-05-28 20:45:35,0,0,29.72412,39.3401
2025-05-28 20:45:36,0,0,29.73882,38.07692
2025-05-28 20:45:36,0,0,29.73882,38.07692
2025-05-28 20:45:36,0,0,29.73882,41.60401
2025-05-28 20:45:36,0,0,29.73882,41.60401
2025-05-28 20:45:36,0,0,29.74176,40.57256
2025-05-28 20:45:36,0,0,29.74176,40.57256
2025-05-28 20:45:36,0,0,29.74765,37.22413
2025-05-28 20:45:36,0,0,29.74765,37.22413
2025-05-28 20:45:36,0,0,29.74176,40.33656
2025-05-28 20:45:36,0,0,29.74176,40.33656
2025-05-28 20:45:37,0,0,29.74765,40.55391
2025-05-28 20:45:37,0,0,29.74765,40.55391
2025-05-28 20:45:37,0,0,29.75941,37.80488
2025-05-28 20:45:37,0,0,29.75941,37.80488
2025-05-28 20:45:37,0,0,29.76824,42.60355
2025-05-28 20:45:37,0,0,29.76824,42.60355
2025-05-28 20:45:37,0,0,29.77118,41.05
2025-05-28 20:45:37,0,0,29.77118,41.05
2025-05-28 20:45:37,0,0,29.76824,39.32238
2025-05-28 20:45:37,0,0,29.76824,39.32238
2025-05-28 20:45:38,0,0,29.78294,37.87213
2025-05-28 20:45:38,0,0,29.78294,37.87213
2025-05-28 20:45:38,0,0,29.78,41.30765
2025-05-28 20:45:38,0,0,29.78,41.30765
2025-05-28 20:45:38,0,0,29.78,40.46328
2025-05-28 20:45:38,0,0,29.78,40.46328
2025-05-28 20:45:38,0,0,29.78882,45.10296
2025-05-28 20:45:38,0,0,29.79471,41.04781
2025-05-28 20:45:38,0,0,29.78882,45.10296
2025-05-28 20:45:38,0,0,29.79471,41.04781
2025-05-28 20:45:39,0,0,29.80941,41.3452
2025-05-28 20:45:39,0,0,29.80941,41.3452
2025-05-28 20:45:39,0,0,29.79765,37.69346
2025-05-28 20:45:39,0,0,29.79765,37.69346
2025-05-28 20:45:39,0,0,29.79471,38.89695
2025-05-28 20:45:39,0,0,29.79471,38.89695
2025-05-28 20:45:39,0,0,29.80353,40.90452
2025-05-28 20:45:39,0,0,29.80353,40.90452
2025-05-28 20:45:39,0,0,29.82412,41.20301
2025-05-28 20:45:39,0,0,29.82412,41.20301
2025-05-28 20:45:40,0,0,29.81824,44.76715
2025-05-28 20:45:40,0,0,29.81824,44.76715
2025-05-28 20:45:40,0,0,29.81235,41.45844
2025-05-28 20:45:40,0,0,29.81235,41.45844
2025-05-28 20:45:40,0,0,29.80941,40.59113
2025-05-28 20:45:40,0,0,29.80941,40.59113
2025-05-28 20:45:40,0,0,29.82118,44.90206
2025-05-28 20:45:40,0,0,29.82118,44.90206
2025-05-28 20:45:40,0,0,29.83,41.53226
2025-05-28 20:45:40,0,0,29.83,41.53226
2025-05-28 20:45:41,0,0,29.82412,41.42572
2025-05-28 20:45:41,0,0,29.82412,41.42572
2025-05-28 20:45:41,0,0,29.83,39.14849
2025-05-28 20:45:41,0,0,29.83,39.14849
2025-05-28 20:45:41,0,0,29.83,42.97851
2025-05-28 20:45:41,0,0,29.83,42.97851
2025-05-28 20:45:41,0,0,29.82412,40.82959
2025-05-28 20:45:41,0,0,29.82412,40.82959
2025-05-28 20:45:41,0,0,29.82412,39.41418
2025-05-28 20:45:41,0,0,29.82412,39.41418
2025-05-28 20:45:42,0,0,29.83588,37.97654
2025-05-28 20:45:42,0,0,29.83588,37.97654
2025-05-28 20:45:42,0,0,29.84765,40.97536
2025-05-28 20:45:42,0,0,29.84765,40.97536
2025-05-28 20:45:42,0,0,29.85059,41.57761
2025-05-28 20:45:42,0,0,29.85059,41.57761
2025-05-28 20:45:42,0,0,29.85353,44.39439
2025-05-28 20:45:42,0,0,29.85353,44.39439
2025-05-28 20:45:42,0,0,29.84765,41.15884
2025-05-28 20:45:42,0,0,29.84765,41.15884
2025-05-28 20:45:43,0,0,29.84765,41.13546
2025-05-28 20:45:43,0,0,29.84765,41.13546
2025-05-28 20:45:43,0,0,29.83882,37.23933
2025-05-28 20:45:43,0,0,29.83882,37.23933
2025-05-28 20:45:43,0,0,29.85353,40.15464
2025-05-28 20:45:43,0,0,29.85353,40.15464
2025-05-28 20:45:43,0,0,29.85647,40.09828
2025-05-28 20:45:43,0,0,29.85647,40.09828
2025-05-28 20:45:43,0,0,29.85941,36.81885
2025-05-28 20:45:43,0,0,29.85941,36.81885
2025-05-28 20:45:44,0,0,29.86823,40.97985
2025-05-28 20:45:44,0,0,29.86823,40.97985
2025-05-28 20:45:44,0,0,29.85941,46.91689
2025-05-28 20:45:44,0,0,29.85941,46.91689
2025-05-28 20:45:44,0,0,29.88,48.79375
2025-05-28 20:45:44,0,0,29.88,48.79375
2025-05-28 20:45:44,0,0,29.87412,54.70826
2025-05-28 20:45:44,0,0,29.87412,54.70826
2025-05-28 20:45:44,0,0,29.87118,52.16285
2025-05-28 20:45:44,0,0,29.87118,52.16285
2025-05-28 20:45:45,0,0,29.88,50.84861
2025-05-28 20:45:45,0,0,29.88,50.84861
2025-05-28 20:45:45,0,0,29.88294,53.49879
2025-05-28 20:45:45,0,0,29.88294,53.49879
2025-05-28 20:45:45,0,0,29.87118,51.9297
2025-05-28 20:45:45,0,0,29.87118,51.9297
2025-05-28 20:45:45,0,0,29.88294,50.36855
2025-05-28 20:45:45,0,0,29.88294,50.36855
2025-05-28 20:45:45,0,0,29.87706,52.9473
2025-05-28 20:45:45,0,0,29.87706,52.9473
2025-05-28 20:45:46,0,0,29.87412,51.20462
2025-05-28 20:45:46,0,0,29.87412,51.20462
2025-05-28 20:45:46,0,0,29.88588,52.48387
2025-05-28 20:45:46,0,0,29.88588,52.48387
2025-05-28 20:45:46,0,0,29.87706,53.96352
2025-05-28 20:45:46,0,0,29.87706,53.96352
2025-05-28 20:45:46,0,0,29.88588,48.45861
2025-05-28 20:45:46,0,0,29.88588,48.45861
2025-05-28 20:45:46,0,0,29.88,49.87531
2025-05-28 20:45:46,0,0,29.88,49.87531
2025-05-28 20:45:47,0,0,29.88294,50.272
2025-05-28 20:45:47,0,0,29.88294,50.272
2025-05-28 20:45:47,0,0,29.87412,46.02037
2025-05-28 20:45:47,0,0,29.87412,46.02037
2025-05-28 20:45:47,0,0,29.86529,41.21453
2025-05-28 20:45:47,0,0,29.86529,41.21453
2025-05-28 20:45:47,0,0,29.87412,41.99113
2025-05-28 20:45:47,0,0,29.87412,41.99113
2025-05-28 20:45:47,0,0,29.86823,36.94679
2025-05-28 20:45:47,0,0,29.86823,36.94679
2025-05-28 20:45:48,0,0,29.86823,40.89552
2025-05-28 20:45:48,0,0,29.86823,40.89552
2025-05-28 20:45:48,0,0,29.87118,41.07317
2025-05-28 20:45:48,0,0,29.87118,41.07317
2025-05-28 20:45:48,0,0,29.86823,44.15781
2025-05-28 20:45:48,0,0,29.86823,44.15781
2025-05-28 20:45:48,0,0,29.88294,39.38074
2025-05-28 20:45:48,0,0,29.88294,39.38074
2025-05-28 20:45:48,0,0,29.87706,41.38272
2025-05-28 20:45:48,0,0,29.87706,41.38272
2025-05-28 20:45:49,0,0,29.88588,41.77089
2025-05-28 20:45:49,0,0,29.88588,41.77089
2025-05-28 20:45:49,0,0,29.89177,37.9845
2025-05-28 20:45:49,0,0,29.89177,37.9845
2025-05-28 20:45:49,0,0,29.88588,40.99256
2025-05-28 20:45:49,0,0,29.88588,40.99256
2025-05-28 20:45:49,0,0,29.89177,40.91356
2025-05-28 20:45:49,0,0,29.89177,40.91356
2025-05-28 20:45:49,0,0,29.88882,37.71541
2025-05-28 20:45:49,0,0,29.88882,37.71541
2025-05-28 20:45:50,0,0,29.89471,41.89803
2025-05-28 20:45:50,0,0,29.89471,41.89803
2025-05-28 20:45:50,0,0,29.88294,41.06351
2025-05-28 20:45:50,0,0,29.88294,41.06351
2025-05-28 20:45:50,0,0,29.88882,44.17671
2025-05-28 20:45:50,0,0,29.88882,44.17671
2025-05-28 20:45:50,0,0,29.88882,43.84843
2025-05-28 20:45:50,0,0,29.88882,43.84843
2025-05-28 20:45:50,0,0,29.88294,41.36919
2025-05-28 20:45:50,0,0,29.88294,41.36919
2025-05-28 20:45:51,0,0,29.89177,41.26357
2025-05-28 20:45:51,0,0,29.89177,41.26357
2025-05-28 20:45:51,0,0,29.91235,44.72892
2025-05-28 20:45:51,0,0,29.91235,44.72892
2025-05-28 20:45:51,0,0,29.90059,41.94373
2025-05-28 20:45:51,0,0,29.90059,41.94373
2025-05-28 20:45:51,0,0,29.90647,41.73267
2025-05-28 20:45:51,0,0,29.90647,41.73267
2025-05-28 20:45:51,0,0,29.91235,44.32216
2025-05-28 20:45:51,0,0,29.91235,44.32216
2025-05-28 20:45:52,0,0,29.91235,39.15982
2025-05-28 20:45:52,0,0,29.91235,39.15982
2025-05-28 20:45:52,0,0,29.90353,41.12337
2025-05-28 20:45:52,0,0,29.90353,41.12337
2025-05-28 20:45:52,0,0,29.91235,41.13264
2025-05-28 20:45:52,0,0,29.91235,41.13264
2025-05-28 20:45:52,0,0,29.91824,36.69903
2025-05-28 20:45:52,0,0,29.91824,36.69903
2025-05-28 20:45:52,0,0,29.91235,40.47379
2025-05-28 20:45:52,0,0,29.91235,40.47379
2025-05-28 20:45:53,0,0,29.91235,40.86657
2025-05-28 20:45:53,0,0,29.91235,40.86657
2025-05-28 20:45:53,0,0,29.92118,38.94946
2025-05-28 20:45:53,0,0,29.92118,38.94946
2025-05-28 20:45:53,0,0,29.92412,43.90364
2025-05-28 20:45:53,0,0,29.92412,43.90364
2025-05-28 20:45:53,0,0,29.92118,41.23506
2025-05-28 20:45:53,0,0,29.92118,41.23506
2025-05-28 20:45:53,0,0,29.93,41.67488
2025-05-28 20:45:53,0,0,29.93,41.67488
2025-05-28 20:45:54,0,0,29.92412,45.57344
2025-05-28 20:45:54,0,0,29.92412,45.57344
2025-05-28 20:45:54,0,0,29.92412,41.53307
2025-05-28 20:45:54,0,0,29.92412,41.53307
2025-05-28 20:45:54,0,0,29.92118,41.66254
2025-05-28 20:45:54,0,0,29.92118,41.66254
2025-05-28 20:45:54,0,0,29.92118,44.57831
2025-05-28 20:45:54,0,0,29.92118,44.57831
2025-05-28 20:45:54,0,0,29.92706,39.46602
2025-05-28 20:45:54,0,0,29.92706,39.46602
2025-05-28 20:45:55,0,0,29.92706,40.99099
2025-05-28 20:45:55,0,0,29.92706,40.99099
2025-05-28 20:45:55,0,0,29.93294,41.8885
2025-05-28 20:45:55,0,0,29.93294,41.8885
2025-05-28 20:45:55,0,0,29.93882,44.77464
2025-05-28 20:45:55,0,0,29.93882,44.77464
2025-05-28 20:45:55,0,0,29.93,41.61242
2025-05-28 20:45:55,0,0,29.93,41.61242
2025-05-28 20:45:55,0,0,29.93588,41.98734
2025-05-28 20:45:55,0,0,29.93588,41.98734
2025-05-28 20:45:56,0,0,29.93588,44.6384
2025-05-28 20:45:56,0,0,29.93588,44.6384
2025-05-28 20:45:56,0,0,29.95647,39.54829
2025-05-28 20:45:56,0,0,29.95647,39.54829
2025-05-28 20:45:56,0,0,29.93882,41.20799
2025-05-28 20:45:56,0,0,29.93882,41.20799
2025-05-28 20:45:56,0,0,29.95059,42.5259
2025-05-28 20:45:56,0,0,29.95059,42.5259
2025-05-28 20:45:56,0,0,29.94765,44.97561
2025-05-28 20:45:56,0,0,29.94765,44.97561
2025-05-28 20:45:57,0,0,29.94176,41.95631
2025-05-28 20:45:57,0,0,29.94176,41.95631
2025-05-28 20:45:57,0,0,29.95059,41.92607
2025-05-28 20:45:57,0,0,29.95059,41.92607
2025-05-28 20:45:57,0,0,29.94471,44.68719
2025-05-28 20:45:57,0,0,29.94471,44.68719
2025-05-28 20:45:57,0,0,29.94765,39.41431
2025-05-28 20:45:57,0,0,29.94765,39.41431
2025-05-28 20:45:57,0,0,29.91824,41.24016
2025-05-28 20:45:57,0,0,29.91824,41.24016
2025-05-28 20:45:58,0,0,29.93,42.28053
2025-05-28 20:45:58,0,0,29.93,42.28053
2025-05-28 20:45:58,0,0,29.93,38.08831
2025-05-28 20:45:58,0,0,29.93,38.08831
2025-05-28 20:45:58,0,0,29.94765,41.17647
2025-05-28 20:45:58,0,0,29.94765,41.17647
2025-05-28 20:45:58,0,0,29.94471,41.91177
2025-05-28 20:45:58,0,0,29.94471,41.91177
2025-05-28 20:45:58,0,0,29.93588,44.77537
2025-05-28 20:45:58,0,0,29.93588,44.77537
2025-05-28 20:45:59,0,0,29.93,40.94094
2025-05-28 20:45:59,0,0,29.93,40.94094
2025-05-28 20:45:59,0,0,29.94471,40.7371
2025-05-28 20:45:59,0,0,29.94471,40.7371
2025-05-28 20:45:59,0,0,29.94765,43.43435
2025-05-28 20:45:59,0,0,29.94765,43.43435
2025-05-28 20:45:59,0,0,29.94765,44.24514
2025-05-28 20:45:59,0,0,29.94765,44.24514
2025-05-28 20:45:59,0,0,29.94765,41.49357
2025-05-28 20:45:59,0,0,29.94765,41.49357
2025-05-28 20:46:00,0,0,29.94471,41.88328
2025-05-28 20:46:00,0,0,29.94471,41.88328
2025-05-28 20:46:00,0,0,29.96235,38.18544
2025-05-28 20:46:00,0,0,29.96235,38.18544
2025-05-28 20:46:00,0,0,29.95353,40.36203
2025-05-28 20:46:00,0,0,29.95353,40.36203
2025-05-28 20:46:00,0,0,29.96529,41.00149
2025-05-28 20:46:00,0,0,29.96529,41.00149
2025-05-28 20:46:00,0,0,29.98,42.664
2025-05-28 20:46:00,0,0,29.98,42.664
2025-05-28 20:46:01,0,0,29.96235,44.44444
2025-05-28 20:46:01,0,0,29.96235,44.44444
2025-05-28 20:46:01,0,0,29.96529,41.5141
2025-05-28 20:46:01,0,0,29.96529,41.5141
2025-05-28 20:46:01,0,0,29.95941,41.73955
2025-05-28 20:46:01,0,0,29.95941,41.73955
2025-05-28 20:46:01,0,0,29.97412,37.20482
2025-05-28 20:46:01,0,0,29.97412,37.20482
2025-05-28 20:46:02,0,0,29.98,40.25465
2025-05-28 20:46:02,0,0,29.98,40.25465
2025-05-28 20:46:02,0,0,29.97412,41.38958
2025-05-28 20:46:02,0,0,29.97412,41.38958
2025-05-28 20:46:02,0,0,29.96529,43.39718
2025-05-28 20:46:02,0,0,29.96529,43.39718
2025-05-28 20:46:02,0,0,29.97412,44.30193
2025-05-28 20:46:02,0,0,29.97412,44.30193
2025-05-28 20:46:02,0,0,29.97412,41.48989
2025-05-28 20:46:02,0,0,29.97412,41.48989
2025-05-28 20:46:03,0,0,29.99176,41.95599
2025-05-28 20:46:03,0,0,29.99176,41.95599
2025-05-28 20:46:03,0,0,29.99176,37.28648
2025-05-28 20:46:03,0,0,30.00059,40.99901
2025-05-28 20:46:03,0,0,29.99176,37.28648
2025-05-28 20:46:03,0,0,30.00059,40.99901
2025-05-28 20:46:03,0,0,29.99471,40.98522
2025-05-28 20:46:03,0,0,29.99471,40.98522
2025-05-28 20:46:03,0,0,30.00059,38.66264
2025-05-28 20:46:03,0,0,30.00059,38.66264
2025-05-28 20:46:04,0,0,29.99765,43.95823
2025-05-28 20:46:04,0,0,29.99765,43.95823
2025-05-28 20:46:04,0,0,29.98882,41.12983
2025-05-28 20:46:04,0,0,29.98882,41.12983
2025-05-28 20:46:04,0,0,29.98882,41.60908
2025-05-28 20:46:04,0,0,29.99765,37.12047
2025-05-28 20:46:04,0,0,29.98882,41.60908
2025-05-28 20:46:04,0,0,29.99765,37.12047
2025-05-28 20:46:04,0,0,29.96824,40.45275
2025-05-28 20:46:04,0,0,29.96824,40.45275
2025-05-28 20:46:05,0,0,29.94471,41.29575
2025-05-28 20:46:05,0,0,29.94471,41.29575
2025-05-28 20:46:05,0,0,30.00353,42.14502
2025-05-28 20:46:05,0,0,30.00353,42.14502
2025-05-28 20:46:05,0,0,30.00941,44.1918
2025-05-28 20:46:05,0,0,30.00941,44.1918
2025-05-28 20:46:05,0,0,29.99765,41.2407
2025-05-28 20:46:05,0,0,29.99765,41.2407
2025-05-28 20:46:05,0,0,30.00353,41.76844
2025-05-28 20:46:05,0,0,30.00353,41.76844
2025-05-28 20:46:06,0,0,29.98,45.25948
2025-05-28 20:46:06,0,0,29.98,45.25948
2025-05-28 20:46:06,0,0,30.00059,39.97065
2025-05-28 20:46:06,0,0,30.00059,39.97065
2025-05-28 20:46:06,0,0,29.99471,41.41514
2025-05-28 20:46:06,0,0,29.99471,41.41514
2025-05-28 20:46:06,0,0,30.00647,39.72878
2025-05-28 20:46:06,0,0,30.00647,39.72878
2025-05-28 20:46:06,0,0,29.98882,44.57058
2025-05-28 20:46:06,0,0,29.98882,44.57058
2025-05-28 20:46:07,0,0,29.98588,41.22632
2025-05-28 20:46:07,0,0,29.98588,41.22632
2025-05-28 20:46:07,0,0,30.00353,40.46214
2025-05-28 20:46:07,0,0,30.00353,40.46214
2025-05-28 20:46:07,0,0,29.98882,38.17551
2025-05-28 20:46:07,0,0,29.98882,38.17551
2025-05-28 20:46:07,0,0,30.00353,42.96296
2025-05-28 20:46:07,0,0,30.00353,42.96296
2025-05-28 20:46:07,0,0,29.99176,41.20278
2025-05-28 20:46:07,0,0,29.99176,41.20278
2025-05-28 20:46:08,0,0,30.00059,41.27219
2025-05-28 20:46:08,0,0,30.00059,41.27219
2025-05-28 20:46:08,0,0,29.98882,45.57344
2025-05-28 20:46:08,0,0,29.98882,45.57344
2025-05-28 20:46:08,0,0,29.99765,40.48443
2025-05-28 20:46:08,0,0,29.99765,40.48443
2025-05-28 20:46:08,0,0,29.99765,41.77277
2025-05-28 20:46:08,0,0,29.99765,41.77277
2025-05-28 20:46:08,0,0,29.99765,38.44985
2025-05-28 20:46:08,0,0,29.99765,38.44985
2025-05-28 20:46:09,0,0,30.00647,38.62536
2025-05-28 20:46:09,0,0,30.00647,38.62536
2025-05-28 20:46:09,0,0,30.00059,41.43701
2025-05-28 20:46:09,0,0,30.00059,41.43701
2025-05-28 20:46:09,0,0,30.02706,42.11512
2025-05-28 20:46:09,0,0,30.02706,42.11512
2025-05-28 20:46:09,0,0,30.00353,37.92627
2025-05-28 20:46:09,0,0,30.00353,37.92627
2025-05-28 20:46:09,0,0,30.02118,41.58554
2025-05-28 20:46:09,0,0,30.02118,41.58554
2025-05-28 20:46:10,0,0,29.99176,41.8207
2025-05-28 20:46:10,0,0,29.99176,41.8207
2025-05-28 20:46:10,0,0,30.00647,43.19359
2025-05-28 20:46:10,0,0,30.00647,43.19359
2025-05-28 20:46:10,0,0,29.99176,42.40588
2025-05-28 20:46:10,0,0,29.99176,42.40588
2025-05-28 20:46:10,0,0,29.99176,42.21177
2025-05-28 20:46:10,0,0,29.99176,42.21177
2025-05-28 20:46:10,0,0,29.98588,41.42792
2025-05-28 20:46:10,0,0,29.98588,41.42792
2025-05-28 20:46:11,0,0,29.98882,45.75011
2025-05-28 20:46:11,0,0,29.98882,45.75011
2025-05-28 20:46:11,0,0,29.98882,43.82998
2025-05-28 20:46:11,0,0,29.98882,43.82998
2025-05-28 20:46:11,0,0,29.99471,42.07178
2025-05-28 20:46:11,0,0,29.99471,42.07178
2025-05-28 20:46:11,0,0,30.02118,42.59681
2025-05-28 20:46:11,0,0,30.02118,42.59681
2025-05-28 20:46:11,0,0,30.0153,46.23803
2025-05-28 20:46:11,0,0,30.0153,46.23803
2025-05-28 20:46:12,0,0,30.02412,42.06422
2025-05-28 20:46:12,0,0,30.02412,42.06422
2025-05-28 20:46:12,0,0,30.02412,44.17344
2025-05-28 20:46:12,0,0,30.02412,44.17344
2025-05-28 20:46:12,0,0,30.02706,41.14072
2025-05-28 20:46:12,0,0,30.02706,41.14072
2025-05-28 20:46:12,0,0,30.04765,41.72694
2025-05-28 20:46:12,0,0,30.04765,41.72694
2025-05-28 20:46:12,0,0,30.04765,43.58614
2025-05-28 20:46:12,0,0,30.04765,43.58614
2025-05-28 20:46:13,0,0,30.04765,43.04267
2025-05-28 20:46:13,0,0,30.04765,43.04267
2025-05-28 20:46:13,0,0,30.05059,46.75509
2025-05-28 20:46:13,0,0,30.05059,46.75509
2025-05-28 20:46:13,0,0,30.03294,42.97323
2025-05-28 20:46:13,0,0,30.03294,42.97323
2025-05-28 20:46:13,0,0,30.05059,44.44958
2025-05-28 20:46:13,0,0,30.05059,44.44958
2025-05-28 20:46:13,0,0,30.06235,41.6
2025-05-28 20:46:13,0,0,30.06235,41.6
2025-05-28 20:46:14,0,0,30.07706,41.71584
2025-05-28 20:46:14,0,0,30.07706,41.71584
2025-05-28 20:46:14,0,0,30.07412,44.16008
2025-05-28 20:46:14,0,0,30.07412,44.16008
2025-05-28 20:46:14,0,0,30.08,43.71813
2025-05-28 20:46:14,0,0,30.08,43.71813
2025-05-28 20:46:14,0,0,30.08,47.37589
2025-05-28 20:46:14,0,0,30.08,47.37589
2025-05-28 20:46:14,0,0,30.08294,32.21379
2025-05-28 20:46:14,0,0,30.08294,32.21379
2025-05-28 20:46:15,0,0,30.09471,35.66367
2025-05-28 20:46:15,0,0,30.09471,35.66367
2025-05-28 20:46:15,0,0,30.09471,49.25117
2025-05-28 20:46:15,0,0,30.09471,49.25117
2025-05-28 20:46:15,0,0,30.09176,49.93629
2025-05-28 20:46:15,0,0,30.09176,49.93629
2025-05-28 20:46:15,0,0,30.09765,50.23953
2025-05-28 20:46:15,0,0,30.09765,50.23953
2025-05-28 20:46:15,0,0,30.10059,50.32307
2025-05-28 20:46:15,0,0,30.10059,50.32307
2025-05-28 20:46:16,0,0,30.08882,50.37941
2025-05-28 20:46:16,0,0,30.08882,50.37941
2025-05-28 20:46:16,0,0,30.09765,50.32817
2025-05-28 20:46:16,0,0,30.09765,50.32817
2025-05-28 20:46:16,0,0,30.10941,50.36971
2025-05-28 20:46:16,0,0,30.10941,50.36971
2025-05-28 20:46:16,0,0,30.10059,50.40866
2025-05-28 20:46:16,0,0,30.10059,50.40866
2025-05-28 20:46:16,0,0,30.10353,50.36593
2025-05-28 20:46:16,0,0,30.10353,50.36593
2025-05-28 20:46:17,0,0,30.11235,50.38049
2025-05-28 20:46:17,0,0,30.11235,50.38049
2025-05-28 20:46:17,0,0,30.10941,50.41258
2025-05-28 20:46:17,0,0,30.10941,50.41258
2025-05-28 20:46:17,0,0,30.11529,50.41686
2025-05-28 20:46:17,0,0,30.11529,50.41686
2025-05-28 20:46:17,0,0,30.13,50.47288
2025-05-28 20:46:17,0,0,30.13,50.47288
2025-05-28 20:46:17,0,0,30.10941,50.48001
2025-05-28 20:46:17,0,0,30.10941,50.48001
2025-05-28 20:46:18,0,0,30.11823,50.46645
2025-05-28 20:46:18,0,0,30.11823,50.46645
2025-05-28 20:46:18,0,0,30.12118,50.46412
2025-05-28 20:46:18,0,0,30.12118,50.46412
2025-05-28 20:46:18,0,0,30.12412,50.38639
2025-05-28 20:46:18,0,0,30.12412,50.38639
2025-05-28 20:46:18,0,0,30.13882,80.44501
2025-05-28 20:46:18,0,0,30.13882,80.44501
2025-05-28 20:46:18,0,0,30.13,46.1808
2025-05-28 20:46:18,0,0,30.13,46.1808
2025-05-28 20:46:19,0,0,30.12706,40.19608
2025-05-28 20:46:19,0,0,30.12706,40.19608
2025-05-28 20:46:19,0,0,30.13,45.2346
2025-05-28 20:46:19,0,0,30.13,45.2346
2025-05-28 20:46:19,0,0,30.15059,45.41608
2025-05-28 20:46:19,0,0,30.15059,45.41608
2025-05-28 20:46:19,0,0,30.13588,43.49091
2025-05-28 20:46:19,0,0,30.13588,43.49091
2025-05-28 20:46:19,0,0,30.14177,50.24735
2025-05-28 20:46:19,0,0,30.14177,50.24735
2025-05-28 20:46:20,0,0,30.15353,45.46752
2025-05-28 20:46:20,0,0,30.15353,45.46752
2025-05-28 20:46:20,0,0,30.14177,45.24949
2025-05-28 20:46:20,0,0,30.14177,45.24949
2025-05-28 20:46:20,0,0,30.13882,49.96501
2025-05-28 20:46:20,0,0,30.13882,49.96501
2025-05-28 20:46:20,0,0,30.14177,43.53419
2025-05-28 20:46:20,0,0,30.14177,43.53419
2025-05-28 20:46:20,0,0,30.15353,44.82993
2025-05-28 20:46:20,0,0,30.15353,44.82993
2025-05-28 20:46:21,0,0,30.15647,49.38525
2025-05-28 20:46:21,0,0,30.15647,49.38525
2025-05-28 20:46:21,0,0,30.15941,42.44742
2025-05-28 20:46:21,0,0,30.15941,42.44742
2025-05-28 20:46:21,0,0,30.16824,46.77104
2025-05-28 20:46:21,0,0,30.16824,46.77104
2025-05-28 20:46:21,0,0,30.16824,45.51241
2025-05-28 20:46:21,0,0,30.16824,45.51241
2025-05-28 20:46:21,0,0,30.17412,41.55844
2025-05-28 20:46:21,0,0,30.17412,41.55844
2025-05-28 20:46:22,0,0,30.18,46.15899
2025-05-28 20:46:22,0,0,30.18,46.15899
2025-05-28 20:46:22,0,0,30.17118,47.69039
2025-05-28 20:46:22,0,0,30.17118,47.69039
2025-05-28 20:46:22,0,0,30.19176,44.45868
2025-05-28 20:46:22,0,0,30.19176,44.45868
2025-05-28 20:46:22,0,0,30.17706,50.15773
2025-05-28 20:46:22,0,0,30.17706,50.15773
2025-05-28 20:46:22,0,0,30.19765,47.19536
2025-05-28 20:46:22,0,0,30.19765,47.19536
2025-05-28 20:46:23,0,0,30.20353,46.06299
2025-05-28 20:46:23,0,0,30.20353,46.06299
2025-05-28 20:46:23,0,0,30.19176,51.98463
2025-05-28 20:46:23,0,0,30.19176,51.98463
2025-05-28 20:46:23,0,0,30.20647,47.66908
2025-05-28 20:46:23,0,0,30.20647,47.66908
2025-05-28 20:46:23,0,0,30.20941,48.62328
2025-05-28 20:46:23,0,0,30.20941,48.62328
2025-05-28 20:46:23,0,0,30.21529,53.44495
2025-05-28 20:46:23,0,0,30.21529,53.44495
2025-05-28 20:46:24,0,0,30.22412,46.23392
2025-05-28 20:46:24,0,0,30.22412,46.23392
2025-05-28 20:46:24,0,0,30.21824,48.27586
2025-05-28 20:46:24,0,0,30.21824,48.27586
2025-05-28 20:46:24,0,0,30.23,49.2023
2025-05-28 20:46:24,0,0,30.23,49.2023
2025-05-28 20:46:24,0,0,30.23294,44.16462
2025-05-28 20:46:24,0,0,30.23294,44.16462
2025-05-28 20:46:24,0,0,30.23882,48.0179
2025-05-28 20:46:24,0,0,30.23882,48.0179
2025-05-28 20:46:25,0,0,30.23294,46.8789
2025-05-28 20:46:25,0,0,30.23294,46.8789
2025-05-28 20:46:25,0,0,30.24765,42.98642
2025-05-28 20:46:25,0,0,30.24765,42.98642
2025-05-28 20:46:25,0,0,30.24765,49.9678
2025-05-28 20:46:25,0,0,30.24765,49.9678
2025-05-28 20:46:25,0,0,30.25353,48.13385
2025-05-28 20:46:25,0,0,30.25353,48.13385
2025-05-28 20:46:25,0,0,30.24471,45.78947
2025-05-28 20:46:25,0,0,30.24471,45.78947
2025-05-28 20:46:26,0,0,30.25647,50.86929
2025-05-28 20:46:26,0,0,30.25647,50.86929
2025-05-28 20:46:26,0,0,30.2653,46.53349
2025-05-28 20:46:26,0,0,30.2653,46.53349
2025-05-28 20:46:26,0,0,30.25353,48.09087
2025-05-28 20:46:26,0,0,30.25353,48.09087
2025-05-28 20:46:26,0,0,30.2653,51.41509
2025-05-28 20:46:26,0,0,30.2653,51.41509
2025-05-28 20:46:26,0,0,30.27118,48.94129
2025-05-28 20:46:26,0,0,30.27118,48.94129
2025-05-28 20:46:27,0,0,30.27412,47.8481
2025-05-28 20:46:27,0,0,30.27412,47.8481
2025-05-28 20:46:27,0,0,30.27118,49.92351
2025-05-28 20:46:27,0,0,30.27118,49.92351
2025-05-28 20:46:27,0,0,30.26824,44.89261
2025-05-28 20:46:27,0,0,30.26824,44.89261
2025-05-28 20:46:27,0,0,30.28294,47.79874
2025-05-28 20:46:27,0,0,30.28294,47.79874
2025-05-28 20:46:27,0,0,30.29471,45.91708
2025-05-28 20:46:27,0,0,30.29471,45.91708
2025-05-28 20:46:28,0,0,30.28588,41.57591
2025-05-28 20:46:28,0,0,30.28588,41.57591
2025-05-28 20:46:28,0,0,30.28294,48.45901
2025-05-28 20:46:28,0,0,30.28294,48.45901
2025-05-28 20:46:28,0,0,30.26824,46.67106
2025-05-28 20:46:28,0,0,30.26824,46.67106
2025-05-28 20:46:28,0,0,30.28,45.59894
2025-05-28 20:46:28,0,0,30.28,45.59894
2025-05-28 20:46:28,0,0,30.28,51.87871
2025-05-28 20:46:28,0,0,30.28,51.87871
2025-05-28 20:46:29,0,0,30.28,47.62228
2025-05-28 20:46:29,0,0,30.28,47.62228
2025-05-28 20:46:29,0,0,30.27412,45.80397
2025-05-28 20:46:29,0,0,30.27412,45.80397
2025-05-28 20:46:29,0,0,30.28294,43.26288
2025-05-28 20:46:29,0,0,30.28294,43.26288
2025-05-28 20:46:29,0,0,30.28588,49.93369
2025-05-28 20:46:29,0,0,30.28588,49.93369
2025-05-28 20:46:29,0,0,30.28588,46.83965
2025-05-28 20:46:29,0,0,30.28588,46.83965
2025-05-28 20:46:30,0,0,30.28588,46.1026
2025-05-28 20:46:30,0,0,30.28588,46.1026
2025-05-28 20:46:30,0,0,30.30059,52.22672
2025-05-28 20:46:30,0,0,30.30059,52.22672
2025-05-28 20:46:30,0,0,30.28882,47.2973
2025-05-28 20:46:30,0,0,30.28882,47.2973
2025-05-28 20:46:30,0,0,30.28882,47.66537
2025-05-28 20:46:30,0,0,30.28882,47.66537
2025-05-28 20:46:30,0,0,30.29471,50
2025-05-28 20:46:30,0,0,30.29471,50
2025-05-28 20:46:31,0,0,30.29177,43.39502
2025-05-28 20:46:31,0,0,30.29177,43.39502
2025-05-28 20:46:31,0,0,30.30353,46.38158
2025-05-28 20:46:31,0,0,30.30353,46.38158
2025-05-28 20:46:31,0,0,30.30353,46.04743
2025-05-28 20:46:31,0,0,30.30353,46.04743
2025-05-28 20:46:31,0,0,30.30353,41.51436
2025-05-28 20:46:31,0,0,30.30353,41.51436
2025-05-28 20:46:31,0,0,30.31235,45.32423
2025-05-28 20:46:31,0,0,30.31235,45.32423
2025-05-28 20:46:32,0,0,30.30941,44.40179
2025-05-28 20:46:32,0,0,30.30941,44.40179
2025-05-28 20:46:32,0,0,30.31235,41.31343
2025-05-28 20:46:32,0,0,30.31235,41.31343
2025-05-28 20:46:32,0,0,30.30941,47.75821
2025-05-28 20:46:32,0,0,30.30941,47.75821
2025-05-28 20:46:32,0,0,30.31529,37.12998
2025-05-28 20:46:32,0,0,30.31529,37.12998
2025-05-28 20:46:32,0,0,30.31824,33.98753
2025-05-28 20:46:32,0,0,30.31824,33.98753
2025-05-28 20:46:33,0,0,30.32412,40.36521
2025-05-28 20:46:33,0,0,30.32412,40.36521
2025-05-28 20:46:33,0,0,30.31824,43.30154
2025-05-28 20:46:33,0,0,30.31824,43.30154
2025-05-28 20:46:33,0,0,30.32412,78.63161
2025-05-28 20:46:33,0,0,30.32412,78.63161
2025-05-28 20:46:33,0,0,30.33882,46.68499
2025-05-28 20:46:33,0,0,30.33882,46.68499
2025-05-28 20:46:33,0,0,30.34765,38.81165
2025-05-28 20:46:33,0,0,30.34765,38.81165
2025-05-28 20:46:34,0,0,30.34765,56.03194
2025-05-28 20:46:34,0,0,30.34765,56.03194
2025-05-28 20:46:34,0,0,30.35059,45.71364
2025-05-28 20:46:34,0,0,30.35059,45.71364
2025-05-28 20:46:34,0,0,30.33882,46.66094
2025-05-28 20:46:34,0,0,30.33882,46.66094
2025-05-28 20:46:34,0,0,30.36823,47.4805
2025-05-28 20:46:34,0,0,30.36823,47.4805
2025-05-28 20:46:34,0,0,30.35941,36.48373
2025-05-28 20:46:34,0,0,30.35941,36.48373
2025-05-28 20:46:35,0,0,30.33882,25.44184
2025-05-28 20:46:35,0,0,30.33882,25.44184
2025-05-28 20:46:35,0,0,30.33882,64.27623
2025-05-28 20:46:35,0,0,30.33882,64.27623
2025-05-28 20:46:35,0,0,30.34176,41.50066
2025-05-28 20:46:35,0,0,30.34176,41.50066
2025-05-28 20:46:35,0,0,30.34471,38.71548
2025-05-28 20:46:35,0,0,30.34471,38.71548
2025-05-28 20:46:35,0,0,30.34176,35.05155
2025-05-28 20:46:35,0,0,30.34176,35.05155
2025-05-28 20:46:36,0,0,30.34471,45.24568
2025-05-28 20:46:36,0,0,30.34471,45.24568
2025-05-28 20:46:36,0,0,30.34765,51.6382
2025-05-28 20:46:36,0,0,30.34765,51.6382
2025-05-28 20:46:36,0,0,30.33294,52.62521
2025-05-28 20:46:36,0,0,30.33294,52.62521
2025-05-28 20:46:36,0,0,30.34176,53.17043
2025-05-28 20:46:36,0,0,30.34176,53.17043
2025-05-28 20:46:36,0,0,30.33,52.97173
2025-05-28 20:46:36,0,0,30.33,52.97173
2025-05-28 20:46:37,0,0,30.32706,53.68596
2025-05-28 20:46:37,0,0,30.32706,53.68596
2025-05-28 20:46:37,0,0,30.32118,53.42
2025-05-28 20:46:37,0,0,30.32118,53.42
2025-05-28 20:46:37,0,0,30.32118,52.9833
2025-05-28 20:46:37,0,0,30.32118,52.9833
2025-05-28 20:46:37,0,0,30.33294,53.1748
2025-05-28 20:46:37,0,0,30.33294,53.1748
2025-05-28 20:46:37,0,0,30.34176,53.21179
2025-05-28 20:46:37,0,0,30.34176,53.21179
2025-05-28 20:46:38,0,0,30.30941,53.1442
2025-05-28 20:46:38,0,0,30.30941,53.1442
2025-05-28 20:46:38,0,0,30.31235,52.98774
2025-05-28 20:46:38,0,0,30.31235,52.98774
2025-05-28 20:46:38,0,0,30.30353,53.2833
2025-05-28 20:46:38,0,0,30.30353,53.2833
2025-05-28 20:46:38,0,0,30.30059,53.32017
2025-05-28 20:46:38,0,0,30.30059,53.32017
2025-05-28 20:46:38,0,0,30.30941,53.01266
2025-05-28 20:46:38,0,0,30.30941,53.01266
2025-05-28 20:46:39,0,0,30.30941,52.99487
2025-05-28 20:46:39,0,0,30.30941,52.99487
2025-05-28 20:46:39,0,0,30.30647,52.74744
2025-05-28 20:46:39,0,0,30.30647,52.74744
2025-05-28 20:46:39,0,0,30.31235,52.7263
2025-05-28 20:46:39,0,0,30.31235,52.7263
2025-05-28 20:46:39,0,0,30.31235,58.21004
2025-05-28 20:46:39,0,0,30.31235,58.21004
2025-05-28 20:46:39,0,0,30.30647,42.05243
2025-05-28 20:46:39,0,0,30.30647,42.05243
2025-05-28 20:46:40,0,0,30.30647,37.15332
2025-05-28 20:46:40,0,0,30.30647,37.15332
2025-05-28 20:46:40,0,0,30.31529,40.2897
2025-05-28 20:46:40,0,0,30.31529,40.2897
2025-05-28 20:46:40,0,0,30.30353,39.47507
2025-05-28 20:46:40,0,0,30.30353,39.47507
2025-05-28 20:46:40,0,0,30.31235,35.75949
2025-05-28 20:46:40,0,0,30.31235,35.75949
2025-05-28 20:46:40,0,0,30.31235,40.03233
2025-05-28 20:46:40,0,0,30.31235,40.03233
2025-05-28 20:46:41,0,0,30.33,39.87241
2025-05-28 20:46:41,0,0,30.33,39.87241
2025-05-28 20:46:41,0,0,30.31529,38.1161
2025-05-28 20:46:41,0,0,30.31529,38.1161
2025-05-28 20:46:41,0,0,30.31235,42.86486
2025-05-28 20:46:41,0,0,30.31235,42.86486
2025-05-28 20:46:41,0,0,30.31529,40.23991
2025-05-28 20:46:41,0,0,30.31529,40.23991
2025-05-28 20:46:41,0,0,30.32412,40.14949
2025-05-28 20:46:41,0,0,30.32412,40.14949
2025-05-28 20:46:42,0,0,30.34471,43.0653
2025-05-28 20:46:42,0,0,30.34471,43.0653
2025-05-28 20:46:42,0,0,30.35647,38.43303
2025-05-28 20:46:42,0,0,30.35647,38.43303
2025-05-28 20:46:42,0,0,30.35941,40.07372
2025-05-28 20:46:42,0,0,30.35941,40.07372
2025-05-28 20:46:42,0,0,30.35647,40.87784
2025-05-28 20:46:42,0,0,30.35647,40.87784
2025-05-28 20:46:42,0,0,30.35941,36.45145
2025-05-28 20:46:42,0,0,30.35941,36.45145
2025-05-28 20:46:43,0,0,30.34176,40.04149
2025-05-28 20:46:43,0,0,30.34176,40.04149
2025-05-28 20:46:43,0,0,30.33588,40.39216
2025-05-28 20:46:43,0,0,30.33588,40.39216
2025-05-28 20:46:43,0,0,30.35059,37.39598
2025-05-28 20:46:43,0,0,30.35059,37.39598
2025-05-28 20:46:43,0,0,30.34471,41.22939
2025-05-28 20:46:43,0,0,30.34471,41.22939
2025-05-28 20:46:43,0,0,30.35059,41.19667
2025-05-28 20:46:43,0,0,30.35059,41.19667
2025-05-28 20:46:44,0,0,30.35059,38.40411
2025-05-28 20:46:44,0,0,30.35059,38.40411
2025-05-28 20:46:44,0,0,30.36823,17.62449
2025-05-28 20:46:44,0,0,30.36823,17.62449
2025-05-28 20:46:44,0,0,30.35941,74.77493
2025-05-28 20:46:44,0,0,30.35941,74.77493
2025-05-28 20:46:44,0,0,30.35647,51.46686
2025-05-28 20:46:44,0,0,30.35647,51.46686
2025-05-28 20:46:44,0,0,30.36235,46.62521
2025-05-28 20:46:44,0,0,30.36235,46.62521
2025-05-28 20:46:45,0,0,30.35647,49.2464
2025-05-28 20:46:45,0,0,30.35647,49.2464
2025-05-28 20:46:45,0,0,30.36823,48.11443
2025-05-28 20:46:45,0,0,30.36823,48.11443
2025-05-28 20:46:45,0,0,30.35941,49.47452
2025-05-28 20:46:45,0,0,30.35941,49.47452
2025-05-28 20:46:45,0,0,30.35353,49.95872
2025-05-28 20:46:45,0,0,30.35353,49.95872
2025-05-28 20:46:45,0,0,30.37706,49.81482
2025-05-28 20:46:45,0,0,30.37706,49.81482
2025-05-28 20:46:46,0,0,30.35059,49.76193
2025-05-28 20:46:46,0,0,30.35059,49.76193
2025-05-28 20:46:46,0,0,30.37706,49.5948
2025-05-28 20:46:46,0,0,30.37706,49.5948
2025-05-28 20:46:46,0,0,30.37118,49.69963
2025-05-28 20:46:46,0,0,30.37118,49.69963
2025-05-28 20:46:46,0,0,30.36529,49.13412
2025-05-28 20:46:46,0,0,30.36529,49.13412
2025-05-28 20:46:46,0,0,30.38,48.91853
2025-05-28 20:46:46,0,0,30.38,48.91853
2025-05-28 20:46:47,0,0,30.38,49.46391
2025-05-28 20:46:47,0,0,30.38,49.46391
2025-05-28 20:46:47,0,0,30.37118,50.27946
2025-05-28 20:46:47,0,0,30.37118,50.27946
2025-05-28 20:46:47,0,0,30.37706,49.0596
2025-05-28 20:46:47,0,0,30.37706,49.0596
2025-05-28 20:46:47,0,0,30.36529,49.83845
2025-05-28 20:46:47,0,0,30.36529,49.83845
2025-05-28 20:46:47,0,0,30.36529,50.02334
2025-05-28 20:46:47,0,0,30.36529,50.02334
2025-05-28 20:46:48,0,0,30.36529,49.92942
2025-05-28 20:46:48,0,0,30.36529,49.92942
2025-05-28 20:46:48,0,0,30.35059,50.18583
2025-05-28 20:46:48,0,0,30.35059,50.18583
2025-05-28 20:46:48,0,0,30.38,49.82241
2025-05-28 20:46:48,0,0,30.38,49.82241
2025-05-28 20:46:48,0,0,30.36235,48.86625
2025-05-28 20:46:48,0,0,30.36235,48.86625
2025-05-28 20:46:48,0,0,30.36235,50.1183
2025-05-28 20:46:48,0,0,30.36235,50.1183
2025-05-28 20:46:49,0,0,30.36529,50.21436
2025-05-28 20:46:49,0,0,30.36529,50.21436
2025-05-28 20:46:49,0,0,30.36823,49.92241
2025-05-28 20:46:49,0,0,30.36823,49.92241
2025-05-28 20:46:49,0,0,30.35353,49.37725
2025-05-28 20:46:49,0,0,30.35353,49.37725
2025-05-28 20:46:49,0,0,30.36823,54.02789
2025-05-28 20:46:49,0,0,30.36823,54.02789
2025-05-28 20:46:49,0,0,30.37118,50.02325
2025-05-28 20:46:49,0,0,30.37118,50.02325
2025-05-28 20:46:50,0,0,30.36529,69.0174
2025-05-28 20:46:50,0,0,30.36529,69.0174
2025-05-28 20:46:50,0,0,30.35353,56.15464
2025-05-28 20:46:50,0,0,30.35353,56.15464
2025-05-28 20:46:50,0,0,30.35941,51.23471
2025-05-28 20:46:50,0,0,30.35941,51.23471
2025-05-28 20:46:50,0,0,30.35941,46.78387
2025-05-28 20:46:50,0,0,30.35941,46.78387
2025-05-28 20:46:50,0,0,30.38294,53.14883
2025-05-28 20:46:50,0,0,30.38294,53.14883
2025-05-28 20:46:51,0,0,30.38,36.72713
2025-05-28 20:46:51,0,0,30.38,36.72713
2025-05-28 20:46:51,0,0,30.37412,44.64684
2025-05-28 20:46:51,0,0,30.37412,44.64684
2025-05-28 20:46:51,0,0,30.38,51.29428
2025-05-28 20:46:51,0,0,30.38,51.29428
2025-05-28 20:46:51,0,0,30.38294,34.41016
2025-05-28 20:46:51,0,0,30.38294,34.41016
2025-05-28 20:46:51,0,0,30.38,57.24724
2025-05-28 20:46:51,0,0,30.38,57.24724
2025-05-28 20:46:52,0,0,30.37412,50.48289
2025-05-28 20:46:52,0,0,30.37412,50.48289
2025-05-28 20:46:52,0,0,30.37118,61.25015
2025-05-28 20:46:52,0,0,30.37118,61.25015
2025-05-28 20:46:52,0,0,30.38588,44.77757
2025-05-28 20:46:52,0,0,30.38588,44.77757
2025-05-28 20:46:52,0,0,30.37118,48.42602
2025-05-28 20:46:52,0,0,30.37118,48.42602
2025-05-28 20:46:52,0,0,30.37706,46.37606
2025-05-28 20:46:52,0,0,30.37706,46.37606
2025-05-28 20:46:53,0,0,30.38588,47.2061
2025-05-28 20:46:53,0,0,30.38588,47.2061
2025-05-28 20:46:53,0,0,30.38,46.98945
2025-05-28 20:46:53,0,0,30.38,46.98945
2025-05-28 20:46:53,0,0,30.38294,47.89145
2025-05-28 20:46:53,0,0,30.38294,47.89145
2025-05-28 20:46:53,0,0,30.38,48.71437
2025-05-28 20:46:53,0,0,30.38,48.71437
2025-05-28 20:46:53,0,0,30.38,48.43554
2025-05-28 20:46:53,0,0,30.38,48.43554
2025-05-28 20:46:54,0,0,30.37412,48.1604
2025-05-28 20:46:54,0,0,30.37412,48.1604
2025-05-28 20:46:54,0,0,30.38,48.1159
2025-05-28 20:46:54,0,0,30.38,48.1159
2025-05-28 20:46:54,0,0,30.37412,48.25256
2025-05-28 20:46:54,0,0,30.37412,48.25256
2025-05-28 20:46:54,0,0,30.37412,48.33044
2025-05-28 20:46:54,0,0,30.37412,48.33044
2025-05-28 20:46:54,0,0,30.36529,48.32418
2025-05-28 20:46:54,0,0,30.36529,48.32418
2025-05-28 20:46:55,0,0,30.35941,48.27099
2025-05-28 20:46:55,0,0,30.35941,48.27099
2025-05-28 20:46:55,0,0,30.36823,48.44126
2025-05-28 20:46:55,0,0,30.36823,48.44126
2025-05-28 20:46:55,0,0,30.36235,48.83326
2025-05-28 20:46:55,0,0,30.36235,48.83326
2025-05-28 20:46:55,0,0,30.36235,48.66959
2025-05-28 20:46:55,0,0,30.36235,48.66959
2025-05-28 20:46:55,0,0,30.37118,48.69471
2025-05-28 20:46:55,0,0,30.37118,48.69471
2025-05-28 20:46:56,0,0,30.36235,48.21145
2025-05-28 20:46:56,0,0,30.36235,48.21145
2025-05-28 20:46:56,0,0,30.36529,48.13327
2025-05-28 20:46:56,0,0,30.36529,48.13327
2025-05-28 20:46:56,0,0,30.36823,48.27
2025-05-28 20:46:56,0,0,30.36823,48.27
2025-05-28 20:46:56,0,0,30.38,47.93625
2025-05-28 20:46:56,0,0,30.38,47.93625
2025-05-28 20:46:56,0,0,30.36529,47.73727
2025-05-28 20:46:56,0,0,30.36529,47.73727
2025-05-28 20:46:57,0,0,30.36823,48.1843
2025-05-28 20:46:57,0,0,30.36823,48.1843
2025-05-28 20:46:57,0,0,30.37706,47.62895
2025-05-28 20:46:57,0,0,30.37706,47.62895
2025-05-28 20:46:57,0,0,30.37118,47.43316
2025-05-28 20:46:57,0,0,30.37118,47.43316
2025-05-28 20:46:57,0,0,30.35647,47.52526
2025-05-28 20:46:57,0,0,30.35647,47.52526
2025-05-28 20:46:58,0,0,30.35353,47.83264
2025-05-28 20:46:58,0,0,30.35353,47.83264
2025-05-28 20:46:58,0,0,30.35353,64.64994
2025-05-28 20:46:58,0,0,30.35353,64.64994
2025-05-28 20:46:58,0,0,30.35941,58.63713
2025-05-28 20:46:58,0,0,30.35941,58.63713
2025-05-28 20:46:58,0,0,30.35353,52.30101
2025-05-28 20:46:58,0,0,30.35353,52.30101
2025-05-28 20:46:58,0,0,30.35647,48.72431
2025-05-28 20:46:58,0,0,30.35647,48.72431
2025-05-28 20:46:59,0,0,30.34471,53.72813
2025-05-28 20:46:59,0,0,30.34471,53.72813
2025-05-28 20:46:59,0,0,30.34765,48.47122
2025-05-28 20:46:59,0,0,30.34765,48.47122
2025-05-28 20:46:59,0,0,30.36235,50.26587
2025-05-28 20:46:59,0,0,30.36235,50.26587
2025-05-28 20:46:59,0,0,30.35941,49.89059
2025-05-28 20:46:59,0,0,30.35941,49.89059
2025-05-28 20:46:59,0,0,30.36529,52.92842
2025-05-28 20:46:59,0,0,30.36529,52.92842
2025-05-28 20:47:00,0,0,30.35647,48.1888
2025-05-28 20:47:00,0,0,30.35647,48.1888
2025-05-28 20:47:00,0,0,30.35059,37.98883
2025-05-28 20:47:00,0,0,30.35059,37.98883
2025-05-28 20:47:00,0,0,30.35941,42.82178
2025-05-28 20:47:00,0,0,30.35941,42.82178
2025-05-28 20:47:00,0,0,30.34471,37.47292
2025-05-28 20:47:00,0,0,30.34471,37.47292
2025-05-28 20:47:00,0,0,30.35353,55.79773
2025-05-28 20:47:00,0,0,30.35353,55.79773
2025-05-28 20:47:01,0,0,30.34765,57.28203
2025-05-28 20:47:01,0,0,30.34765,57.28203
2025-05-28 20:47:01,0,0,30.35353,49.11366
2025-05-28 20:47:01,0,0,30.35353,49.11366
2025-05-28 20:47:01,0,0,30.34471,52.09121
2025-05-28 20:47:01,0,0,30.34471,52.09121
2025-05-28 20:47:01,0,0,30.35059,46.94969
2025-05-28 20:47:01,0,0,30.35059,46.94969
2025-05-28 20:47:01,0,0,30.37118,50.62439
2025-05-28 20:47:01,0,0,30.37118,50.62439
2025-05-28 20:47:02,0,0,30.35353,50.95499
2025-05-28 20:47:02,0,0,30.35353,50.95499
2025-05-28 20:47:02,0,0,30.36529,51.00812
2025-05-28 20:47:02,0,0,30.36529,51.00812
2025-05-28 20:47:02,0,0,30.35647,51.02359
2025-05-28 20:47:02,0,0,30.35647,51.02359
2025-05-28 20:47:02,0,0,30.35647,51.12494
2025-05-28 20:47:02,0,0,30.35647,51.12494
2025-05-28 20:47:02,0,0,30.35353,51.05924
2025-05-28 20:47:02,0,0,30.35353,51.05924
2025-05-28 20:47:03,0,0,30.35941,50.54582
2025-05-28 20:47:03,0,0,30.35941,50.54582
2025-05-28 20:47:03,0,0,30.36823,46.91305
2025-05-28 20:47:03,0,0,30.36823,46.91305
2025-05-28 20:47:03,0,0,30.36823,37.05505
2025-05-28 20:47:03,0,0,30.36823,37.05505
2025-05-28 20:47:03,0,0,30.37412,50.1866
2025-05-28 20:47:03,0,0,30.37412,50.1866
2025-05-28 20:47:03,0,0,30.36823,50.79287
2025-05-28 20:47:03,0,0,30.36823,50.79287
2025-05-28 20:47:04,0,0,30.35353,50.96218
2025-05-28 20:47:04,0,0,30.35353,50.96218
2025-05-28 20:47:04,0,0,30.36529,51.08216
2025-05-28 20:47:04,0,0,30.36529,51.08216
2025-05-28 20:47:04,0,0,30.36823,51.05746
2025-05-28 20:47:04,0,0,30.36823,51.05746
2025-05-28 20:47:04,0,0,30.34765,51.08529
2025-05-28 20:47:04,0,0,30.34765,51.08529
2025-05-28 20:47:04,0,0,30.35941,51.11068
2025-05-28 20:47:04,0,0,30.35941,51.11068
2025-05-28 20:47:05,0,0,30.35059,50.82528
2025-05-28 20:47:05,0,0,30.35059,50.82528
2025-05-28 20:47:05,0,0,30.35059,71.87364
2025-05-28 20:47:05,0,0,30.35059,71.87364
2025-05-28 20:47:05,0,0,30.34176,38.00452
2025-05-28 20:47:05,0,0,30.34176,38.00452
2025-05-28 20:47:05,0,0,30.34765,35.70428
2025-05-28 20:47:05,0,0,30.34765,35.70428
2025-05-28 20:47:05,0,0,30.34176,35.96914
2025-05-28 20:47:05,0,0,30.34176,35.96914
2025-05-28 20:47:06,0,0,30.34471,32.40562
2025-05-28 20:47:06,0,0,30.34471,32.40562
2025-05-28 20:47:06,0,0,30.34176,49.71619
2025-05-28 20:47:06,0,0,30.34176,49.71619
2025-05-28 20:47:06,0,0,30.34765,50.16576
2025-05-28 20:47:06,0,0,30.34765,50.16576
2025-05-28 20:47:06,0,0,30.35647,50.31832
2025-05-28 20:47:06,0,0,30.35647,50.31832
2025-05-28 20:47:06,0,0,30.34765,50.38025
2025-05-28 20:47:06,0,0,30.34765,50.38025
2025-05-28 20:47:07,0,0,30.34176,50.18874
2025-05-28 20:47:07,0,0,30.34176,50.18874
2025-05-28 20:47:07,0,0,30.33882,53.07683
2025-05-28 20:47:07,0,0,30.33882,53.07683
2025-05-28 20:47:07,0,0,30.35059,46.46066
2025-05-28 20:47:07,0,0,30.35059,46.46066
2025-05-28 20:47:07,0,0,30.35353,42.05259
2025-05-28 20:47:07,0,0,30.35353,42.05259
2025-05-28 20:47:07,0,0,30.34765,39.78422
2025-05-28 20:47:07,0,0,30.34765,39.78422
2025-05-28 20:47:08,0,0,30.35059,37.58406
2025-05-28 20:47:08,0,0,30.35059,37.58406
2025-05-28 20:47:08,0,0,30.35059,38.58058
2025-05-28 20:47:08,0,0,30.35059,38.58058
2025-05-28 20:47:08,0,0,30.35353,38.34141
2025-05-28 20:47:08,0,0,30.35353,38.34141
2025-05-28 20:47:08,0,0,30.34176,37.14755
2025-05-28 20:47:08,0,0,30.34176,37.14755
2025-05-28 20:47:08,0,0,30.34471,40.09229
2025-05-28 20:47:08,0,0,30.34471,40.09229
2025-05-28 20:47:09,0,0,30.35647,38.05403
2025-05-28 20:47:09,0,0,30.35647,38.05403
2025-05-28 20:47:09,0,0,30.35059,38.50402
2025-05-28 20:47:09,0,0,30.35059,38.50402
2025-05-28 20:47:09,0,0,30.35059,39.20081
2025-05-28 20:47:09,0,0,30.35059,39.20081
2025-05-28 20:47:09,0,0,30.34765,40.09054
2025-05-28 20:47:09,0,0,30.34765,40.09054
2025-05-28 20:47:09,0,0,30.35353,39.26474
2025-05-28 20:47:09,0,0,30.35353,39.26474
2025-05-28 20:47:10,0,0,30.34765,39.07956
2025-05-28 20:47:10,0,0,30.34765,39.07956
2025-05-28 20:47:10,0,0,30.34471,41.50085
2025-05-28 20:47:10,0,0,30.34471,41.50085
2025-05-28 20:47:10,0,0,30.34176,38.05431
2025-05-28 20:47:10,0,0,30.34176,38.05431
2025-05-28 20:47:10,0,0,30.34765,38.88889
2025-05-28 20:47:10,0,0,30.34765,38.88889
2025-05-28 20:47:10,0,0,30.35059,38.89101
2025-05-28 20:47:10,0,0,30.35059,38.89101
2025-05-28 20:47:11,0,0,30.34471,37.7551
2025-05-28 20:47:11,0,0,30.34471,37.7551
2025-05-28 20:47:11,0,0,30.35059,41.70213
2025-05-28 20:47:11,0,0,30.35059,41.70213
2025-05-28 20:47:11,0,0,30.34765,39.95281
2025-05-28 20:47:11,0,0,30.34765,39.95281
2025-05-28 20:47:11,0,0,30.35353,39.63463
2025-05-28 20:47:11,0,0,30.35353,39.63463
2025-05-28 20:47:11,0,0,30.35059,40.72435
2025-05-28 20:47:11,0,0,30.35059,40.72435
2025-05-28 20:47:12,0,0,30.34471,41.36953
2025-05-28 20:47:12,0,0,30.34471,41.36953
2025-05-28 20:47:12,0,0,30.35059,39.35091
2025-05-28 20:47:12,0,0,30.35059,39.35091
2025-05-28 20:47:12,0,0,30.35059,39.69949
2025-05-28 20:47:12,0,0,30.35059,39.69949
2025-05-28 20:47:12,0,0,30.34176,42.43137
2025-05-28 20:47:12,0,0,30.34176,42.43137
2025-05-28 20:47:12,0,0,30.34765,38.24309
2025-05-28 20:47:12,0,0,30.34765,38.24309
2025-05-28 20:47:13,0,0,30.33882,40.56638
2025-05-28 20:47:13,0,0,30.33882,40.56638
2025-05-28 20:47:13,0,0,30.33294,40.92229
2025-05-28 20:47:13,0,0,30.33294,40.92229
2025-05-28 20:47:13,0,0,30.32412,39.33133
2025-05-28 20:47:13,0,0,30.32412,39.33133
2025-05-28 20:47:13,0,0,30.33,42.30621
2025-05-28 20:47:13,0,0,30.33,42.30621
2025-05-28 20:47:13,0,0,30.34176,40.09701
2025-05-28 20:47:13,0,0,30.34176,40.09701
2025-05-28 20:47:14,0,0,30.33882,38.16063
2025-05-28 20:47:14,0,0,30.33882,38.16063
2025-05-28 20:47:14,0,0,30.32706,41.61826
2025-05-28 20:47:14,0,0,30.32706,41.61826
2025-05-28 20:47:14,0,0,30.33,42.18409
2025-05-28 20:47:14,0,0,30.33,42.18409
2025-05-28 20:47:14,0,0,30.33,52.36364
2025-05-28 20:47:14,0,0,30.33,52.36364
2025-05-28 20:47:14,0,0,30.34176,42.6134
2025-05-28 20:47:14,0,0,30.34176,42.6134
2025-05-28 20:47:15,0,0,30.35059,36.0181
2025-05-28 20:47:15,0,0,30.35059,36.0181
2025-05-28 20:47:15,0,0,30.35353,40.10014
2025-05-28 20:47:15,0,0,30.35353,40.10014
2025-05-28 20:47:15,0,0,30.33,38.63636
2025-05-28 20:47:15,0,0,30.33,38.63636
2025-05-28 20:47:15,0,0,30.33588,36.46035
2025-05-28 20:47:15,0,0,30.33588,36.46035
2025-05-28 20:47:15,0,0,30.34176,41.80019
2025-05-28 20:47:15,0,0,30.34176,41.80019
2025-05-28 20:47:16,0,0,30.33294,38.92073
2025-05-28 20:47:16,0,0,30.33294,38.92073
2025-05-28 20:47:16,0,0,30.32118,39.34045
2025-05-28 20:47:16,0,0,30.32118,39.34045
2025-05-28 20:47:16,0,0,30.33,40.1526
2025-05-28 20:47:16,0,0,30.33,40.1526
2025-05-28 20:47:16,0,0,30.32412,36.25337
2025-05-28 20:47:16,0,0,30.32412,36.25337
2025-05-28 20:47:16,0,0,30.32118,39.33243
2025-05-28 20:47:16,0,0,30.32118,39.33243
2025-05-28 20:47:17,0,0,30.31824,40.39474
2025-05-28 20:47:17,0,0,30.31824,40.39474
2025-05-28 20:47:17,0,0,30.33,38.4926
2025-05-28 20:47:17,0,0,30.33,38.4926
2025-05-28 20:47:17,0,0,30.31824,42.81236
2025-05-28 20:47:17,0,0,30.31824,42.81236
2025-05-28 20:47:17,0,0,30.31824,40.52802
2025-05-28 20:47:17,0,0,30.31824,40.52802
2025-05-28 20:47:17,0,0,30.33588,40.25385
2025-05-28 20:47:17,0,0,30.33588,40.25385
2025-05-28 20:47:18,0,0,30.32706,41.85721
2025-05-28 20:47:18,0,0,30.32706,41.85721
2025-05-28 20:47:18,0,0,30.32706,36.8065
2025-05-28 20:47:18,0,0,30.32706,36.8065
2025-05-28 20:47:18,0,0,30.31529,38.32307
2025-05-28 20:47:18,0,0,30.31529,38.32307
2025-05-28 20:47:18,0,0,30.32118,38.4048
2025-05-28 20:47:18,0,0,30.32118,38.4048
2025-05-28 20:47:18,0,0,30.31235,35.39568
2025-05-28 20:47:18,0,0,30.31235,35.39568
2025-05-28 20:47:19,0,0,30.32118,41.51659
2025-05-28 20:47:19,0,0,30.32118,41.51659
2025-05-28 20:47:19,0,0,30.31824,38.7931
2025-05-28 20:47:19,0,0,30.31824,38.7931
2025-05-28 20:47:19,0,0,30.31235,39.3617
2025-05-28 20:47:19,0,0,30.31235,39.3617
2025-05-28 20:47:19,0,0,30.33,40.5482
2025-05-28 20:47:19,0,0,30.33,40.5482
2025-05-28 20:47:19,0,0,30.32412,36.01831
2025-05-28 20:47:19,0,0,30.32412,36.01831
2025-05-28 20:47:20,0,0,30.32412,38.27684
2025-05-28 20:47:20,0,0,30.32412,38.27684
2025-05-28 20:47:20,0,0,30.32118,38.27444
2025-05-28 20:47:20,0,0,30.32118,38.27444
2025-05-28 20:47:20,0,0,30.31824,35.56485
2025-05-28 20:47:20,0,0,30.31824,35.56485
2025-05-28 20:47:20,0,0,30.32118,41.13573
2025-05-28 20:47:20,0,0,30.32118,41.13573
2025-05-28 20:47:20,0,0,30.34176,39.25277
2025-05-28 20:47:20,0,0,30.34176,39.25277
2025-05-28 20:47:21,0,0,30.33,39.36464
2025-05-28 20:47:21,0,0,30.33,39.36464
2025-05-28 20:47:21,0,0,30.32118,41.92038
2025-05-28 20:47:21,0,0,30.32118,41.92038
2025-05-28 20:47:21,0,0,30.32118,37.89809
2025-05-28 20:47:21,0,0,30.32118,37.89809
2025-05-28 20:47:21,0,0,30.33588,39.15663
2025-05-28 20:47:21,0,0,30.33588,39.15663
2025-05-28 20:47:21,0,0,30.32412,39.06465
2025-05-28 20:47:21,0,0,30.32412,39.06465
2025-05-28 20:47:22,0,0,30.33,35.85767
2025-05-28 20:47:22,0,0,30.33,35.85767
2025-05-28 20:47:22,0,0,30.33,38.79188
2025-05-28 20:47:22,0,0,30.33,38.79188
2025-05-28 20:47:22,0,0,30.32706,39.75184
2025-05-28 20:47:22,0,0,30.32706,39.75184
2025-05-28 20:47:22,0,0,30.33,41.95673
2025-05-28 20:47:22,0,0,30.33,41.95673
2025-05-28 20:47:22,0,0,30.32706,36.47006
2025-05-28 20:47:22,0,0,30.32706,36.47006
2025-05-28 20:47:23,0,0,30.33,39.11234
2025-05-28 20:47:23,0,0,30.33,39.11234
2025-05-28 20:47:23,0,0,30.33,38.79855
2025-05-28 20:47:23,0,0,30.33,38.79855
2025-05-28 20:47:23,0,0,30.32706,36.99583
2025-05-28 20:47:23,0,0,30.32706,36.99583
2025-05-28 20:47:23,0,0,30.32118,41.92661
2025-05-28 20:47:23,0,0,30.32118,41.92661
2025-05-28 20:47:23,0,0,30.32412,39.75959
2025-05-28 20:47:23,0,0,30.32412,39.75959
2025-05-28 20:47:24,0,0,30.32412,40.17249
2025-05-28 20:47:24,0,0,30.32412,40.17249
2025-05-28 20:47:24,0,0,30.33882,43.04207
2025-05-28 20:47:24,0,0,30.33882,43.04207
2025-05-28 20:47:24,0,0,30.33882,37.83906
2025-05-28 20:47:24,0,0,30.33882,37.83906
2025-05-28 20:47:24,0,0,30.33588,39.32376
2025-05-28 20:47:24,0,0,30.33588,39.32376
2025-05-28 20:47:24,0,0,30.33,39.13044
2025-05-28 20:47:24,0,0,30.33,39.13044
2025-05-28 20:47:25,0,0,30.33294,36.45929
2025-05-28 20:47:25,0,0,30.33294,36.45929
2025-05-28 20:47:25,0,0,30.33,40.39705
2025-05-28 20:47:25,0,0,30.33,40.39705
2025-05-28 20:47:25,0,0,30.31824,39.41909
2025-05-28 20:47:25,0,0,30.31824,39.41909
2025-05-28 20:47:25,0,0,30.32118,39.41203
2025-05-28 20:47:25,0,0,30.32118,39.41203
2025-05-28 20:47:25,0,0,30.33294,43.45816
2025-05-28 20:47:25,0,0,30.33294,43.45816
2025-05-28 20:47:26,0,0,30.31824,38.71552
2025-05-28 20:47:26,0,0,30.31824,38.71552
2025-05-28 20:47:26,0,0,30.32412,39.44954
2025-05-28 20:47:26,0,0,30.32412,39.44954
2025-05-28 20:47:26,0,0,30.31824,39.72477
2025-05-28 20:47:26,0,0,30.31824,39.72477
2025-05-28 20:47:26,0,0,30.31235,36.03074
2025-05-28 20:47:26,0,0,30.31235,36.03074
2025-05-28 20:47:26,0,0,30.31529,39.66713
2025-05-28 20:47:26,0,0,30.31529,39.66713
2025-05-28 20:47:27,0,0,30.31824,39.81735
2025-05-28 20:47:27,0,0,30.31824,39.81735
2025-05-28 20:47:27,0,0,30.31235,39.24632
2025-05-28 20:47:27,0,0,30.31235,39.24632
2025-05-28 20:47:27,0,0,30.30941,43.17343
2025-05-28 20:47:27,0,0,30.30941,43.17343
2025-05-28 20:47:27,0,0,30.31529,39.53275
2025-05-28 20:47:27,0,0,30.31529,39.53275
2025-05-28 20:47:27,0,0,30.31824,40.29851
2025-05-28 20:47:27,0,0,30.31824,40.29851
2025-05-28 20:47:28,0,0,30.32118,41.09397
2025-05-28 20:47:28,0,0,30.32118,41.09397
2025-05-28 20:47:28,0,0,30.32118,36.78523
2025-05-28 20:47:28,0,0,30.32118,36.78523
2025-05-28 20:47:28,0,0,30.31824,38.88889
2025-05-28 20:47:28,0,0,30.31824,38.88889
2025-05-28 20:47:28,0,0,30.30941,39.48205
2025-05-28 20:47:28,0,0,30.30941,39.48205
2025-05-28 20:47:28,0,0,30.30647,37.91667
2025-05-28 20:47:28,0,0,30.30647,37.91667
2025-05-28 20:47:29,0,0,30.31529,42.65575
2025-05-28 20:47:29,0,0,30.31529,42.65575
2025-05-28 20:47:29,0,0,30.31824,39.89922
2025-05-28 20:47:29,0,0,30.31824,39.89922
2025-05-28 20:47:29,0,0,30.32118,40.26209
2025-05-28 20:47:29,0,0,30.32118,40.26209
2025-05-28 20:47:29,0,0,30.32706,43.12906
2025-05-28 20:47:29,0,0,30.32706,43.12906
2025-05-28 20:47:29,0,0,30.31824,38.55913
2025-05-28 20:47:29,0,0,30.31824,38.55913
2025-05-28 20:47:30,0,0,30.31824,38.91993
2025-05-28 20:47:30,0,0,30.31824,38.91993
2025-05-28 20:47:30,0,0,30.31529,38.50788
2025-05-28 20:47:30,0,0,30.31529,38.50788
2025-05-28 20:47:30,0,0,30.31824,39.9804
2025-05-28 20:47:30,0,0,30.31824,39.9804
2025-05-28 20:47:30,0,0,30.32118,39.19295
2025-05-28 20:47:30,0,0,30.32118,39.19295
2025-05-28 20:47:30,0,0,30.30353,39.66071
2025-05-28 20:47:30,0,0,30.30353,39.66071
2025-05-28 20:47:31,0,0,30.31824,40.25914
2025-05-28 20:47:31,0,0,30.31824,40.25914
2025-05-28 20:47:31,0,0,30.31824,36.11615
2025-05-28 20:47:31,0,0,30.31824,36.11615
2025-05-28 20:47:31,0,0,30.32118,38.50046
2025-05-28 20:47:31,0,0,30.32118,38.50046
2025-05-28 20:47:31,0,0,30.31824,39.5519
2025-05-28 20:47:31,0,0,30.31824,39.5519
2025-05-28 20:47:31,0,0,30.32412,39.79592
2025-05-28 20:47:31,0,0,30.32412,39.79592
2025-05-28 20:47:32,0,0,30.32118,35.60709
2025-05-28 20:47:32,0,0,30.32118,35.60709
2025-05-28 20:47:32,0,0,30.31824,37.98486
2025-05-28 20:47:32,0,0,30.31824,37.98486
2025-05-28 20:47:32,0,0,30.32706,39.30688
2025-05-28 20:47:32,0,0,30.32706,39.30688
2025-05-28 20:47:32,0,0,30.32412,40.3525
2025-05-28 20:47:32,0,0,30.32412,40.3525
2025-05-28 20:47:32,0,0,30.31235,36.37578
2025-05-28 20:47:32,0,0,30.31235,36.37578
2025-05-28 20:47:33,0,0,30.33,39.1064
2025-05-28 20:47:33,0,0,30.33,39.1064
2025-05-28 20:47:33,0,0,30.32412,38.80801
2025-05-28 20:47:33,0,0,30.32412,38.80801
2025-05-28 20:47:33,0,0,30.32706,36.93526
2025-05-28 20:47:33,0,0,30.32706,36.93526
2025-05-28 20:47:33,0,0,30.30647,41.72794
2025-05-28 20:47:33,0,0,30.30647,41.72794
2025-05-28 20:47:33,0,0,30.31824,39.56198
2025-05-28 20:47:33,0,0,30.31824,39.56198
2025-05-28 20:47:34,0,0,30.31529,39.8815
2025-05-28 20:47:34,0,0,30.31529,39.8815
2025-05-28 20:47:34,0,0,30.31235,42.96365
2025-05-28 20:47:34,0,0,30.31235,42.96365
2025-05-28 20:47:34,0,0,30.30941,37.10833
2025-05-28 20:47:34,0,0,30.30941,37.10833
2025-05-28 20:47:34,0,0,30.31529,39.42308
2025-05-28 20:47:34,0,0,30.31529,39.42308
2025-05-28 20:47:34,0,0,30.32118,38.8134
2025-05-28 20:47:34,0,0,30.32118,38.8134
2025-05-28 20:47:35,0,0,30.30941,36.36784
2025-05-28 20:47:35,0,0,30.30941,36.36784
2025-05-28 20:47:35,0,0,30.30941,40.74592
2025-05-28 20:47:35,0,0,30.30941,40.74592
2025-05-28 20:47:35,0,0,30.29765,38.41434
2025-05-28 20:47:35,0,0,30.29765,38.41434
2025-05-28 20:47:35,0,0,30.30059,39.01533
2025-05-28 20:47:35,0,0,30.30059,39.01533
2025-05-28 20:47:35,0,0,30.28588,42.16981
2025-05-28 20:47:35,0,0,30.28588,42.16981
2025-05-28 20:47:36,0,0,30.28882,36.82028
2025-05-28 20:47:36,0,0,30.28882,36.82028
2025-05-28 20:47:36,0,0,30.29765,38.25059
2025-05-28 20:47:36,0,0,30.29765,38.25059
2025-05-28 20:47:36,0,0,30.28882,38.11743
2025-05-28 20:47:36,0,0,30.28882,38.11743
2025-05-28 20:47:36,0,0,30.29471,35.23316
2025-05-28 20:47:36,0,0,30.29471,35.23316
2025-05-28 20:47:36,0,0,30.29177,38.61905
2025-05-28 20:47:36,0,0,30.29177,38.61905
2025-05-28 20:47:37,0,0,30.29765,38.53773
2025-05-28 20:47:37,0,0,30.29765,38.53773
2025-05-28 20:47:37,0,0,30.29177,37.64259
2025-05-28 20:47:37,0,0,30.29177,37.64259
2025-05-28 20:47:37,0,0,30.29471,42.2422
2025-05-28 20:47:37,0,0,30.29471,42.2422
2025-05-28 20:47:37,0,0,30.29471,37.51804
2025-05-28 20:47:37,0,0,30.29471,37.51804
2025-05-28 20:47:37,0,0,30.28588,38.31291
2025-05-28 20:47:37,0,0,30.28588,38.31291
2025-05-28 20:47:38,0,0,30.28882,36.35487
2025-05-28 20:47:38,0,0,30.28882,36.35487
2025-05-28 20:47:38,0,0,30.29765,42.13748
2025-05-28 20:47:38,0,0,30.29765,42.13748
2025-05-28 20:47:38,0,0,30.29177,38.91273
2025-05-28 20:47:38,0,0,30.29177,38.91273
2025-05-28 20:47:38,0,0,30.29177,39.481
2025-05-28 20:47:38,0,0,30.29177,39.481
2025-05-28 20:47:38,0,0,30.29765,39.39972
2025-05-28 20:47:38,0,0,30.29765,39.39972
2025-05-28 20:47:39,0,0,30.29177,35.70111
2025-05-28 20:47:39,0,0,30.29177,35.70111
2025-05-28 20:47:39,0,0,30.28882,38.38817
2025-05-28 20:47:39,0,0,30.28882,38.38817
2025-05-28 20:47:39,0,0,30.29177,38.3683
2025-05-28 20:47:39,0,0,30.29177,38.3683
2025-05-28 20:47:39,0,0,30.29177,36.96592
2025-05-28 20:47:39,0,0,30.29177,36.96592
2025-05-28 20:47:39,0,0,30.29765,42.19409
2025-05-28 20:47:39,0,0,30.29765,42.19409
2025-05-28 20:47:40,0,0,30.29471,39.02784
2025-05-28 20:47:40,0,0,30.29471,39.02784
2025-05-28 20:47:40,0,0,30.28882,39.52734
2025-05-28 20:47:40,0,0,30.28882,39.52734
2025-05-28 20:47:40,0,0,30.30059,40.24448
2025-05-28 20:47:40,0,0,30.30059,40.24448
2025-05-28 20:47:40,0,0,30.30059,37.2171
2025-05-28 20:47:40,0,0,30.30059,37.2171
2025-05-28 20:47:40,0,0,30.29471,38.86076
2025-05-28 20:47:40,0,0,30.29471,38.86076
2025-05-28 20:47:41,0,0,30.29765,45.55085
2025-05-28 20:47:41,0,0,30.29765,45.55085
2025-05-28 20:47:41,0,0,30.30353,45.38305
2025-05-28 20:47:41,0,0,30.30353,45.38305
2025-05-28 20:47:41,0,0,30.28882,50.98509
2025-05-28 20:47:41,0,0,30.28882,50.98509
2025-05-28 20:47:41,0,0,30.28882,50.89582
2025-05-28 20:47:41,0,0,30.28882,50.89582
2025-05-28 20:47:41,0,0,30.28588,51.77599
2025-05-28 20:47:41,0,0,30.28588,51.77599
2025-05-28 20:47:42,0,0,30.29471,44.68326
2025-05-28 20:47:42,0,0,30.29471,44.68326
2025-05-28 20:47:42,0,0,30.28882,46.28144
2025-05-28 20:47:42,0,0,30.28882,46.28144
2025-05-28 20:47:42,0,0,30.28294,46.12364
2025-05-28 20:47:42,0,0,30.28294,46.12364
2025-05-28 20:47:42,0,0,30.29177,45.63886
2025-05-28 20:47:42,0,0,30.29177,45.63886
2025-05-28 20:47:42,0,0,30.27706,45.46094
2025-05-28 20:47:42,0,0,30.27706,45.46094
2025-05-28 20:47:43,0,0,30.28,43.38903
2025-05-28 20:47:43,0,0,30.28,43.38903
2025-05-28 20:47:43,0,0,30.27412,47.08894
2025-05-28 20:47:43,0,0,30.27412,47.08894
2025-05-28 20:47:43,0,0,30.28,50.08769
2025-05-28 20:47:43,0,0,30.28,50.08769
2025-05-28 20:47:43,0,0,30.28588,50.92732
2025-05-28 20:47:43,0,0,30.28588,50.92732
2025-05-28 20:47:43,0,0,30.28,48.55842
2025-05-28 20:47:43,0,0,30.28,48.55842
2025-05-28 20:47:44,0,0,30.28882,45.14747
2025-05-28 20:47:44,0,0,30.28882,45.14747
2025-05-28 20:47:44,0,0,30.27412,43.07662
2025-05-28 20:47:44,0,0,30.27412,43.07662
2025-05-28 20:47:44,0,0,30.30059,56.2689
2025-05-28 20:47:44,0,0,30.30059,56.2689
2025-05-28 20:47:44,0,0,30.25647,52.86713
2025-05-28 20:47:44,0,0,30.25647,52.86713
2025-05-28 20:47:44,0,0,30.27118,52.54388
2025-05-28 20:47:44,0,0,30.27118,52.54388
2025-05-28 20:47:45,0,0,30.26235,48.02353
2025-05-28 20:47:45,0,0,30.26235,48.02353
2025-05-28 20:47:45,0,0,30.27706,45.19332
2025-05-28 20:47:45,0,0,30.27706,45.19332
2025-05-28 20:47:45,0,0,30.27412,50.2947
2025-05-28 20:47:45,0,0,30.27412,50.2947
2025-05-28 20:47:45,0,0,30.26824,47.92711
2025-05-28 20:47:45,0,0,30.26824,47.92711
2025-05-28 20:47:45,0,0,30.2653,49.87909
2025-05-28 20:47:45,0,0,30.2653,49.87909
2025-05-28 20:47:46,0,0,30.26824,48.24178
2025-05-28 20:47:46,0,0,30.26824,48.24178
2025-05-28 20:47:46,0,0,30.27706,49.39902
2025-05-28 20:47:46,0,0,30.27706,49.39902
2025-05-28 20:47:46,0,0,30.28294,49.25587
2025-05-28 20:47:46,0,0,30.28294,49.25587
2025-05-28 20:47:46,0,0,30.28882,47.8901
2025-05-28 20:47:46,0,0,30.28882,47.8901
2025-05-28 20:47:46,0,0,30.28294,46.66764
2025-05-28 20:47:46,0,0,30.28294,46.66764
2025-05-28 20:47:47,0,0,30.28588,47.912
2025-05-28 20:47:47,0,0,30.28588,47.912
2025-05-28 20:47:47,0,0,30.27118,48.37898
2025-05-28 20:47:47,0,0,30.27118,48.37898
2025-05-28 20:47:47,0,0,30.27118,50.33591
2025-05-28 20:47:47,0,0,30.27118,50.33591
2025-05-28 20:47:47,0,0,30.2653,47.88586
2025-05-28 20:47:47,0,0,30.2653,47.88586
2025-05-28 20:47:47,0,0,30.27118,48.63054
2025-05-28 20:47:47,0,0,30.27118,48.63054
2025-05-28 20:47:48,0,0,30.27118,47.57627
2025-05-28 20:47:48,0,0,30.27118,47.57627
2025-05-28 20:47:48,0,0,30.26235,46.24788
2025-05-28 20:47:48,0,0,30.26235,46.24788
2025-05-28 20:47:48,0,0,30.26235,50.00179
2025-05-28 20:47:48,0,0,30.26235,50.00179
2025-05-28 20:47:48,0,0,30.26824,47.70764
2025-05-28 20:47:48,0,0,30.26824,47.70764
2025-05-28 20:47:48,0,0,30.2653,47.45972
2025-05-28 20:47:48,0,0,30.2653,47.45972
2025-05-28 20:47:49,0,0,30.27412,47.83381
2025-05-28 20:47:49,0,0,30.27412,47.83381
2025-05-28 20:47:49,0,0,30.26824,49.08582
2025-05-28 20:47:49,0,0,30.26824,49.08582
2025-05-28 20:47:49,0,0,30.27118,47.14164
2025-05-28 20:47:49,0,0,30.27118,47.14164
2025-05-28 20:47:49,0,0,30.2653,48.47924
2025-05-28 20:47:49,0,0,30.2653,48.47924
2025-05-28 20:47:49,0,0,30.27118,47.51046
2025-05-28 20:47:49,0,0,30.27118,47.51046
2025-05-28 20:47:50,0,0,30.2653,48.53794
2025-05-28 20:47:50,0,0,30.2653,48.53794
2025-05-28 20:47:50,0,0,30.2653,47.24596
2025-05-28 20:47:50,0,0,30.2653,47.24596
2025-05-28 20:47:50,0,0,30.26235,47.55975
2025-05-28 20:47:50,0,0,30.26235,47.55975
2025-05-28 20:47:50,0,0,30.25647,47.67933
2025-05-28 20:47:50,0,0,30.25647,47.67933
2025-05-28 20:47:50,0,0,30.2653,49.44471
2025-05-28 20:47:50,0,0,30.2653,49.44471
2025-05-28 20:47:51,0,0,30.25353,48.77608
2025-05-28 20:47:51,0,0,30.25353,48.77608
2025-05-28 20:47:51,0,0,30.25059,51.30996
2025-05-28 20:47:51,0,0,30.25059,51.30996
2025-05-28 20:47:51,0,0,30.25059,50.91854
2025-05-28 20:47:51,0,0,30.25059,50.91854
2025-05-28 20:47:51,0,0,30.26235,48.43169
2025-05-28 20:47:51,0,0,30.26235,48.43169
2025-05-28 20:47:52,0,0,30.25941,48.9768
2025-05-28 20:47:52,0,0,30.25941,48.9768
2025-05-28 20:47:52,0,0,30.26824,48.53097
2025-05-28 20:47:52,0,0,30.26824,48.53097
2025-05-28 20:47:52,0,0,30.26235,49.33747
2025-05-28 20:47:52,0,0,30.26235,49.33747
2025-05-28 20:47:52,0,0,30.28,48.71199
2025-05-28 20:47:52,0,0,30.28,48.71199
2025-05-28 20:47:52,0,0,30.27412,47.36603
2025-05-28 20:47:52,0,0,30.27412,47.36603
2025-05-28 20:47:53,0,0,30.27412,48.27389
2025-05-28 20:47:53,0,0,30.27412,48.27389
2025-05-28 20:47:53,0,0,30.26824,48.42533
2025-05-28 20:47:53,0,0,30.26824,48.42533
2025-05-28 20:47:53,0,0,30.27412,48.24023
2025-05-28 20:47:53,0,0,30.27412,48.24023
2025-05-28 20:47:53,0,0,30.25941,48.6123
2025-05-28 20:47:53,0,0,30.25941,48.6123
2025-05-28 20:47:53,0,0,30.27118,48.46448
2025-05-28 20:47:53,0,0,30.27118,48.46448
2025-05-28 20:47:54,0,0,30.26235,48.66908
2025-05-28 20:47:54,0,0,30.26235,48.66908
2025-05-28 20:47:54,0,0,30.2653,48.21114
2025-05-28 20:47:54,0,0,30.2653,48.21114
2025-05-28 20:47:54,0,0,30.27118,47.99121
2025-05-28 20:47:54,0,0,30.27118,47.99121
2025-05-28 20:47:54,0,0,30.25941,48.51604
2025-05-28 20:47:54,0,0,30.25941,48.51604
2025-05-28 20:47:54,0,0,30.27412,49.31607
2025-05-28 20:47:55,0,0,30.2653,47.6319
2025-05-28 20:47:55,0,0,30.26824,47.68899
2025-05-28 20:47:55,0,0,30.2653,48.32032
2025-05-28 20:47:54,0,0,30.27412,49.31607
2025-05-28 20:47:55,0,0,30.2653,47.6319
2025-05-28 20:47:55,0,0,30.26824,47.68899
2025-05-28 20:47:55,0,0,30.2653,48.32032
2025-05-28 20:47:55,0,0,30.26824,47.73761
2025-05-28 20:47:55,0,0,30.26824,47.73761
2025-05-28 20:47:55,0,0,30.25647,49.23375
2025-05-28 20:47:55,0,0,30.25647,49.23375
2025-05-28 20:47:56,0,0,30.25647,50.31166
2025-05-28 20:47:56,0,0,30.25647,50.31166
2025-05-28 20:47:56,0,0,30.25059,49.64689
2025-05-28 20:47:56,0,0,30.25059,49.64689
2025-05-28 20:47:56,0,0,30.25941,48.74007
2025-05-28 20:47:56,0,0,30.25941,48.74007
2025-05-28 20:47:56,0,0,30.27118,49.54402
2025-05-28 20:47:56,0,0,30.27118,49.54402
2025-05-28 20:47:56,0,0,30.2653,47.86862
2025-05-28 20:47:56,0,0,30.2653,47.86862
2025-05-28 20:47:57,0,0,30.25353,49.34513
2025-05-28 20:47:57,0,0,30.25353,49.34513
2025-05-28 20:47:57,0,0,30.2653,49.08598
2025-05-28 20:47:57,0,0,30.2653,49.08598
2025-05-28 20:47:57,0,0,30.27118,49.45784
2025-05-28 20:47:57,0,0,30.27118,49.45784
2025-05-28 20:47:57,0,0,30.26235,48.82266
2025-05-28 20:47:57,0,0,30.26235,48.82266
2025-05-28 20:47:57,0,0,30.26235,49.87851
2025-05-28 20:47:57,0,0,30.26235,49.87851
2025-05-28 20:47:58,0,0,30.25941,49.69773
2025-05-28 20:47:58,0,0,30.25941,49.69773
2025-05-28 20:47:58,0,0,30.28294,49.98607
2025-05-28 20:47:58,0,0,30.28294,49.98607
2025-05-28 20:47:58,0,0,30.27706,49.58087
2025-05-28 20:47:58,0,0,30.27706,49.58087
2025-05-28 20:47:58,0,0,30.28588,49.42199
2025-05-28 20:47:58,0,0,30.28588,49.42199
2025-05-28 20:47:58,0,0,30.27706,49.61742
2025-05-28 20:47:58,0,0,30.27706,49.61742
2025-05-28 20:47:59,0,0,30.27412,49.93343
2025-05-28 20:47:59,0,0,30.27412,49.93343
2025-05-28 20:47:59,0,0,30.28588,49.07451
2025-05-28 20:47:59,0,0,30.28588,49.07451
2025-05-28 20:47:59,0,0,30.28882,49.32879
2025-05-28 20:47:59,0,0,30.28882,49.32879
2025-05-28 20:47:59,0,0,30.28294,48.97657
2025-05-28 20:47:59,0,0,30.28294,48.97657
2025-05-28 20:47:59,0,0,30.28294,48.43263
2025-05-28 20:47:59,0,0,30.28294,48.43263
2025-05-28 20:48:00,0,0,30.31235,49.05387
2025-05-28 20:48:00,0,0,30.31235,49.05387
2025-05-28 20:48:00,0,0,30.31824,49.21303
2025-05-28 20:48:00,0,0,30.31824,49.21303
2025-05-28 20:48:00,0,0,30.30647,49.01639
2025-05-28 20:48:00,0,0,30.30647,49.01639
2025-05-28 20:48:00,0,0,30.28294,48.80236
2025-05-28 20:48:00,0,0,30.28294,48.80236
2025-05-28 20:48:00,0,0,30.29471,49.07385
2025-05-28 20:48:00,0,0,30.29471,49.07385
2025-05-28 20:48:01,0,0,30.31235,49.31093
2025-05-28 20:48:01,0,0,30.31235,49.31093
2025-05-28 20:48:01,0,0,30.28588,48.89301
2025-05-28 20:48:01,0,0,30.28588,48.89301
2025-05-28 20:48:01,0,0,30.28588,49.31777
2025-05-28 20:48:01,0,0,30.28588,49.31777
2025-05-28 20:48:01,0,0,30.27706,49.57809
2025-05-28 20:48:01,0,0,30.27706,49.57809
2025-05-28 20:48:01,0,0,30.28,49.24202
2025-05-28 20:48:01,0,0,30.28,49.24202
2025-05-28 20:48:02,0,0,30.27706,50.28447
2025-05-28 20:48:02,0,0,30.27706,50.28447
2025-05-28 20:48:02,0,0,30.28294,49.03917
2025-05-28 20:48:02,0,0,30.28294,49.03917
2025-05-28 20:48:02,0,0,30.27118,48.85546
2025-05-28 20:48:02,0,0,30.27118,48.85546
2025-05-28 20:48:02,0,0,30.28882,49.12385
2025-05-28 20:48:02,0,0,30.28882,49.12385
2025-05-28 20:48:02,0,0,30.28294,47.0761
2025-05-28 20:48:02,0,0,30.28294,47.0761
2025-05-28 20:48:03,0,0,30.28,46.21297
2025-05-28 20:48:03,0,0,30.28,46.21297
2025-05-28 20:48:03,0,0,30.28882,46.07768
2025-05-28 20:48:03,0,0,30.28882,46.07768
2025-05-28 20:48:03,0,0,30.28294,46.43997
2025-05-28 20:48:03,0,0,30.28294,46.43997
2025-05-28 20:48:03,0,0,30.28,48.45008
2025-05-28 20:48:03,0,0,30.28,48.45008
2025-05-28 20:48:03,0,0,30.29471,43.22898
2025-05-28 20:48:03,0,0,30.29471,43.22898
2025-05-28 20:48:04,0,0,30.29765,51.02794
2025-05-28 20:48:04,0,0,30.29765,51.02794
2025-05-28 20:48:04,0,0,30.29177,55.55959
2025-05-28 20:48:04,0,0,30.29177,55.55959
2025-05-28 20:48:04,0,0,30.29471,50.29689
2025-05-28 20:48:04,0,0,30.29471,50.29689
2025-05-28 20:48:04,0,0,30.28588,42.52534
2025-05-28 20:48:04,0,0,30.28588,42.52534
2025-05-28 20:48:04,0,0,30.27706,41.32809
2025-05-28 20:48:04,0,0,30.27706,41.32809
2025-05-28 20:48:05,0,0,30.28588,43.80313
2025-05-28 20:48:05,0,0,30.28588,43.80313
2025-05-28 20:48:05,0,0,30.28294,39.59267
2025-05-28 20:48:05,0,0,30.28294,39.59267
2025-05-28 20:48:05,0,0,30.28,42.42902
2025-05-28 20:48:05,0,0,30.28,42.42902
2025-05-28 20:48:05,0,0,30.28882,42.80835
2025-05-28 20:48:05,0,0,30.28882,42.80835
2025-05-28 20:48:05,0,0,30.28882,40.01516
2025-05-28 20:48:05,0,0,30.28882,40.01516
2025-05-28 20:48:06,0,0,30.29471,43.0855
2025-05-28 20:48:06,0,0,30.29471,43.0855
2025-05-28 20:48:06,0,0,30.29177,44.75043
2025-05-28 20:48:06,0,0,30.29177,44.75043
2025-05-28 20:48:06,0,0,30.29471,43.44875
2025-05-28 20:48:06,0,0,30.29471,43.44875
2025-05-28 20:48:06,0,0,30.29177,47.36312
2025-05-28 20:48:06,0,0,30.29177,47.36312
2025-05-28 20:48:06,0,0,30.29177,45.81297
2025-05-28 20:48:06,0,0,30.29177,45.81297
2025-05-28 20:48:07,0,0,30.28882,45.63389
2025-05-28 20:48:07,0,0,30.28882,45.63389
2025-05-28 20:48:07,0,0,30.29177,47.37345
2025-05-28 20:48:07,0,0,30.29177,47.37345
2025-05-28 20:48:07,0,0,30.28294,43.89112
2025-05-28 20:48:07,0,0,30.28294,43.89112
2025-05-28 20:48:07,0,0,30.27706,45.79556
2025-05-28 20:48:07,0,0,30.27706,45.79556
2025-05-28 20:48:07,0,0,30.28588,45.94036
2025-05-28 20:48:07,0,0,30.28588,45.94036
2025-05-28 20:48:08,0,0,30.27412,44.37444
2025-05-28 20:48:08,0,0,30.27412,44.37444
2025-05-28 20:48:08,0,0,30.28,47.24409
2025-05-28 20:48:08,0,0,30.28,47.24409
2025-05-28 20:48:08,0,0,30.28588,46.17232
2025-05-28 20:48:08,0,0,30.28588,46.17232
2025-05-28 20:48:08,0,0,30.29765,45.94674
2025-05-28 20:48:08,0,0,30.29471,44.2419
2025-05-28 20:48:08,0,0,30.29765,45.94674
2025-05-28 20:48:08,0,0,30.29471,44.2419
2025-05-28 20:48:09,0,0,30.28588,46.13803
2025-05-28 20:48:09,0,0,30.28588,46.13803
2025-05-28 20:48:09,0,0,30.28882,46.35342
2025-05-28 20:48:09,0,0,30.28882,46.35342
2025-05-28 20:48:09,0,0,30.28588,46.05537
2025-05-28 20:48:09,0,0,30.28588,46.05537
2025-05-28 20:48:09,0,0,30.28882,47.75324
2025-05-28 20:48:09,0,0,30.28882,47.75324
2025-05-28 20:48:09,0,0,30.28588,44.6284
2025-05-28 20:48:09,0,0,30.28588,44.6284
2025-05-28 20:48:10,0,0,30.28,46.84178
2025-05-28 20:48:10,0,0,30.28,46.84178
2025-05-28 20:48:10,0,0,30.29177,54.05728
2025-05-28 20:48:10,0,0,30.29177,54.05728
2025-05-28 20:48:10,0,0,30.28882,51.38602
2025-05-28 20:48:10,0,0,30.28882,51.38602
2025-05-28 20:48:10,0,0,30.28588,52.18079
2025-05-28 20:48:10,0,0,30.28588,52.18079
2025-05-28 20:48:10,0,0,30.28588,52.64201
2025-05-28 20:48:10,0,0,30.28588,52.64201
2025-05-28 20:48:11,0,0,30.28588,54.2901
2025-05-28 20:48:11,0,0,30.28588,54.2901
2025-05-28 20:48:11,0,0,30.28294,53.51163
2025-05-28 20:48:11,0,0,30.28294,53.51163
2025-05-28 20:48:11,0,0,30.28294,53.35757
2025-05-28 20:48:11,0,0,30.28294,53.35757
2025-05-28 20:48:11,0,0,30.30059,55.06029
2025-05-28 20:48:11,0,0,30.30059,55.06029
2025-05-28 20:48:11,0,0,30.28,52.3283
2025-05-28 20:48:11,0,0,30.28,52.3283
2025-05-28 20:48:12,0,0,30.28,53.20008
2025-05-28 20:48:12,0,0,30.28,53.20008
2025-05-28 20:48:12,0,0,30.28294,53.17662
2025-05-28 20:48:12,0,0,30.28294,53.17662
2025-05-28 20:48:12,0,0,30.28294,54.68044
2025-05-28 20:48:12,0,0,30.28294,54.68044
2025-05-28 20:48:12,0,0,30.27412,53.68818
2025-05-28 20:48:12,0,0,30.27412,53.68818
2025-05-28 20:48:12,0,0,30.26824,53.64389
2025-05-28 20:48:12,0,0,30.26824,53.64389
2025-05-28 20:48:13,0,0,30.27706,55.40403
2025-05-28 20:48:13,0,0,30.27706,55.40403
2025-05-28 20:48:13,0,0,30.26824,52.62527
2025-05-28 20:48:13,0,0,30.26824,52.62527
2025-05-28 20:48:13,0,0,30.27706,53.85075
2025-05-28 20:48:13,0,0,30.27706,53.85075
2025-05-28 20:48:13,0,0,30.27118,53.43404
2025-05-28 20:48:13,0,0,30.27118,53.43404
2025-05-28 20:48:13,0,0,30.27412,52.27001
2025-05-28 20:48:13,0,0,30.27412,52.27001
2025-05-28 20:48:14,0,0,30.27118,52.16346
2025-05-28 20:48:14,0,0,30.27412,48.80435
2025-05-28 20:48:14,0,0,30.27118,52.16346
2025-05-28 20:48:14,0,0,30.27412,48.80435
2025-05-28 20:48:14,0,0,30.27706,49.14347
2025-05-28 20:48:14,0,0,30.27706,49.14347
2025-05-28 20:48:14,0,0,30.27412,50.90647
2025-05-28 20:48:14,0,0,30.27412,50.90647
2025-05-28 20:48:14,0,0,30.26824,48.45089
2025-05-28 20:48:14,0,0,30.26824,48.45089
2025-05-28 20:48:15,0,0,30.27412,40.85844
2025-05-28 20:48:15,0,0,30.27412,40.85844
2025-05-28 20:48:15,0,0,30.2653,40.35257
2025-05-28 20:48:15,0,0,30.2653,40.35257
2025-05-28 20:48:15,0,0,30.28588,44.27066
2025-05-28 20:48:15,0,0,30.28588,44.27066
2025-05-28 20:48:15,0,0,30.2653,40.53843
2025-05-28 20:48:15,0,0,30.2653,40.53843
2025-05-28 20:48:15,0,0,30.27706,39.44125
2025-05-28 20:48:15,0,0,30.27706,39.44125
2025-05-28 20:48:16,0,0,30.2653,37.15071
2025-05-28 20:48:16,0,0,30.2653,37.15071
2025-05-28 20:48:16,0,0,30.2653,41.64578
2025-05-28 20:48:16,0,0,30.2653,41.64578
2025-05-28 20:48:16,0,0,30.25647,38.97675
2025-05-28 20:48:16,0,0,30.25647,38.97675
2025-05-28 20:48:16,0,0,30.2653,38.84298
2025-05-28 20:48:16,0,0,30.2653,38.84298
2025-05-28 20:48:16,0,0,30.26235,41.91142
2025-05-28 20:48:16,0,0,30.26235,41.91142
2025-05-28 20:48:17,0,0,30.25647,37.56322
2025-05-28 20:48:17,0,0,30.25647,37.56322
2025-05-28 20:48:17,0,0,30.2653,38.74081
2025-05-28 20:48:17,0,0,30.2653,38.74081
2025-05-28 20:48:17,0,0,30.2653,39.09388
2025-05-28 20:48:17,0,0,30.2653,39.09388
2025-05-28 20:48:17,0,0,30.26824,35.88929
2025-05-28 20:48:17,0,0,30.26824,35.88929
2025-05-28 20:48:17,0,0,30.25059,37.61726
2025-05-28 20:48:17,0,0,30.25059,37.61726
2025-05-28 20:48:18,0,0,30.25353,37.92007
2025-05-28 20:48:18,0,0,30.25353,37.92007
2025-05-28 20:48:18,0,0,30.27118,35.86654
2025-05-28 20:48:18,0,0,30.27118,35.86654
2025-05-28 20:48:18,0,0,30.24765,40.93621
2025-05-28 20:48:18,0,0,30.24765,40.93621
2025-05-28 20:48:18,0,0,30.25647,38.55366
2025-05-28 20:48:18,0,0,30.25647,38.55366
2025-05-28 20:48:18,0,0,30.25941,38.55311
2025-05-28 20:48:18,0,0,30.25941,38.55311
2025-05-28 20:48:19,0,0,30.26824,41.26688
2025-05-28 20:48:19,0,0,30.26824,41.26688
2025-05-28 20:48:19,0,0,30.27412,37.16492
2025-05-28 20:48:19,0,0,30.27412,37.16492
2025-05-28 20:48:19,0,0,30.2653,38.41548
2025-05-28 20:48:19,0,0,30.2653,38.41548
2025-05-28 20:48:19,0,0,30.25353,38.4474
2025-05-28 20:48:19,0,0,30.25353,38.4474
2025-05-28 20:48:19,0,0,30.25647,34.8464
2025-05-28 20:48:19,0,0,30.25647,34.8464
2025-05-28 20:48:20,0,0,30.24765,37.87234
2025-05-28 20:48:20,0,0,30.24765,37.87234
2025-05-28 20:48:20,0,0,30.25059,37.87668
2025-05-28 20:48:20,0,0,30.25059,37.87668
2025-05-28 20:48:20,0,0,30.24765,35.21531
2025-05-28 20:48:20,0,0,30.24765,35.21531
2025-05-28 20:48:20,0,0,30.25059,41.12978
2025-05-28 20:48:20,0,0,30.25059,41.12978
2025-05-28 20:48:20,0,0,30.25059,38.58491
2025-05-28 20:48:20,0,0,30.25059,38.58491
2025-05-28 20:48:21,0,0,30.24765,38.57539
2025-05-28 20:48:21,0,0,30.24765,38.57539
2025-05-28 20:48:21,0,0,30.25059,41.64319
2025-05-28 20:48:21,0,0,30.25059,41.64319
2025-05-28 20:48:21,0,0,30.24765,36.99634
2025-05-28 20:48:21,0,0,30.24765,36.99634
2025-05-28 20:48:21,0,0,30.25353,38.11743
2025-05-28 20:48:21,0,0,30.25353,38.11743
2025-05-28 20:48:21,0,0,30.25059,38.97094
2025-05-28 20:48:21,0,0,30.25059,38.97094
2025-05-28 20:48:22,0,0,30.24765,35.15234
2025-05-28 20:48:22,0,0,30.24765,35.15234
2025-05-28 20:48:22,0,0,30.25059,38.43998
2025-05-28 20:48:22,0,0,30.25059,38.43998
2025-05-28 20:48:22,0,0,30.25059,37.67783
2025-05-28 20:48:22,0,0,30.25059,37.67783
2025-05-28 20:48:22,0,0,30.24765,34.47478
2025-05-28 20:48:22,0,0,30.24765,34.47478
2025-05-28 20:48:22,0,0,30.25353,38.03217
2025-05-28 20:48:22,0,0,30.25353,38.03217
2025-05-28 20:48:23,0,0,30.25059,37.78187
2025-05-28 20:48:23,0,0,30.25059,37.78187
2025-05-28 20:48:23,0,0,30.25647,35.8428
2025-05-28 20:48:23,0,0,30.25647,35.8428
2025-05-28 20:48:23,0,0,30.23882,40.63948
2025-05-28 20:48:23,0,0,30.23882,40.63948
2025-05-28 20:48:23,0,0,30.24765,38.34341
2025-05-28 20:48:23,0,0,30.24765,38.34341
2025-05-28 20:48:23,0,0,30.25059,37.80822
2025-05-28 20:48:23,0,0,30.25059,37.80822
2025-05-28 20:48:24,0,0,30.24471,34.80867
2025-05-28 20:48:24,0,0,30.24471,34.80867
2025-05-28 20:48:24,0,0,30.24765,38.8345
2025-05-28 20:48:24,0,0,30.24765,38.8345
2025-05-28 20:48:24,0,0,30.23,38.33718
2025-05-28 20:48:24,0,0,30.23,38.33718
2025-05-28 20:48:24,0,0,30.23882,36.70465
2025-05-28 20:48:24,0,0,30.23882,36.70465
2025-05-28 20:48:24,0,0,30.22706,41.94739
2025-05-28 20:48:24,0,0,30.22706,41.94739
2025-05-28 20:48:25,0,0,30.22412,38.5446
2025-05-28 20:48:25,0,0,30.22412,38.5446
2025-05-28 20:48:25,0,0,30.23294,38.74369
2025-05-28 20:48:25,0,0,30.23294,38.74369
2025-05-28 20:48:25,0,0,30.22412,41.06642
2025-05-28 20:48:25,0,0,30.22412,41.06642
2025-05-28 20:48:25,0,0,30.23882,36.94853
2025-05-28 20:48:25,0,0,30.23882,36.94853
2025-05-28 20:48:25,0,0,30.22706,38.19444
2025-05-28 20:48:25,0,0,30.22706,38.19444
2025-05-28 20:48:26,0,0,30.22118,39.55993
2025-05-28 20:48:26,0,0,30.22118,39.55993
2025-05-28 20:48:26,0,0,30.22706,35.35537
2025-05-28 20:48:26,0,0,30.22706,35.35537
2025-05-28 20:48:26,0,0,30.21824,38.02229
2025-05-28 20:48:26,0,0,30.21824,38.02229
2025-05-28 20:48:26,0,0,30.23882,37.63736
2025-05-28 20:48:26,0,0,30.23882,37.63736
2025-05-28 20:48:26,0,0,30.22118,34.2069
2025-05-28 20:48:26,0,0,30.22118,34.2069
2025-05-28 20:48:27,0,0,30.22412,39.40658
2025-05-28 20:48:27,0,0,30.22412,39.40658
2025-05-28 20:48:27,0,0,30.22412,38
2025-05-28 20:48:27,0,0,30.22412,38
2025-05-28 20:48:27,0,0,30.23588,37.38886
2025-05-28 20:48:27,0,0,30.23588,37.38886
2025-05-28 20:48:27,0,0,30.21529,41.5699
2025-05-28 20:48:27,0,0,30.21529,41.5699
2025-05-28 20:48:27,0,0,30.21235,38.57344
2025-05-28 20:48:27,0,0,30.21235,38.57344
2025-05-28 20:48:28,0,0,30.22118,38.65623
2025-05-28 20:48:28,0,0,30.22118,38.65623
2025-05-28 20:48:28,0,0,30.22412,42.04599
2025-05-28 20:48:28,0,0,30.22412,42.04599
2025-05-28 20:48:28,0,0,30.21235,36.44606
2025-05-28 20:48:28,0,0,30.21235,36.44606
2025-05-28 20:48:28,0,0,30.21235,37.88935
2025-05-28 20:48:28,0,0,30.21235,37.88935
2025-05-28 20:48:28,0,0,30.19765,37.79816
2025-05-28 20:48:28,0,0,30.19765,37.79816
2025-05-28 20:48:29,0,0,30.20059,34.68921
2025-05-28 20:48:29,0,0,30.20059,34.68921
2025-05-28 20:48:29,0,0,30.20941,38.01032
2025-05-28 20:48:29,0,0,30.20941,38.01032
2025-05-28 20:48:29,0,0,30.18882,38.10848
2025-05-28 20:48:29,0,0,30.18882,38.10848
2025-05-28 20:48:29,0,0,30.21235,36.2815
2025-05-28 20:48:29,0,0,30.21235,36.2815
2025-05-28 20:48:29,0,0,30.20941,41.59292
2025-05-28 20:48:29,0,0,30.20941,41.59292
2025-05-28 20:48:30,0,0,30.19765,38.8496
2025-05-28 20:48:30,0,0,30.19765,38.8496
2025-05-28 20:48:30,0,0,30.19471,38.9016
2025-05-28 20:48:30,0,0,30.19471,38.9016
2025-05-28 20:48:30,0,0,30.19471,41.1792
2025-05-28 20:48:30,0,0,30.19471,41.1792
2025-05-28 20:48:30,0,0,30.20059,36.49139
2025-05-28 20:48:30,0,0,30.20059,36.49139
2025-05-28 20:48:30,0,0,30.18882,38.21893
2025-05-28 20:48:30,0,0,30.18882,38.21893
2025-05-28 20:48:31,0,0,30.17118,37.85154
2025-05-28 20:48:31,0,0,30.17118,37.85154
2025-05-28 20:48:31,0,0,30.18294,34.92137
2025-05-28 20:48:31,0,0,30.18294,34.92137
2025-05-28 20:48:31,0,0,30.17118,38.32082
2025-05-28 20:48:31,0,0,30.17118,38.32082
2025-05-28 20:48:31,0,0,30.18588,38.13284
2025-05-28 20:48:31,0,0,30.18588,38.13284
2025-05-28 20:48:31,0,0,30.18,36.70766
2025-05-28 20:48:31,0,0,30.18,36.70766
2025-05-28 20:48:32,0,0,30.17118,41.73631
2025-05-28 20:48:32,0,0,30.17118,41.73631
2025-05-28 20:48:32,0,0,30.17412,38.7688
2025-05-28 20:48:32,0,0,30.17412,38.7688
2025-05-28 20:48:32,0,0,30.18882,38.79982
2025-05-28 20:48:32,0,0,30.18882,38.79982
2025-05-28 20:48:32,0,0,30.18588,41.74076
2025-05-28 20:48:32,0,0,30.18588,41.74076
2025-05-28 20:48:32,0,0,30.17412,36.23122
2025-05-28 20:48:32,0,0,30.17412,36.23122
2025-05-28 20:48:33,0,0,30.17706,38.29688
2025-05-28 20:48:33,0,0,30.17706,38.29688
2025-05-28 20:48:33,0,0,30.17706,37.53437
2025-05-28 20:48:33,0,0,30.17706,37.53437
2025-05-28 20:48:33,0,0,30.18,34.46691
2025-05-28 20:48:33,0,0,30.18,34.46691
2025-05-28 20:48:33,0,0,30.17706,37.72427
2025-05-28 20:48:33,0,0,30.17706,37.72427
2025-05-28 20:48:33,0,0,30.18,38.04247
2025-05-28 20:48:33,0,0,30.18,38.04247
2025-05-28 20:48:34,0,0,30.17412,36.04927
2025-05-28 20:48:34,0,0,30.17412,36.04927
2025-05-28 20:48:34,0,0,30.16235,40.99723
2025-05-28 20:48:34,0,0,30.16235,40.99723
2025-05-28 20:48:34,0,0,30.16529,38.51541
2025-05-28 20:48:34,0,0,30.16529,38.51541
2025-05-28 20:48:34,0,0,30.16235,38.87104
2025-05-28 20:48:34,0,0,30.16235,38.87104
2025-05-28 20:49:06,0,0,30.09471,67.49201
2025-05-28 20:49:06,0,0,30.09471,67.49201
2025-05-28 20:49:06,0,0,30.09471,66.72052
2025-05-28 20:49:06,0,0,30.09471,66.72052
2025-05-28 20:49:07,0,0,30.09765,60.99683
2025-05-28 20:49:07,0,0,30.09765,60.99683
2025-05-28 20:49:07,0,0,30.09471,66.33663
2025-05-28 20:49:07,0,0,30.09471,66.33663
2025-05-28 20:49:07,0,0,30.09176,67.61453
2025-05-28 20:49:07,0,0,30.09176,67.61453
2025-05-28 20:49:07,0,0,30.09471,72.83142
2025-05-28 20:49:07,0,0,30.09471,72.83142
2025-05-28 20:49:07,0,0,30.08588,67.01868
2025-05-28 20:49:07,0,0,30.08588,67.01868
2025-05-28 20:49:08,0,0,30.08588,67.67757
2025-05-28 20:49:08,0,0,30.08588,67.67757
2025-05-28 20:49:08,0,0,30.09471,72.71228
2025-05-28 20:49:08,0,0,30.09471,72.71228
2025-05-28 20:49:08,0,0,30.09765,62.42284
2025-05-28 20:49:08,0,0,30.09765,62.42284
2025-05-28 20:49:08,0,0,30.08588,66.63948
2025-05-28 20:49:08,0,0,30.08588,66.63948
2025-05-28 20:49:08,0,0,30.09765,66.80328
2025-05-28 20:49:08,0,0,30.09765,66.80328
2025-05-28 20:49:09,0,0,30.09176,60.12317
2025-05-28 20:49:09,0,0,30.09176,60.12317
2025-05-28 20:49:09,0,0,30.09765,68.79668
2025-05-28 20:49:09,0,0,30.09765,68.79668
2025-05-28 20:49:09,0,0,30.10059,65.30932
2025-05-28 20:49:09,0,0,30.10059,65.30932
2025-05-28 20:49:09,0,0,30.10353,72.52657
2025-05-28 20:49:09,0,0,30.10353,72.52657
2025-05-28 20:49:09,0,0,30.09176,69.55128
2025-05-28 20:49:09,0,0,30.09176,69.55128
2025-05-28 20:49:10,0,0,30.08882,66.7466
2025-05-28 20:49:10,0,0,30.08882,66.7466
2025-05-28 20:49:10,0,0,30.09176,66.04082
2025-05-28 20:49:10,0,0,30.09176,66.04082
2025-05-28 20:49:10,0,0,30.10353,60.46693
2025-05-28 20:49:10,0,0,30.10353,60.46693
2025-05-28 20:49:10,0,0,30.11235,68.46027
2025-05-28 20:49:10,0,0,30.11235,68.46027
2025-05-28 20:49:10,0,0,30.10059,65.14555
2025-05-28 20:49:10,0,0,30.10059,65.14555
2025-05-28 20:49:11,0,0,30.10059,74.15079
2025-05-28 20:49:11,0,0,30.10059,74.15079
2025-05-28 20:49:11,0,0,30.09176,68.0624
2025-05-28 20:49:11,0,0,30.09176,68.0624
2025-05-28 20:49:11,0,0,30.10059,67.35504
2025-05-28 20:49:11,0,0,30.10059,67.35504
2025-05-28 20:49:11,0,0,30.10353,62.54181
2025-05-28 20:49:11,0,0,30.10353,62.54181
2025-05-28 20:49:11,0,0,30.09765,61.38462
2025-05-28 20:49:11,0,0,30.09765,61.38462
2025-05-28 20:49:12,0,0,30.10353,67.10204
2025-05-28 20:49:12,0,0,30.10353,67.10204
2025-05-28 20:49:12,0,0,30.10353,66.50793
2025-05-28 20:49:12,0,0,30.10353,66.50793
2025-05-28 20:49:12,0,0,30.10353,73.83863
2025-05-28 20:49:12,0,0,30.10353,73.83863
2025-05-28 20:49:12,0,0,30.10647,66.72269
2025-05-28 20:49:12,0,0,30.10647,66.72269
2025-05-28 20:49:12,0,0,30.10353,67.03733
2025-05-28 20:49:12,0,0,30.10353,67.03733
2025-05-28 20:49:13,0,0,30.09471,61.8932
2025-05-28 20:49:13,0,0,30.09471,61.8932
2025-05-28 20:49:13,0,0,30.10059,62.0505
2025-05-28 20:49:13,0,0,30.10059,62.0505
2025-05-28 20:49:13,0,0,30.09471,66.93613
2025-05-28 20:49:13,0,0,30.09471,66.93613
2025-05-28 20:49:13,0,0,30.11529,65.58287
2025-05-28 20:49:13,0,0,30.11529,65.58287
2025-05-28 20:49:13,0,0,30.10353,73.39374
2025-05-28 20:49:13,0,0,30.10353,73.39374
2025-05-28 20:49:14,0,0,30.10353,67.73399
2025-05-28 20:49:14,0,0,30.10353,67.73399
2025-05-28 20:49:14,0,0,30.10059,67.40858
2025-05-28 20:49:14,0,0,30.10059,67.40858
2025-05-28 20:49:14,0,0,30.09471,65.54054
2025-05-28 20:49:14,0,0,30.09471,65.54054
2025-05-28 20:49:14,0,0,30.10059,60.81916
2025-05-28 20:49:14,0,0,30.10059,60.81916
2025-05-28 20:49:14,0,0,30.10647,67.1255
2025-05-28 20:49:14,0,0,30.10647,67.1255
2025-05-28 20:49:15,0,0,30.09471,67.32129
2025-05-28 20:49:15,0,0,30.09471,67.32129
2025-05-28 20:49:15,0,0,30.10059,62.26721
2025-05-28 20:49:15,0,0,30.10059,62.26721
2025-05-28 20:49:15,0,0,30.09471,63.07215
2025-05-28 20:49:15,0,0,30.09471,63.07215
2025-05-28 20:49:15,0,0,30.10647,66.69361
2025-05-28 20:49:15,0,0,30.10647,66.69361
2025-05-28 20:49:15,0,0,30.09176,66.42686
2025-05-28 20:49:15,0,0,30.09176,66.42686
2025-05-28 20:49:16,0,0,30.10353,73.45277
2025-05-28 20:49:16,0,0,30.10353,73.45277
2025-05-28 20:49:16,0,0,30.09765,66.74918
2025-05-28 20:49:16,0,0,30.09765,66.74918
2025-05-28 20:49:16,0,0,30.10353,68.04124
2025-05-28 20:49:16,0,0,30.10353,68.04124
2025-05-28 20:49:16,0,0,30.09765,72.4959
2025-05-28 20:49:16,0,0,30.09765,72.4959
2025-05-28 20:49:16,0,0,30.10353,63.07215
2025-05-28 20:49:16,0,0,30.10353,63.07215
2025-05-28 20:49:17,0,0,30.08882,66.61342
2025-05-28 20:49:17,0,0,30.08882,66.61342
2025-05-28 20:49:17,0,0,30.09471,67.36842
2025-05-28 20:49:17,0,0,30.09471,67.36842
2025-05-28 20:49:17,0,0,30.09765,73.23151
2025-05-28 20:49:17,0,0,30.09765,73.23151
2025-05-28 20:49:17,0,0,30.10059,66.50206
2025-05-28 20:49:17,0,0,30.10059,66.50206
2025-05-28 20:49:17,0,0,30.10941,65.56344
2025-05-28 20:49:17,0,0,30.10941,65.56344
2025-05-28 20:49:18,0,0,30.10059,59.66319
2025-05-28 20:49:18,0,0,30.10059,59.66319
2025-05-28 20:49:18,0,0,30.11235,68.6747
2025-05-28 20:49:18,0,0,30.11235,68.6747
2025-05-28 20:49:18,0,0,30.10941,67.01196
2025-05-28 20:49:18,0,0,30.10941,67.01196
2025-05-28 20:49:18,0,0,30.10647,64.93399
2025-05-28 20:49:18,0,0,30.10647,64.93399
2025-05-28 20:49:18,0,0,30.10353,61.22606
2025-05-28 20:49:18,0,0,30.10353,61.22606
2025-05-28 20:49:19,0,0,30.09765,69.10828
2025-05-28 20:49:19,0,0,30.09765,69.10828
2025-05-28 20:49:19,0,0,30.11529,67.89929
2025-05-28 20:49:19,0,0,30.11529,67.89929
2025-05-28 20:49:19,0,0,30.10353,74.30213
2025-05-28 20:49:19,0,0,30.10353,74.30213
2025-05-28 20:49:19,0,0,30.11529,68.01653
2025-05-28 20:49:19,0,0,30.11529,68.01653
2025-05-28 20:49:19,0,0,30.10941,67.85432
2025-05-28 20:49:19,0,0,30.10941,67.85432
2025-05-28 20:49:20,0,0,30.10353,63.46469
2025-05-28 20:49:20,0,0,30.10353,63.46469
2025-05-28 20:49:20,0,0,30.09471,62.3839
2025-05-28 20:49:20,0,0,30.09471,62.3839
2025-05-28 20:49:20,0,0,30.10059,67.09677
2025-05-28 20:49:20,0,0,30.10059,67.09677
2025-05-28 20:49:20,0,0,30.10647,65.89457
2025-05-28 20:49:20,0,0,30.10647,65.89457
2025-05-28 20:49:20,0,0,30.09176,73.89162
2025-05-28 20:49:20,0,0,30.09176,73.89162
2025-05-28 20:49:21,0,0,30.09176,68.48185
2025-05-28 20:49:21,0,0,30.09176,68.48185
2025-05-28 20:49:21,0,0,30.10647,65.72104
2025-05-28 20:49:21,0,0,30.10647,65.72104
2025-05-28 20:49:21,0,0,30.11823,72.75694
2025-05-28 20:49:21,0,0,30.11823,72.75694
2025-05-28 20:49:21,0,0,30.10353,70.00802
2025-05-28 20:49:21,0,0,30.10353,70.00802
2025-05-28 20:49:21,0,0,30.10647,66.72118
2025-05-28 20:49:21,0,0,30.10647,66.72118
2025-05-28 20:49:22,0,0,30.09471,65.55646
2025-05-28 20:49:22,0,0,30.09471,65.55646
2025-05-28 20:49:22,0,0,30.09471,60.09353
2025-05-28 20:49:22,0,0,30.09471,60.09353
2025-05-28 20:49:22,0,0,30.09765,66.44408
2025-05-28 20:49:22,0,0,30.09765,66.44408
2025-05-28 20:49:22,0,0,30.10059,66.11111
2025-05-28 20:49:22,0,0,30.10059,66.11111
2025-05-28 20:49:22,0,0,30.10941,71.91558
2025-05-28 20:49:22,0,0,30.10941,71.91558
2025-05-28 20:49:23,0,0,30.10647,71.14148
2025-05-28 20:49:23,0,0,30.10647,71.14148
2025-05-28 20:49:23,0,0,30.10941,67.01529
2025-05-28 20:49:23,0,0,30.10941,67.01529
2025-05-28 20:49:23,0,0,30.10059,67.40682
2025-05-28 20:49:23,0,0,30.10059,67.40682
2025-05-28 20:49:23,0,0,30.10647,61.00881
2025-05-28 20:49:23,0,0,30.10647,61.00881
2025-05-28 20:49:23,0,0,30.10647,64.50858
2025-05-28 20:49:23,0,0,30.10647,64.50858
2025-05-28 20:49:24,0,0,30.10353,67.15328
2025-05-28 20:49:24,0,0,30.10353,67.15328
2025-05-28 20:49:24,0,0,30.11235,67.88618
2025-05-28 20:49:24,0,0,30.11235,67.88618
2025-05-28 20:49:24,0,0,30.09765,73.07692
2025-05-28 20:49:24,0,0,30.09765,73.07692
2025-05-28 20:49:24,0,0,30.08588,66.72105
2025-05-28 20:49:24,0,0,30.08588,66.72105
2025-05-28 20:49:24,0,0,30.09176,67.37421
2025-05-28 20:49:24,0,0,30.09176,67.37421
2025-05-28 20:49:25,0,0,30.09765,74.05858
2025-05-28 20:49:25,0,0,30.09765,74.05858
2025-05-28 20:49:25,0,0,30.09471,65.17572
2025-05-28 20:49:25,0,0,30.09471,65.17572
2025-05-28 20:49:25,0,0,30.09765,66.72013
2025-05-28 20:49:25,0,0,30.09765,66.72013
2025-05-28 20:49:25,0,0,30.09765,65.46521
2025-05-28 20:49:25,0,0,30.09765,65.46521
2025-05-28 20:49:25,0,0,30.09765,72.46377
2025-05-28 20:49:25,0,0,30.09765,72.46377
2025-05-28 20:49:26,0,0,30.10059,67.3913
2025-05-28 20:49:26,0,0,30.10059,67.3913
2025-05-28 20:49:26,0,0,30.09176,67.40331
2025-05-28 20:49:26,0,0,30.09176,67.40331
2025-05-28 20:49:26,0,0,30.10647,60.86608
2025-05-28 20:49:26,0,0,30.10647,60.86608
2025-05-28 20:49:26,0,0,30.09471,65.18987
2025-05-28 20:49:26,0,0,30.09471,65.18987
2025-05-28 20:49:26,0,0,30.10059,67.17132
2025-05-28 20:49:26,0,0,30.10059,67.17132
2025-05-28 20:49:27,0,0,30.08882,72.08334
2025-05-28 20:49:27,0,0,30.08882,72.08334
2025-05-28 20:49:27,0,0,30.10059,71.33707
2025-05-28 20:49:27,0,0,30.10059,71.33707
2025-05-28 20:49:27,0,0,30.10353,66.93164
2025-05-28 20:49:27,0,0,30.10353,66.93164
2025-05-28 20:49:27,0,0,30.10059,66.45213
2025-05-28 20:49:27,0,0,30.10059,66.45213
2025-05-28 20:49:27,0,0,30.10059,60.79501
2025-05-28 20:49:27,0,0,30.10059,60.79501
2025-05-28 20:49:28,0,0,30.09471,69.08939
2025-05-28 20:49:28,0,0,30.09471,69.08939
2025-05-28 20:49:28,0,0,30.10059,64.83947
2025-05-28 20:49:28,0,0,30.10059,64.83947
2025-05-28 20:49:28,0,0,30.09765,73.85993
2025-05-28 20:49:28,0,0,30.09765,73.85993
2025-05-28 20:49:28,0,0,30.09765,67.97066
2025-05-28 20:49:28,0,0,30.09765,67.97066
2025-05-28 20:49:28,0,0,30.10059,67.14629
2025-05-28 20:49:28,0,0,30.10059,67.14629
2025-05-28 20:49:29,0,0,30.10059,64.62303
2025-05-28 20:49:29,0,0,30.10059,64.62303
2025-05-28 20:49:29,0,0,30.10647,61.63328
2025-05-28 20:49:29,0,0,30.10647,61.63328
2025-05-28 20:49:29,0,0,30.10353,66.90939
2025-05-28 20:49:29,0,0,30.10353,66.90939
2025-05-28 20:49:29,0,0,30.10353,66.69329
2025-05-28 20:49:29,0,0,30.10353,66.69329
2025-05-28 20:49:29,0,0,30.10059,73.65854
2025-05-28 20:49:29,0,0,30.10059,73.65854
2025-05-28 20:49:30,0,0,30.09176,66.80195
2025-05-28 20:49:30,0,0,30.09176,66.80195
2025-05-28 20:49:30,0,0,30.10941,67.56116
2025-05-28 20:49:30,0,0,30.10941,67.56116
2025-05-28 20:49:30,0,0,30.09765,61.52
2025-05-28 20:49:30,0,0,30.09765,61.52
2025-05-28 20:49:30,0,0,30.09176,64.75217
2025-05-28 20:49:30,0,0,30.09176,64.75217
2025-05-28 20:49:30,0,0,30.11235,66.47865
2025-05-28 20:49:30,0,0,30.11235,66.47865
2025-05-28 20:49:31,0,0,30.12118,72.0297
2025-05-28 20:49:31,0,0,30.12118,72.0297
2025-05-28 20:49:31,0,0,30.10647,63.70426
2025-05-28 20:49:31,0,0,30.10647,63.70426
2025-05-28 20:49:31,0,0,30.10059,66.72013
2025-05-28 20:49:31,0,0,30.10059,66.72013
2025-05-28 20:49:31,0,0,30.11235,66.99187
2025-05-28 20:49:31,0,0,30.11235,66.99187
2025-05-28 20:49:31,0,0,30.10647,73.6246
2025-05-28 20:49:31,0,0,30.10647,73.6246
2025-05-28 20:49:32,0,0,30.11529,66.9148
2025-05-28 20:49:32,0,0,30.11529,66.9148
2025-05-28 20:49:32,0,0,30.11235,66.35802
2025-05-28 20:49:32,0,0,30.11235,66.35802
2025-05-28 20:49:32,0,0,30.09471,74.0954
2025-05-28 20:49:32,0,0,30.09471,74.0954
2025-05-28 20:49:32,0,0,30.10059,67.24422
2025-05-28 20:49:32,0,0,30.10059,67.24422
2025-05-28 20:49:32,0,0,30.12412,67.21959
2025-05-28 20:49:32,0,0,30.12412,67.21959
2025-05-28 20:49:33,0,0,30.12706,62.64
2025-05-28 20:49:33,0,0,30.12706,62.64
2025-05-28 20:49:33,0,0,30.11823,64.53674
2025-05-28 20:49:33,0,0,30.11823,64.53674
2025-05-28 20:49:33,0,0,30.11529,67.07218
2025-05-28 20:49:33,0,0,30.11529,67.07218
2025-05-28 20:49:33,0,0,30.11235,66.09617
2025-05-28 20:49:33,0,0,30.11235,66.09617
2025-05-28 20:49:33,0,0,30.10353,60.25137
2025-05-28 20:49:33,0,0,30.10353,60.25137
2025-05-28 20:49:34,0,0,30.10353,69.20502
2025-05-28 20:49:34,0,0,30.10353,69.20502
2025-05-28 20:49:34,0,0,30.10647,65.22424
2025-05-28 20:49:34,0,0,30.10647,65.22424
2025-05-28 20:49:34,0,0,30.10059,72.46964
2025-05-28 20:49:34,0,0,30.10059,72.46964
2025-05-28 20:49:34,0,0,30.10353,69.52686
2025-05-28 20:49:34,0,0,30.10353,69.52686
2025-05-28 20:49:34,0,0,30.10941,66.93613
2025-05-28 20:49:34,0,0,30.10941,66.93613
2025-05-28 20:49:35,0,0,30.10059,68.25911
2025-05-28 20:49:35,0,0,30.10059,68.25911
2025-05-28 20:49:35,0,0,30.11529,60.98515
2025-05-28 20:49:35,0,0,30.11529,60.98515
2025-05-28 20:49:35,0,0,30.12118,66.77551
2025-05-28 20:49:35,0,0,30.12118,66.77551
2025-05-28 20:49:35,0,0,30.11823,65.72327
2025-05-28 20:49:35,0,0,30.11823,65.72327
2025-05-28 20:49:35,0,0,30.11235,62.46973
2025-05-28 20:49:35,0,0,30.11235,62.46973
2025-05-28 20:49:36,0,0,30.11529,68.86646
2025-05-28 20:49:36,0,0,30.11529,68.86646
2025-05-28 20:49:36,0,0,30.12706,67.36613
2025-05-28 20:49:36,0,0,30.12706,67.36613
2025-05-28 20:49:36,0,0,30.11823,66.71459
2025-05-28 20:49:36,0,0,30.11823,66.71459
2025-05-28 20:49:36,0,0,30.11823,73.32864
2025-05-28 20:49:36,0,0,30.11823,73.32864
2025-05-28 20:49:36,0,0,30.11529,69.65662
2025-05-28 20:49:36,0,0,30.11529,69.65662
2025-05-28 20:49:37,0,0,30.11235,68.75421
2025-05-28 20:49:37,0,0,30.11235,68.75421
2025-05-28 20:49:37,0,0,30.11529,75.01707
2025-05-28 20:49:37,0,0,30.11529,75.01707
2025-05-28 20:49:37,0,0,30.12706,65.17219
2025-05-28 20:49:37,0,0,30.12706,65.17219
2025-05-28 20:49:37,0,0,30.12118,68.1579
2025-05-28 20:49:37,0,0,30.12118,68.1579
2025-05-28 20:49:37,0,0,30.11529,68.37717
2025-05-28 20:49:37,0,0,30.11529,68.37717
2025-05-28 20:49:38,0,0,30.10941,73.69392
2025-05-28 20:49:38,0,0,30.10941,73.69392
2025-05-28 20:49:38,0,0,30.12118,70.03699
2025-05-28 20:49:38,0,0,30.12118,70.03699
2025-05-28 20:49:38,0,0,30.13882,69.63755
2025-05-28 20:49:38,0,0,30.13882,69.63755
2025-05-28 20:49:38,0,0,30.13,65.29412
2025-05-28 20:49:38,0,0,30.13,65.29412
2025-05-28 20:49:38,0,0,30.14471,65.5
2025-05-28 20:49:38,0,0,30.14471,65.5
2025-05-28 20:49:39,0,0,30.13588,69.40133
2025-05-28 20:49:39,0,0,30.13588,69.40133
2025-05-28 20:49:39,0,0,30.14177,69.35574
2025-05-28 20:49:39,0,0,30.14177,69.35574
2025-05-28 20:49:39,0,0,30.14765,73.65502
2025-05-28 20:49:39,0,0,30.14765,73.65502
2025-05-28 20:49:39,0,0,30.13882,69.47769
2025-05-28 20:49:39,0,0,30.13882,69.47769
2025-05-28 20:49:39,0,0,30.14471,69.67742
2025-05-28 20:49:39,0,0,30.14471,69.67742
2025-05-28 20:49:40,0,0,30.13882,72.60274
2025-05-28 20:49:40,0,0,30.13882,72.60274
2025-05-28 20:49:40,0,0,30.15059,72.21333
2025-05-28 20:49:40,0,0,30.15059,72.21333
2025-05-28 20:49:40,0,0,30.14765,69.39746
2025-05-28 20:49:40,0,0,30.14765,69.39746
2025-05-28 20:49:40,0,0,30.15941,69.4783
2025-05-28 20:49:40,0,0,30.15941,69.4783
2025-05-28 20:49:40,0,0,30.15353,73.77892
2025-05-28 20:49:40,0,0,30.15353,73.77892
2025-05-28 20:49:41,0,0,30.15647,71.0593
2025-05-28 20:49:41,0,0,30.15647,71.0593
2025-05-28 20:49:41,0,0,30.16529,69.83968
2025-05-28 20:49:41,0,0,30.16529,69.83968
2025-05-28 20:49:41,0,0,30.15941,73.34711
2025-05-28 20:49:41,0,0,30.15941,73.34711
2025-05-28 20:49:41,0,0,30.17118,66.71657
2025-05-28 20:49:41,0,0,30.17118,66.71657
2025-05-28 20:49:41,0,0,30.16824,71.26179
2025-05-28 20:49:41,0,0,30.16824,71.26179
2025-05-28 20:49:42,0,0,30.16529,62.70872
2025-05-28 20:49:42,0,0,30.17706,68.16675
2025-05-28 20:49:42,0,0,30.16529,62.70872
2025-05-28 20:49:42,0,0,30.17706,68.16675
2025-05-28 20:49:42,0,0,30.17412,42.99595
2025-05-28 20:49:42,0,0,30.17412,42.99595
2025-05-28 20:49:42,0,0,30.17706,76.70468
2025-05-28 20:49:42,0,0,30.17706,76.70468
2025-05-28 20:49:42,0,0,30.18294,66.9268
2025-05-28 20:49:42,0,0,30.18294,66.9268
2025-05-28 20:49:43,0,0,30.18294,74.31731
2025-05-28 20:49:43,0,0,30.18294,74.31731
2025-05-28 20:49:43,0,0,30.18,78.56549
2025-05-28 20:49:43,0,0,30.18,78.56549
2025-05-28 20:49:43,0,0,30.17118,78.80128
2025-05-28 20:49:43,0,0,30.17118,78.80128
2025-05-28 20:49:43,0,0,30.17706,78.95075
2025-05-28 20:49:43,0,0,30.17706,78.95075
2025-05-28 20:49:43,0,0,30.16529,78.9133
2025-05-28 20:49:43,0,0,30.16529,78.9133
2025-05-28 20:49:44,0,0,30.17706,78.95177
2025-05-28 20:49:44,0,0,30.17706,78.95177
2025-05-28 20:49:44,0,0,30.16824,78.99886
2025-05-28 20:49:44,0,0,30.16824,78.99886
2025-05-28 20:49:44,0,0,30.17118,78.92078
2025-05-28 20:49:44,0,0,30.17118,78.92078
2025-05-28 20:49:44,0,0,30.17118,79.00996
2025-05-28 20:49:44,0,0,30.17118,79.00996
2025-05-28 20:49:44,0,0,30.16529,79.02586
2025-05-28 20:49:44,0,0,30.16529,79.02586
2025-05-28 20:49:45,0,0,30.16529,79.00098
2025-05-28 20:49:45,0,0,30.16529,79.00098
2025-05-28 20:49:45,0,0,30.16824,79.08571
2025-05-28 20:49:45,0,0,30.16824,79.08571
2025-05-28 20:49:45,0,0,30.17412,79.07632
2025-05-28 20:49:45,0,0,30.17412,79.07632
2025-05-28 20:49:45,0,0,30.15941,79.04715
2025-05-28 20:49:45,0,0,30.15941,79.04715
2025-05-28 20:49:45,0,0,30.17412,79.09937
2025-05-28 20:49:45,0,0,30.17412,79.09937
2025-05-28 20:49:46,0,0,30.18882,79.01127
2025-05-28 20:49:46,0,0,30.18882,79.01127
2025-05-28 20:49:46,0,0,30.17412,79.06586
2025-05-28 20:49:46,0,0,30.17412,79.06586
2025-05-28 20:49:46,0,0,30.17706,79.07971
2025-05-28 20:49:46,0,0,30.17706,79.07971
2025-05-28 20:49:46,0,0,30.14177,79.05518
2025-05-28 20:49:46,0,0,30.14177,79.05518
2025-05-28 20:49:46,0,0,30.16824,79.14315
2025-05-28 20:49:46,0,0,30.16824,79.14315
2025-05-28 20:49:47,0,0,30.18,79.1286
2025-05-28 20:49:47,0,0,30.18,79.1286
2025-05-28 20:49:47,0,0,30.16824,79.10871
2025-05-28 20:49:47,0,0,30.16824,79.10871
2025-05-28 20:49:47,0,0,30.17706,79.22581
2025-05-28 20:49:47,0,0,30.17706,79.22581
2025-05-28 20:49:47,0,0,30.18,79.11384
2025-05-28 20:49:47,0,0,30.18,79.11384
2025-05-28 20:49:47,0,0,30.16235,79.12534
2025-05-28 20:49:47,0,0,30.16235,79.12534
2025-05-28 20:49:48,0,0,30.15941,78.9975
2025-05-28 20:49:48,0,0,30.15941,78.9975
2025-05-28 20:49:48,0,0,30.16824,80.18375
2025-05-28 20:49:48,0,0,30.16824,80.18375
2025-05-28 20:49:48,0,0,30.16529,82.28377
2025-05-28 20:49:48,0,0,30.16529,82.28377
2025-05-28 20:49:48,0,0,30.16824,53.43819
2025-05-28 20:49:48,0,0,30.16824,53.43819
2025-05-28 20:49:48,0,0,30.16824,78.27258
2025-05-28 20:49:48,0,0,30.16824,78.27258
2025-05-28 20:49:49,0,0,30.16235,78.6571
2025-05-28 20:49:49,0,0,30.16235,78.6571
2025-05-28 20:49:49,0,0,30.17118,78.64811
2025-05-28 20:49:49,0,0,30.17118,78.64811
2025-05-28 20:49:49,0,0,30.16824,78.74179
2025-05-28 20:49:49,0,0,30.16824,78.74179
2025-05-28 20:49:49,0,0,30.17412,78.76418
2025-05-28 20:49:49,0,0,30.17412,78.76418
2025-05-28 20:49:50,0,0,30.15059,78.84649
2025-05-28 20:49:50,0,0,30.15059,78.84649
2025-05-28 20:49:50,0,0,30.16824,78.01438
2025-05-28 20:49:50,0,0,30.17118,76.38114
2025-05-28 20:49:50,0,0,30.17412,84.93311
2025-05-28 20:49:50,0,0,30.16824,78.01438
2025-05-28 20:49:50,0,0,30.17118,76.38114
2025-05-28 20:49:50,0,0,30.17412,84.93311
2025-05-28 20:49:50,0,0,30.17412,75.75407
2025-05-28 20:49:50,0,0,30.17412,75.75407
2025-05-28 20:49:51,0,0,30.17706,77.9392
2025-05-28 20:49:51,0,0,30.17706,77.9392
2025-05-28 20:49:51,0,0,30.18294,70.39666
2025-05-28 20:49:51,0,0,30.18294,70.39666
2025-05-28 20:49:51,0,0,30.19471,67.37623
2025-05-28 20:49:51,0,0,30.19471,67.37623
2025-05-28 20:49:51,0,0,30.17706,74.0225
2025-05-28 20:49:51,0,0,30.17706,74.0225
2025-05-28 20:49:51,0,0,30.18294,74.2036
2025-05-28 20:49:51,0,0,30.18294,74.2036
2025-05-28 20:49:52,0,0,30.19471,77.55887
2025-05-28 20:49:52,0,0,30.19471,77.55887
2025-05-28 20:49:52,0,0,30.19471,78.22881
2025-05-28 20:49:52,0,0,30.19471,78.22881
2025-05-28 20:49:52,0,0,30.19471,78.32596
2025-05-28 20:49:52,0,0,30.19471,78.32596
2025-05-28 20:49:52,0,0,30.18294,78.26839
2025-05-28 20:49:52,0,0,30.18294,78.26839
2025-05-28 20:49:52,0,0,30.18,78.167
2025-05-28 20:49:52,0,0,30.18,78.167
2025-05-28 20:49:53,0,0,30.20059,78.21568
2025-05-28 20:49:53,0,0,30.20059,78.21568
2025-05-28 20:49:53,0,0,30.18588,76.83377
2025-05-28 20:49:53,0,0,30.18588,76.83377
2025-05-28 20:49:53,0,0,30.17118,76.03197
2025-05-28 20:49:53,0,0,30.17118,76.03197
2025-05-28 20:49:53,0,0,30.17412,75.94485
2025-05-28 20:49:53,0,0,30.17412,75.94485
2025-05-28 20:49:53,0,0,30.16529,75.30051
2025-05-28 20:49:53,0,0,30.16529,75.30051
2025-05-28 20:49:54,0,0,30.18588,74.15064
2025-05-28 20:49:54,0,0,30.18588,74.15064
2025-05-28 20:49:54,0,0,30.17706,73.53957
2025-05-28 20:49:54,0,0,30.17706,73.53957
2025-05-28 20:49:54,0,0,30.19176,76.42846
2025-05-28 20:49:54,0,0,30.19176,76.42846
2025-05-28 20:49:54,0,0,30.18294,76.22446
2025-05-28 20:49:54,0,0,30.18294,76.22446
2025-05-28 20:49:54,0,0,30.19176,75.50212
2025-05-28 20:49:54,0,0,30.19176,75.50212
2025-05-28 20:49:55,0,0,30.19471,75.4485
2025-05-28 20:49:55,0,0,30.19471,75.4485
2025-05-28 20:49:55,0,0,30.20059,75.83687
2025-05-28 20:49:55,0,0,30.20059,75.83687
2025-05-28 20:49:55,0,0,30.19471,76.0845
2025-05-28 20:49:55,0,0,30.19471,76.0845
2025-05-28 20:49:55,0,0,30.20353,75.78483
2025-05-28 20:49:55,0,0,30.20353,75.78483
2025-05-28 20:49:55,0,0,30.20059,77.51799
2025-05-28 20:49:55,0,0,30.20059,77.51799
2025-05-28 20:49:56,0,0,30.19765,78.28332
2025-05-28 20:49:56,0,0,30.19765,78.28332
2025-05-28 20:49:56,0,0,30.20059,78.37324
2025-05-28 20:49:56,0,0,30.20059,78.37324
2025-05-28 20:49:56,0,0,30.19765,78.44665
2025-05-28 20:49:56,0,0,30.19765,78.44665
2025-05-28 20:49:56,0,0,30.18882,84.33877
2025-05-28 20:49:56,0,0,30.18882,84.33877
2025-05-28 20:49:56,0,0,30.17706,69.50632
2025-05-28 20:49:56,0,0,30.17706,69.50632
2025-05-28 20:49:57,0,0,30.18,76.54485
2025-05-28 20:49:57,0,0,30.18,76.54485
2025-05-28 20:49:57,0,0,30.18,77.74108
2025-05-28 20:49:57,0,0,30.18,77.74108
2025-05-28 20:49:57,0,0,30.18294,78.23866
2025-05-28 20:49:57,0,0,30.18,78.40222
2025-05-28 20:49:57,0,0,30.18294,78.23866
2025-05-28 20:49:57,0,0,30.18,78.40222
2025-05-28 20:49:57,0,0,30.18882,78.45928
2025-05-28 20:49:57,0,0,30.18882,78.45928
2025-05-28 20:49:58,0,0,30.18882,78.29887
2025-05-28 20:49:58,0,0,30.18882,78.29887
2025-05-28 20:49:58,0,0,30.18588,78.48033
2025-05-28 20:49:58,0,0,30.18588,78.48033
2025-05-28 20:49:58,0,0,30.18294,78.53371
2025-05-28 20:49:58,0,0,30.18294,78.53371
2025-05-28 20:49:58,0,0,30.19471,78.53587
2025-05-28 20:49:58,0,0,30.19471,78.53587
2025-05-28 20:49:58,0,0,30.18882,78.53768
2025-05-28 20:49:58,0,0,30.18882,78.53768
2025-05-28 20:49:59,0,0,30.18588,78.40019
2025-05-28 20:49:59,0,0,30.18588,78.40019
2025-05-28 20:49:59,0,0,30.18294,77.95194
2025-05-28 20:49:59,0,0,30.18294,77.95194
2025-05-28 20:49:59,0,0,30.18882,76.93807
2025-05-28 20:49:59,0,0,30.18882,76.93807
2025-05-28 20:49:59,0,0,30.17706,82.76467
2025-05-28 20:49:59,0,0,30.17706,82.76467
2025-05-28 20:49:59,0,0,30.18588,68.68118
2025-05-28 20:49:59,0,0,30.18588,68.68118
2025-05-28 20:50:00,0,0,30.19765,68.57933
2025-05-28 20:50:00,0,0,30.19765,68.57933
2025-05-28 20:50:00,0,0,30.18,66.40578
2025-05-28 20:50:00,0,0,30.18,66.40578
2025-05-28 20:50:00,0,0,30.18,69.11392
2025-05-28 20:50:00,0,0,30.18,69.11392
2025-05-28 20:50:00,0,0,30.18588,67.46988
2025-05-28 20:50:00,0,0,30.18588,67.46988
2025-05-28 20:50:00,0,0,30.19471,66.17647
2025-05-28 20:50:00,0,0,30.19471,66.17647
2025-05-28 20:50:01,0,0,30.19471,73.27989
2025-05-28 20:50:01,0,0,30.19471,73.27989
2025-05-28 20:50:01,0,0,30.20353,69.95305
2025-05-28 20:50:01,0,0,30.20353,69.95305
2025-05-28 20:50:01,0,0,30.19765,67.81808
2025-05-28 20:50:01,0,0,30.19765,67.81808
2025-05-28 20:50:01,0,0,30.20059,65.24357
2025-05-28 20:50:01,0,0,30.20059,65.24357
2025-05-28 20:50:01,0,0,30.20059,63.91616
2025-05-28 20:50:01,0,0,30.20059,63.91616
2025-05-28 20:50:02,0,0,30.20353,74.3819
2025-05-28 20:50:02,0,0,30.20353,74.3819
2025-05-28 20:50:02,0,0,30.19471,56.31705
2025-05-28 20:50:02,0,0,30.19471,56.31705
2025-05-28 20:50:02,0,0,30.19765,76.37482
2025-05-28 20:50:02,0,0,30.19765,76.37482
2025-05-28 20:50:02,0,0,30.20353,69.82101
2025-05-28 20:50:02,0,0,30.20353,69.82101
2025-05-28 20:50:02,0,0,30.21529,74.49249
2025-05-28 20:50:02,0,0,30.21529,74.49249
2025-05-28 20:50:03,0,0,30.20941,78.16951
2025-05-28 20:50:03,0,0,30.20941,78.16951
2025-05-28 20:50:03,0,0,30.21235,78.38505
2025-05-28 20:50:03,0,0,30.21235,78.38505
2025-05-28 20:50:03,0,0,30.20941,78.35942
2025-05-28 20:50:03,0,0,30.20941,78.35942
2025-05-28 20:50:03,0,0,30.21529,78.41852
2025-05-28 20:50:03,0,0,30.21529,78.41852
2025-05-28 20:50:03,0,0,30.19765,78.44296
2025-05-28 20:50:03,0,0,30.19765,78.44296
2025-05-28 20:50:04,0,0,30.20647,78.46111
2025-05-28 20:50:04,0,0,30.20647,78.46111
2025-05-28 20:50:04,0,0,30.21235,78.49102
2025-05-28 20:50:04,0,0,30.21235,78.49102
2025-05-28 20:50:04,0,0,30.21824,78.58179
2025-05-28 20:50:04,0,0,30.21824,78.58179
2025-05-28 20:50:04,0,0,30.21529,78.51727
2025-05-28 20:50:04,0,0,30.21529,78.51727
2025-05-28 20:50:04,0,0,30.20647,78.40747
2025-05-28 20:50:04,0,0,30.20647,78.40747
2025-05-28 20:50:05,0,0,30.21235,78.75064
2025-05-28 20:50:05,0,0,30.21235,78.75064
2025-05-28 20:50:05,0,0,30.20647,87.4793
2025-05-28 20:50:05,0,0,30.20647,87.4793
2025-05-28 20:50:05,0,0,30.21235,79.78963
2025-05-28 20:50:05,0,0,30.21235,79.78963
2025-05-28 20:50:05,0,0,30.22118,74.4113
2025-05-28 20:50:05,0,0,30.22118,74.4113
2025-05-28 20:50:05,0,0,30.20353,71.30308
2025-05-28 20:50:05,0,0,30.20353,71.30308
2025-05-28 20:50:06,0,0,30.20059,75.25487
2025-05-28 20:50:06,0,0,30.20059,75.25487
2025-05-28 20:50:06,0,0,30.20059,62.76042
2025-05-28 20:50:06,0,0,30.20059,62.76042
2025-05-28 20:50:06,0,0,30.19471,68.49557
2025-05-28 20:50:06,0,0,30.19471,68.49557
2025-05-28 20:50:06,0,0,30.20059,66.18766
2025-05-28 20:50:06,0,0,30.20059,66.18766
2025-05-28 20:50:06,0,0,30.20059,60.97988
2025-05-28 20:50:06,0,0,30.20059,60.97988
2025-05-28 20:50:07,0,0,30.20353,72.45989
2025-05-28 20:50:07,0,0,30.20353,72.45989
2025-05-28 20:50:07,0,0,30.19471,69.78221
2025-05-28 20:50:07,0,0,30.19471,69.78221
2025-05-28 20:50:07,0,0,30.19176,68.48382
2025-05-28 20:50:07,0,0,30.19176,68.48382
2025-05-28 20:50:07,0,0,30.19471,74.4166
2025-05-28 20:50:07,0,0,30.19471,74.4166
2025-05-28 20:50:07,0,0,30.20059,62.66026
2025-05-28 20:50:07,0,0,30.20059,62.66026
2025-05-28 20:50:08,0,0,30.19765,68.35335
2025-05-28 20:50:08,0,0,30.19765,68.35335
2025-05-28 20:50:08,0,0,30.20059,66.66666
2025-05-28 20:50:08,0,0,30.20059,66.66666
2025-05-28 20:50:08,0,0,30.21235,74.65565
2025-05-28 20:50:08,0,0,30.21235,74.65565
2025-05-28 20:50:08,0,0,30.20941,62.35772
2025-05-28 20:50:08,0,0,30.20941,62.35772
2025-05-28 20:50:08,0,0,30.21235,69.15078
2025-05-28 20:50:08,0,0,30.21235,69.15078
2025-05-28 20:50:09,0,0,30.20353,68.05792
2025-05-28 20:50:09,0,0,30.20353,68.05792
2025-05-28 20:50:09,0,0,30.21235,64.71716
2025-05-28 20:50:09,0,0,30.21235,64.71716
2025-05-28 20:50:09,0,0,30.20941,75.17361
2025-05-28 20:50:09,0,0,30.20941,75.17361
2025-05-28 20:50:09,0,0,30.22118,71.54954
2025-05-28 20:50:09,0,0,30.22118,71.54954
2025-05-28 20:50:09,0,0,30.21529,66.85879
2025-05-28 20:50:09,0,0,30.21529,66.85879
2025-05-28 20:50:10,0,0,30.22118,69.34156
2025-05-28 20:50:10,0,0,30.22118,69.34156
2025-05-28 20:50:10,0,0,30.20647,58.6769
2025-05-28 20:50:10,0,0,30.20647,58.6769
2025-05-28 20:50:10,0,0,30.20647,67.04082
2025-05-28 20:50:10,0,0,30.20647,67.04082
2025-05-28 20:50:10,0,0,30.21529,67.16567
2025-05-28 20:50:10,0,0,30.21529,67.16567
2025-05-28 20:50:10,0,0,30.22412,65.88115
2025-05-28 20:50:10,0,0,30.22412,65.88115
2025-05-28 20:50:11,0,0,30.23,75.85859
2025-05-28 20:50:11,0,0,30.23,75.85859
2025-05-28 20:50:11,0,0,30.23,63.4378
2025-05-28 20:50:11,0,0,30.23,63.4378
2025-05-28 20:50:11,0,0,30.24176,66.73287
2025-05-28 20:50:11,0,0,30.24176,66.73287
2025-05-28 20:50:11,0,0,30.23,66.86047
2025-05-28 20:50:11,0,0,30.23,66.86047
2025-05-28 20:50:11,0,0,30.22706,74.36932
2025-05-28 20:50:11,0,0,30.22706,74.36932
2025-05-28 20:50:12,0,0,30.23294,60.79171
2025-05-28 20:50:12,0,0,30.23294,60.79171
2025-05-28 20:50:12,0,0,30.22706,66.56746
2025-05-28 20:50:12,0,0,30.22706,66.56746
2025-05-28 20:50:12,0,0,30.23294,64.12214
2025-05-28 20:50:12,0,0,30.23294,64.12214
2025-05-28 20:50:12,0,0,30.23,58.78906
2025-05-28 20:50:12,0,0,30.23,58.78906
2025-05-28 20:50:12,0,0,30.21529,70.2275
2025-05-28 20:50:12,0,0,30.21529,70.2275
2025-05-28 20:50:13,0,0,30.23294,67.43487
2025-05-28 20:50:13,0,0,30.23294,67.43487
2025-05-28 20:50:13,0,0,30.23882,67.28516
2025-05-28 20:50:13,0,0,30.23882,67.28516
2025-05-28 20:50:13,0,0,30.23,75.2495
2025-05-28 20:50:13,0,0,30.23,75.2495
2025-05-28 20:50:13,0,0,30.23588,61.30841
2025-05-28 20:50:13,0,0,30.23588,61.30841
2025-05-28 20:50:13,0,0,30.23,66.79842
2025-05-28 20:50:13,0,0,30.23,66.79842
2025-05-28 20:50:14,0,0,30.23,65.18804
2025-05-28 20:50:14,0,0,30.23,65.18804
2025-05-28 20:50:14,0,0,30.23882,60.60914
2025-05-28 20:50:14,0,0,30.23882,60.60914
2025-05-28 20:50:14,0,0,30.23294,71.69625
2025-05-28 20:50:14,0,0,30.23294,71.69625
2025-05-28 20:50:14,0,0,30.23294,66.7
2025-05-28 20:50:14,0,0,30.23294,66.7
2025-05-28 20:50:14,0,0,30.23882,65.21739
2025-05-28 20:50:14,0,0,30.23882,65.21739
2025-05-28 20:50:15,0,0,30.22118,61.99187
2025-05-28 20:50:15,0,0,30.22118,61.99187
2025-05-28 20:50:15,0,0,30.23588,71.85332
2025-05-28 20:50:15,0,0,30.23588,71.85332
2025-05-28 20:50:15,0,0,30.22706,67.90371
2025-05-28 20:50:15,0,0,30.22706,67.90371
2025-05-28 20:50:15,0,0,30.21235,67.38072
2025-05-28 20:50:15,0,0,30.21235,67.38072
2025-05-28 20:50:15,0,0,30.23294,76.16161
2025-05-28 20:50:15,0,0,30.23294,76.16161
2025-05-28 20:50:16,0,0,30.22118,60.2262
2025-05-28 20:50:16,0,0,30.22118,60.2262
2025-05-28 20:50:16,0,0,30.23294,66.63357
2025-05-28 20:50:16,0,0,30.23294,66.63357
2025-05-28 20:50:16,0,0,30.23,64.1419
2025-05-28 20:50:16,0,0,30.23,64.1419
2025-05-28 20:50:16,0,0,30.22412,61.29032
2025-05-28 20:50:16,0,0,30.22412,61.29032
2025-05-28 20:50:16,0,0,30.22412,71.81275
2025-05-28 20:50:16,0,0,30.22412,71.81275
2025-05-28 20:50:27,0,0,30.12118,72.25305
2025-05-28 20:50:27,0,0,30.12118,72.25305
2025-05-28 20:50:27,0,0,30.13,59.06542
2025-05-28 20:50:27,0,0,30.13,59.06542
2025-05-28 20:50:27,0,0,30.13294,66.29328
2025-05-28 20:50:27,0,0,30.13294,66.29328
2025-05-28 20:50:27,0,0,30.13,64.51302
2025-05-28 20:50:27,0,0,30.13,64.51302
2025-05-28 20:50:27,0,0,30.14177,66.72845
2025-05-28 20:50:27,0,0,30.14177,66.72845
2025-05-28 20:50:28,0,0,30.13882,61.15312
2025-05-28 20:50:28,0,0,30.13882,61.15312
2025-05-28 20:50:28,0,0,30.14765,67.44422
2025-05-28 20:50:28,0,0,30.14765,67.44422
2025-05-28 20:50:28,0,0,30.13882,64.77927
2025-05-28 20:50:28,0,0,30.13882,64.77927
2025-05-28 20:50:28,0,0,30.14765,75.07661
2025-05-28 20:50:28,0,0,30.14765,75.07661
2025-05-28 20:50:28,0,0,30.14765,67.6555
2025-05-28 20:50:29,0,0,30.13882,67.3019
2025-05-28 20:50:29,0,0,30.15353,65.17073
2025-05-28 20:50:28,0,0,30.14765,67.6555
2025-05-28 20:50:29,0,0,30.13882,67.3019
2025-05-28 20:50:29,0,0,30.15353,65.17073
2025-05-28 20:50:29,0,0,30.14471,75.70386
2025-05-28 20:50:29,0,0,30.14471,75.70386
2025-05-28 20:50:29,0,0,30.15647,67.60125
2025-05-28 20:50:29,0,0,30.15647,67.60125
2025-05-28 20:50:29,0,0,30.14471,66.73228
2025-05-28 20:50:29,0,0,30.14471,66.73228
2025-05-28 20:50:30,0,0,30.13882,65.89069
2025-05-28 20:50:30,0,0,30.13882,65.89069
2025-05-28 20:50:30,0,0,30.14765,58.56459
2025-05-28 20:50:30,0,0,30.14765,58.56459
2025-05-28 20:50:30,0,0,30.15353,65.83665
2025-05-28 20:50:30,0,0,30.15353,65.83665
2025-05-28 20:50:30,0,0,30.15059,66.73307
2025-05-28 20:50:30,0,0,30.15059,66.73307
2025-05-28 20:50:30,0,0,30.15059,64.6813
2025-05-28 20:50:30,0,0,30.15059,64.6813
2025-05-28 20:50:31,0,0,30.14765,58.16808
2025-05-28 20:50:31,0,0,30.14765,58.16808
2025-05-28 20:50:31,0,0,30.15941,66.24738
2025-05-28 20:50:31,0,0,30.15941,66.24738
2025-05-28 20:50:31,0,0,30.15647,65.09804
2025-05-28 20:50:31,0,0,30.15647,65.09804
2025-05-28 20:50:31,0,0,30.14765,64.07061
2025-05-28 20:50:31,0,0,30.14765,64.07061
2025-05-28 20:50:31,0,0,30.15647,73.04609
2025-05-28 20:50:31,0,0,30.15647,73.04609
2025-05-28 20:50:32,0,0,30.15353,68.75
2025-05-28 20:50:32,0,0,30.15353,68.75
2025-05-28 20:50:32,0,0,30.16235,66.53259
2025-05-28 20:50:32,0,0,30.16235,66.53259
2025-05-28 20:50:32,0,0,30.15353,75.79393
2025-05-28 20:50:32,0,0,30.15353,75.79393
2025-05-28 20:50:32,0,0,30.17412,67.48834
2025-05-28 20:50:32,0,0,30.17412,67.48834
2025-05-28 20:50:32,0,0,30.16824,70.69621
2025-05-28 20:50:32,0,0,30.16824,70.69621
2025-05-28 20:50:33,0,0,30.15353,72.29954
2025-05-28 20:50:33,0,0,30.15353,72.29954
2025-05-28 20:50:33,0,0,30.15059,65.78397
2025-05-28 20:50:33,0,0,30.15059,65.78397
2025-05-28 20:50:33,0,0,30.16824,71.55824
2025-05-28 20:50:33,0,0,30.16824,69.0508
2025-05-28 20:50:33,0,0,30.16824,71.55824
2025-05-28 20:50:33,0,0,30.16824,69.0508
2025-05-28 20:50:33,0,0,30.16824,67.14553
2025-05-28 20:50:33,0,0,30.16824,67.14553
2025-05-28 20:50:34,0,0,30.17706,74.10338
2025-05-28 20:50:34,0,0,30.17706,74.10338
2025-05-28 20:50:34,0,0,30.16529,74.52538
2025-05-28 20:50:34,0,0,30.16529,74.52538
2025-05-28 20:50:34,0,0,30.18588,76.64762
2025-05-28 20:50:34,0,0,30.18588,76.64762
2025-05-28 20:50:34,0,0,30.18882,79.06584
2025-05-28 20:50:34,0,0,30.18882,79.06584
2025-05-28 20:50:34,0,0,30.18294,71.58809
2025-05-28 20:50:34,0,0,30.18294,71.58809
2025-05-28 20:50:35,0,0,30.20647,71.15637
2025-05-28 20:50:35,0,0,30.20647,71.15637
2025-05-28 20:50:35,0,0,30.18882,74.51657
2025-05-28 20:50:35,0,0,30.18882,74.51657
2025-05-28 20:50:35,0,0,30.20353,66.26506
2025-05-28 20:50:35,0,0,30.20353,66.26506
2025-05-28 20:50:35,0,0,30.19765,70.52322
2025-05-28 20:50:35,0,0,30.19765,70.52322
2025-05-28 20:50:35,0,0,30.19471,63.02895
2025-05-28 20:50:35,0,0,30.19471,63.02895
2025-05-28 20:50:36,0,0,30.20353,87.61992
2025-05-28 20:50:36,0,0,30.20353,87.61992
2025-05-28 20:50:36,0,0,30.20353,67.31663
2025-05-28 20:50:36,0,0,30.20353,67.31663
2025-05-28 20:50:36,0,0,30.20353,77.64917
2025-05-28 20:50:36,0,0,30.20353,77.64917
2025-05-28 20:50:36,0,0,30.20941,78.49899
2025-05-28 20:50:36,0,0,30.20941,78.49899
2025-05-28 20:50:36,0,0,30.21824,78.6606
2025-05-28 20:50:36,0,0,30.21824,78.6606
2025-05-28 20:50:37,0,0,30.21235,78.8497
2025-05-28 20:50:37,0,0,30.21235,78.8497
2025-05-28 20:50:37,0,0,30.21235,78.83679
2025-05-28 20:50:37,0,0,30.21235,78.83679
2025-05-28 20:50:37,0,0,30.21824,78.83424
2025-05-28 20:50:37,0,0,30.21824,78.83424
2025-05-28 20:50:37,0,0,30.21824,78.92651
2025-05-28 20:50:37,0,0,30.21824,78.92651
2025-05-28 20:50:37,0,0,30.21235,78.84523
2025-05-28 20:50:37,0,0,30.21235,78.84523
2025-05-28 20:50:38,0,0,30.21824,78.87482
2025-05-28 20:50:38,0,0,30.21824,78.87482
2025-05-28 20:50:38,0,0,30.22118,80.74892
2025-05-28 20:50:38,0,0,30.22118,80.74892
2025-05-28 20:50:38,0,0,30.22118,76.34023
2025-05-28 20:50:38,0,0,30.22118,76.34023
2025-05-28 20:50:38,0,0,30.22412,59.98902
2025-05-28 20:50:38,0,0,30.22412,59.98902
2025-05-28 20:50:38,0,0,30.21529,75.23917
2025-05-28 20:50:38,0,0,30.21529,75.23917
2025-05-28 20:50:39,0,0,30.22412,77.96713
2025-05-28 20:50:39,0,0,30.22412,77.96713
2025-05-28 20:50:39,0,0,30.20941,78.48083
2025-05-28 20:50:39,0,0,30.20941,78.48083
2025-05-28 20:50:39,0,0,30.22412,78.59941
2025-05-28 20:50:39,0,0,30.22412,78.59941
2025-05-28 20:50:39,0,0,30.22706,78.67469
2025-05-28 20:50:39,0,0,30.22706,78.67469
2025-05-28 20:50:39,0,0,30.22412,78.72201
2025-05-28 20:50:39,0,0,30.22412,78.72201
2025-05-28 20:50:40,0,0,30.22118,78.725
2025-05-28 20:50:40,0,0,30.22118,78.725
2025-05-28 20:50:40,0,0,30.20941,78.8121
2025-05-28 20:50:40,0,0,30.20941,78.8121
2025-05-28 20:50:40,0,0,30.22118,78.83556
2025-05-28 20:50:40,0,0,30.22118,78.83556
2025-05-28 20:50:40,0,0,30.23294,78.83627
2025-05-28 20:50:40,0,0,30.23294,78.83627
2025-05-28 20:50:40,0,0,30.20941,78.71667
2025-05-28 20:50:40,0,0,30.20941,78.71667
2025-05-28 20:50:41,0,0,30.20941,78.71042
2025-05-28 20:50:41,0,0,30.20941,78.71042
2025-05-28 20:50:41,0,0,30.21235,78.59785
2025-05-28 20:50:41,0,0,30.21235,78.59785
2025-05-28 20:50:41,0,0,30.21824,78.66647
2025-05-28 20:50:41,0,0,30.21824,78.66647
2025-05-28 20:50:41,0,0,30.22706,78.52052
2025-05-28 20:50:41,0,0,30.22706,78.52052
2025-05-28 20:53:54,0,0,29.43882,74.53348
2025-05-28 20:53:54,0,0,29.45647,68.8326
2025-05-28 20:53:54,0,0,29.43882,66.84492
2025-05-28 20:53:54,0,0,29.44176,79.274
2025-05-28 20:53:55,0,0,29.43882,69.81132
2025-05-28 20:53:55,0,0,29.43882,69.81132
2025-05-28 20:53:55,0,0,29.44765,69.40298
2025-05-28 20:53:55,0,0,29.44765,69.40298
2025-05-28 20:53:55,0,0,29.44176,64.43941
2025-05-28 20:53:55,0,0,29.44176,64.43941
2025-05-28 20:53:55,0,0,29.44471,74.42873
2025-05-28 20:53:55,0,0,29.44471,74.42873
2025-05-28 20:53:55,0,0,29.43882,69.11111
2025-05-28 20:53:55,0,0,29.43882,69.11111
2025-05-28 20:53:56,0,0,29.44176,67.10239
2025-05-28 20:53:56,0,0,29.44176,67.10239
2025-05-28 20:53:56,0,0,29.43588,79.18089
2025-05-28 20:53:56,0,0,29.43588,79.18089
2025-05-28 20:53:56,0,0,29.44765,67.52336
2025-05-28 20:53:56,0,0,29.44765,67.52336
2025-05-28 20:53:56,0,0,29.43294,69.19786
2025-05-28 20:53:56,0,0,29.43294,69.19786
2025-05-28 20:53:56,0,0,29.43588,60.36717
2025-05-28 20:53:56,0,0,29.43588,60.36717
2025-05-28 20:53:57,0,0,29.43,64.21826
2025-05-28 20:53:57,0,0,29.43,64.21826
2025-05-28 20:53:57,0,0,29.43,69.1796
2025-05-28 20:53:57,0,0,29.43,69.1796
2025-05-28 20:53:57,0,0,29.42706,74.8578
2025-05-28 20:53:57,0,0,29.42706,74.8578
2025-05-28 20:53:57,0,0,29.43,76.69257
2025-05-28 20:53:57,0,0,29.43,76.69257
2025-05-28 20:53:57,0,0,29.43294,69.19692
2025-05-28 20:53:57,0,0,29.43294,69.19692
2025-05-28 20:53:58,0,0,29.42412,69.23077
2025-05-28 20:53:58,0,0,29.42412,69.23077
2025-05-28 20:53:58,0,0,29.42118,59.80392
2025-05-28 20:53:58,0,0,29.42118,59.80392
2025-05-28 20:53:58,0,0,29.40647,69.48198
2025-05-28 20:53:58,0,0,29.40647,69.48198
2025-05-28 20:53:58,0,0,29.43,69.14779
2025-05-28 20:53:58,0,0,29.43,69.14779
2025-05-28 20:53:58,0,0,29.41529,61.19074
2025-05-28 20:53:58,0,0,29.41529,61.19074
2025-05-28 20:53:59,0,0,29.42118,62.16216
2025-05-28 20:53:59,0,0,29.42118,62.16216
2025-05-28 20:53:59,0,0,29.42118,68.59689
2025-05-28 20:53:59,0,0,29.42118,68.59689
2025-05-28 20:53:59,0,0,29.41824,68.88889
2025-05-28 20:53:59,0,0,29.41824,68.88889
2025-05-28 20:53:59,0,0,29.40059,59.27505
2025-05-28 20:53:59,0,0,29.40059,59.27505
2025-05-28 20:53:59,0,0,29.40647,66.20022
2025-05-28 20:53:59,0,0,29.40647,66.20022
2025-05-28 20:54:00,0,0,29.41529,67.75956
2025-05-28 20:54:00,0,0,29.41529,67.75956
2025-05-28 20:54:00,0,0,29.40059,72.48859
2025-05-28 20:54:00,0,0,29.40059,72.48859
2025-05-28 20:54:00,0,0,29.41529,71.86836
2025-05-28 20:54:00,0,0,29.41529,71.86836
2025-05-28 20:54:00,0,0,29.40647,70.64846
2025-05-28 20:54:00,0,0,29.40647,70.64846
2025-05-28 20:54:00,0,0,29.41235,66.34615
2025-05-28 20:54:00,0,0,29.41235,66.34615
2025-05-28 20:54:01,0,0,29.40941,77.94118
2025-05-28 20:54:01,0,0,29.40941,77.94118
2025-05-28 20:54:01,0,0,29.40353,70.85651
2025-05-28 20:54:01,0,0,29.40353,70.85651
2025-05-28 20:54:01,0,0,29.39471,69.43231
2025-05-28 20:54:01,0,0,29.39471,69.43231
2025-05-28 20:54:01,0,0,29.39471,65.41618
2025-05-28 20:54:01,0,0,29.39471,65.41618
2025-05-28 20:54:01,0,0,29.40353,60.78838
2025-05-28 20:54:01,0,0,29.40353,60.78838
2025-05-28 20:54:02,0,0,29.39765,70.0565
2025-05-28 20:54:02,0,0,29.39765,70.0565
2025-05-28 20:54:02,0,0,29.39471,66.52361
2025-05-28 20:54:02,0,0,29.39471,66.52361
2025-05-28 20:54:02,0,0,29.40059,76.89694
2025-05-28 20:54:02,0,0,29.40059,76.89694
2025-05-28 20:54:02,0,0,29.38882,68.68452
2025-05-28 20:54:02,0,0,29.38882,68.68452
2025-05-28 20:54:02,0,0,29.39765,68.67599
2025-05-28 20:54:02,0,0,29.39765,68.67599
2025-05-28 20:54:03,0,0,29.39765,63.81503
2025-05-28 20:54:03,0,0,29.39765,63.81503
2025-05-28 20:54:03,0,0,29.39471,62.24067
2025-05-28 20:54:03,0,0,29.39471,62.24067
2025-05-28 20:54:03,0,0,29.38588,69.32447
2025-05-28 20:54:03,0,0,29.38588,69.32447
2025-05-28 20:54:03,0,0,29.39177,67.93893
2025-05-28 20:54:03,0,0,29.39177,67.93893
2025-05-28 20:54:03,0,0,29.38,78.7472
2025-05-28 20:54:03,0,0,29.38,78.7472
2025-05-28 20:54:04,0,0,29.38294,67.47968
2025-05-28 20:54:04,0,0,29.38294,67.47968
2025-05-28 20:54:04,0,0,29.37706,69.77492
2025-05-28 20:54:04,0,0,29.37706,69.77492
2025-05-28 20:54:04,0,0,29.39471,60.36325
2025-05-28 20:54:04,0,0,29.39471,60.36325
2025-05-28 20:54:04,0,0,29.37706,64.72458
2025-05-28 20:54:04,0,0,29.37706,64.72458
2025-05-28 20:54:04,0,0,29.37706,68.66002
2025-05-28 20:54:04,0,0,29.37706,68.66002
2025-05-28 20:54:05,0,0,29.37706,73.38618
2025-05-28 20:54:05,0,0,29.37706,73.38618
2025-05-28 20:54:05,0,0,29.40353,73.87978
2025-05-28 20:54:05,0,0,29.40353,73.87978
2025-05-28 20:54:05,0,0,29.38,68.37417
2025-05-28 20:54:05,0,0,29.38,68.37417
2025-05-28 20:54:05,0,0,29.39177,68.7974
2025-05-28 20:54:05,0,0,29.39177,68.7974
2025-05-28 20:54:05,0,0,29.39471,60
2025-05-28 20:54:05,0,0,29.39471,60
2025-05-28 20:54:06,0,0,29.38882,70.16949
2025-05-28 20:54:06,0,0,29.38882,70.16949
2025-05-28 20:54:06,0,0,29.38294,66.59552
2025-05-28 20:54:06,0,0,29.38294,66.59552
2025-05-28 20:54:06,0,0,29.38882,79.24744
2025-05-28 20:54:06,0,0,29.38882,79.24744
2025-05-28 20:54:06,0,0,29.38882,69.74128
2025-05-28 20:54:06,0,0,29.38882,69.74128
2025-05-28 20:54:07,0,0,29.38,69.83784
2025-05-28 20:54:07,0,0,29.38,69.83784
2025-05-28 20:54:07,0,0,29.38882,62.92135
2025-05-28 20:54:07,0,0,29.38882,62.92135
2025-05-28 20:54:07,0,0,29.37706,62.58993
2025-05-28 20:54:07,0,0,29.37706,62.58993
2025-05-28 20:54:07,0,0,29.38882,69.70033
2025-05-28 20:54:07,0,0,29.38882,69.70033
2025-05-28 20:54:07,0,0,29.38294,70.34949
2025-05-28 20:54:07,0,0,29.38294,70.34949
2025-05-28 20:54:08,0,0,29.38,77.69231
2025-05-28 20:54:08,0,0,29.38,77.69231
2025-05-28 20:54:08,0,0,29.38882,68.96552
2025-05-28 20:54:08,0,0,29.38882,68.96552
2025-05-28 20:54:08,0,0,29.38,69.8174
2025-05-28 20:54:08,0,0,29.38,69.8174
2025-05-28 20:54:08,0,0,29.36529,59.91379
2025-05-28 20:54:08,0,0,29.36529,59.91379
2025-05-28 20:54:08,0,0,29.36823,70.3456
2025-05-28 20:54:08,0,0,29.36823,70.3456
2025-05-28 20:54:09,0,0,29.37706,69.47836
2025-05-28 20:54:09,0,0,29.37706,69.47836
2025-05-28 20:54:09,0,0,29.37412,64.19467
2025-05-28 20:54:09,0,0,29.37412,64.19467
2025-05-28 20:54:09,0,0,29.37412,60.80247
2025-05-28 20:54:09,0,0,29.37412,60.80247
2025-05-28 20:54:09,0,0,29.36823,69.6868
2025-05-28 20:54:09,0,0,29.36823,69.6868
2025-05-28 20:54:09,0,0,29.36529,67.74541
2025-05-28 20:54:09,0,0,29.36529,67.74541
2025-05-28 20:54:10,0,0,29.35941,71.23849
2025-05-28 20:54:10,0,0,29.35941,71.23849
2025-05-28 20:54:10,0,0,29.35647,69.07675
2025-05-28 20:54:10,0,0,29.35647,69.07675
2025-05-28 20:54:10,0,0,29.34765,66.56084
2025-05-28 20:54:10,0,0,29.34765,66.56084
2025-05-28 20:54:10,0,0,29.34765,77.20504
2025-05-28 20:54:10,0,0,29.34765,77.20504
2025-05-28 20:54:10,0,0,29.35059,73.21041
2025-05-28 20:54:10,0,0,29.35059,73.21041
2025-05-28 20:54:11,0,0,29.34765,68.52058
2025-05-28 20:54:11,0,0,29.34765,68.52058
2025-05-28 20:54:11,0,0,29.33588,68.91593
2025-05-28 20:54:11,0,0,29.33588,68.91593
2025-05-28 20:54:11,0,0,29.34471,78.06524
2025-05-28 20:54:11,0,0,29.34471,78.06524
2025-05-28 20:54:11,0,0,29.33882,68.31797
2025-05-28 20:54:11,0,0,29.33882,68.31797
2025-05-28 20:54:11,0,0,29.33882,69.28034
2025-05-28 20:54:11,0,0,29.33882,69.28034
2025-05-28 20:54:12,0,0,29.35353,61.62403
2025-05-28 20:54:12,0,0,29.35353,61.62403
2025-05-28 20:54:12,0,0,29.35353,62.60417
2025-05-28 20:54:12,0,0,29.35353,62.60417
2025-05-28 20:54:12,0,0,29.36235,69.23925
2025-05-28 20:54:12,0,0,29.36235,69.23925
2025-05-28 20:54:12,0,0,29.35941,67.67896
2025-05-28 20:54:12,0,0,29.35941,67.67896
2025-05-28 20:54:12,0,0,29.35353,77.82806
2025-05-28 20:54:12,0,0,29.35353,77.82806
2025-05-28 20:54:13,0,0,29.35353,67.49409
2025-05-28 20:54:13,0,0,29.35353,67.49409
2025-05-28 20:54:13,0,0,29.35647,69.33911
2025-05-28 20:54:13,0,0,29.35647,69.33911
2025-05-28 20:54:13,0,0,29.34176,64.83391
2025-05-28 20:54:13,0,0,29.34176,64.83391
2025-05-28 20:54:13,0,0,29.33,60.68465
2025-05-28 20:54:13,0,0,29.33,60.68465
2025-05-28 20:54:13,0,0,29.33294,70.04504
2025-05-28 20:54:13,0,0,29.33294,70.04504
2025-05-28 20:54:14,0,0,29.32118,66.66666
2025-05-28 20:54:14,0,0,29.32118,66.66666
2025-05-28 20:54:14,0,0,29.33588,79.05882
2025-05-28 20:54:14,0,0,29.33588,79.05882
2025-05-28 20:54:14,0,0,29.35647,70.30717
2025-05-28 20:54:14,0,0,29.35647,70.30717
2025-05-28 20:54:14,0,0,29.34176,69.62719
2025-05-28 20:54:14,0,0,29.34176,69.62719
2025-05-28 20:54:14,0,0,29.35059,66.08392
2025-05-28 20:54:14,0,0,29.35059,66.08392
2025-05-28 20:54:15,0,0,29.34765,60.35015
2025-05-28 20:54:15,0,0,29.34765,60.35015
2025-05-28 20:54:15,0,0,29.35353,68.90849
2025-05-28 20:54:15,0,0,29.35353,68.90849
2025-05-28 20:54:15,0,0,29.33,67.23586
2025-05-28 20:54:15,0,0,29.33,67.23586
2025-05-28 20:54:15,0,0,29.34176,78.92377
2025-05-28 20:54:15,0,0,29.34176,78.92377
2025-05-28 20:54:15,0,0,29.33,70.9856
2025-05-28 20:54:15,0,0,29.33,70.9856
2025-05-28 20:54:16,0,0,29.34471,69.4414
2025-05-28 20:54:16,0,0,29.34471,69.4414
2025-05-28 20:54:16,0,0,29.34471,65.15679
2025-05-28 20:54:16,0,0,29.34471,65.15679
2025-05-28 20:54:16,0,0,29.35059,60.84211
2025-05-28 20:54:16,0,0,29.35059,60.84211
2025-05-28 20:54:16,0,0,29.32118,69.97768
2025-05-28 20:54:16,0,0,29.32118,69.97768
2025-05-28 20:54:16,0,0,29.34176,65.99789
2025-05-28 20:54:16,0,0,29.34176,65.99789
2025-05-28 20:54:17,0,0,29.34176,78.23661
2025-05-28 20:54:17,0,0,29.34176,78.23661
2025-05-28 20:54:17,0,0,29.33,71.5859
2025-05-28 20:54:17,0,0,29.33,71.5859
2025-05-28 20:54:17,0,0,29.32706,68.54305
2025-05-28 20:54:17,0,0,29.32706,68.54305
2025-05-28 20:54:17,0,0,29.33588,66.32302
2025-05-28 20:54:17,0,0,29.33588,66.32302
2025-05-28 20:54:17,0,0,29.33588,60.22964
2025-05-28 20:54:17,0,0,29.33588,60.22964
2025-05-28 20:54:18,0,0,29.33294,70.7483
2025-05-28 20:54:18,0,0,29.33294,70.7483
2025-05-28 20:54:18,0,0,29.31235,69.51871
2025-05-28 20:54:18,0,0,29.31235,69.51871
2025-05-28 20:54:18,0,0,29.32706,59.60699
2025-05-28 20:54:18,0,0,29.32706,59.60699
2025-05-28 20:54:18,0,0,29.32412,65.88486
2025-05-28 20:54:18,0,0,29.32412,65.88486
2025-05-28 20:54:18,0,0,29.31235,68.19172
2025-05-28 20:54:18,0,0,29.31235,68.19172
2025-05-28 20:54:19,0,0,29.31529,76.4774
2025-05-28 20:54:19,0,0,29.31529,76.4774
2025-05-28 20:54:19,0,0,29.32412,74.09041
2025-05-28 20:54:19,0,0,29.32412,74.09041
2025-05-28 20:54:19,0,0,29.34765,68.46748
2025-05-28 20:54:19,0,0,29.34765,68.46748
2025-05-28 20:54:19,0,0,29.31824,67.46303
2025-05-28 20:54:19,0,0,29.31824,67.46303
2025-05-28 20:54:19,0,0,29.34471,60.14644
2025-05-28 20:54:19,0,0,29.34471,60.14644
2025-05-28 20:54:20,0,0,29.32706,70.40359
2025-05-28 20:54:20,0,0,29.32706,70.40359
2025-05-28 20:54:20,0,0,29.30647,67.4946
2025-05-28 20:54:20,0,0,29.30647,67.4946
2025-05-28 20:54:20,0,0,29.33588,60.83151
2025-05-28 20:54:20,0,0,29.33588,60.83151
2025-05-28 20:54:20,0,0,29.33588,71.56287
2025-05-28 20:54:20,0,0,29.33588,71.56287
2025-05-28 20:54:20,0,0,29.32118,66.91649
2025-05-28 20:54:20,0,0,29.32118,66.91649
2025-05-28 20:54:21,0,0,29.31235,78.10719
2025-05-28 20:54:21,0,0,29.31235,78.10719
2025-05-28 20:54:21,0,0,29.32706,71.49075
2025-05-28 20:54:21,0,0,29.32706,71.49075
2025-05-28 20:54:21,0,0,29.33294,67.98245
2025-05-28 20:54:21,0,0,29.33294,67.98245
2025-05-28 20:54:21,0,0,29.33,66.74312
2025-05-28 20:54:21,0,0,29.33,66.74312
2025-05-28 20:54:21,0,0,29.31529,61.03485
2025-05-28 20:54:21,0,0,29.31529,61.03485
2025-05-28 20:54:22,0,0,29.32118,70.27335
2025-05-28 20:54:22,0,0,29.32118,70.27335
2025-05-28 20:54:22,0,0,29.31824,66.3482
2025-05-28 20:54:22,0,0,29.31824,66.3482
2025-05-28 20:54:22,0,0,29.31824,77.89001
2025-05-28 20:54:22,0,0,29.31824,77.89001
2025-05-28 20:54:22,0,0,29.30647,71.42857
2025-05-28 20:54:22,0,0,29.30647,71.42857
2025-05-28 20:54:22,0,0,29.31529,68.02646
2025-05-28 20:54:22,0,0,29.31529,68.02646
2025-05-28 20:54:23,0,0,29.30353,68.0947
2025-05-28 20:54:23,0,0,29.30353,68.0947
2025-05-28 20:54:23,0,0,29.31824,59.05263
2025-05-28 20:54:23,0,0,29.31824,59.05263
2025-05-28 20:54:23,0,0,29.31235,69.95465
2025-05-28 20:54:23,0,0,29.31235,69.95465
2025-05-28 20:54:23,0,0,29.31529,67.53529
2025-05-28 20:54:23,0,0,29.31529,67.53529
2025-05-28 20:54:23,0,0,29.31824,77.38095
2025-05-28 20:54:23,0,0,29.31824,77.38095
2025-05-28 20:54:24,0,0,29.31529,74.67249
2025-05-28 20:54:24,0,0,29.31529,74.67249
2025-05-28 20:54:24,0,0,29.31235,68.69469
2025-05-28 20:54:24,0,0,29.31235,68.69469
2025-05-28 20:54:24,0,0,29.30647,69.25602
2025-05-28 20:54:24,0,0,29.30647,69.25602
2025-05-28 20:54:24,0,0,29.30353,58.68644
2025-05-28 20:54:24,0,0,29.30353,58.68644
2025-05-28 20:54:24,0,0,29.32118,67.66335
2025-05-28 20:54:24,0,0,29.32118,67.66335
2025-05-28 20:54:25,0,0,29.31235,68.55277
2025-05-28 20:54:25,0,0,29.31235,68.55277
2025-05-28 20:54:25,0,0,29.30941,74.21171
2025-05-28 20:54:25,0,0,29.30941,74.21171
2025-05-28 20:54:25,0,0,29.29471,75.68757
2025-05-28 20:54:25,0,0,29.29471,75.68757
2025-05-28 20:54:25,0,0,29.30647,68.33891
2025-05-28 20:54:25,0,0,29.30647,68.33891
2025-05-28 20:54:25,0,0,29.31235,68.9468
2025-05-28 20:54:25,0,0,29.31235,68.9468
2025-05-28 20:54:26,0,0,29.31235,59.15493
2025-05-28 20:54:26,0,0,29.31235,59.15493
2025-05-28 20:54:26,0,0,29.31824,67.54386
2025-05-28 20:54:26,0,0,29.31824,67.54386
2025-05-28 20:54:26,0,0,29.31235,68.63388
2025-05-28 20:54:26,0,0,29.31235,68.63388
2025-05-28 20:54:26,0,0,29.29471,73.34096
2025-05-28 20:54:26,0,0,29.29471,73.34096
2025-05-28 20:54:26,0,0,29.30059,75.19209
2025-05-28 20:54:26,0,0,29.30059,75.19209
2025-05-28 20:54:27,0,0,29.30353,68.58407
2025-05-28 20:54:27,0,0,29.30353,68.58407
2025-05-28 20:54:27,0,0,29.29765,69.39426
2025-05-28 20:54:27,0,0,29.29765,69.39426
2025-05-28 20:54:27,0,0,29.29177,59.72073
2025-05-28 20:54:27,0,0,29.29177,59.72073
2025-05-28 20:54:27,0,0,29.28588,65.18047
2025-05-28 20:54:27,0,0,29.28588,65.18047
2025-05-28 20:54:27,0,0,29.28,68.17181
2025-05-28 20:54:27,0,0,29.28,68.17181
2025-05-28 20:54:28,0,0,29.28882,73.11586
2025-05-28 20:54:28,0,0,29.28882,73.11586
2025-05-28 20:54:28,0,0,29.28882,75.96472
2025-05-28 20:54:28,0,0,29.28882,75.96472
2025-05-28 20:54:28,0,0,29.29177,68.76379
2025-05-28 20:54:28,0,0,29.29177,68.76379
2025-05-28 20:54:28,0,0,29.30353,66.45834
2025-05-28 20:54:28,0,0,29.30353,66.45834
2025-05-28 20:54:28,0,0,29.28588,77.59382
2025-05-28 20:54:28,0,0,29.28588,77.59382
2025-05-28 20:54:29,0,0,29.30647,71.17516
2025-05-28 20:54:29,0,0,29.30647,71.17516
2025-05-28 20:54:29,0,0,29.29177,68.64224
2025-05-28 20:54:29,0,0,29.29177,68.64224
2025-05-28 20:54:29,0,0,29.30353,66.06129
2025-05-28 20:54:29,0,0,29.30353,66.06129
2025-05-28 20:54:29,0,0,29.29765,69.67509
2025-05-28 20:54:29,0,0,29.29765,69.67509
2025-05-28 20:54:29,0,0,29.29471,68.54928
2025-05-28 20:54:29,0,0,29.29471,68.54928
2025-05-28 20:54:30,0,0,29.28882,69.07327
2025-05-28 20:54:30,0,0,29.28882,69.07327
2025-05-28 20:54:30,0,0,29.27118,59.70149
2025-05-28 20:54:30,0,0,29.27118,59.70149
2025-05-28 20:54:30,0,0,29.28,65.48387
2025-05-28 20:54:30,0,0,29.28,65.48387
2025-05-28 20:54:30,0,0,29.29177,69.19692
2025-05-28 20:54:30,0,0,29.29177,69.19692
2025-05-28 20:54:30,0,0,29.28882,67.31207
2025-05-28 20:54:30,0,0,29.28882,67.31207
2025-05-28 20:54:31,0,0,29.28882,59.48186
2025-05-28 20:54:31,0,0,29.28882,59.48186
2025-05-28 20:54:31,0,0,29.28294,70.68182
2025-05-28 20:54:31,0,0,29.28294,70.68182
2025-05-28 20:54:31,0,0,29.28588,65.89229
2025-05-28 20:54:31,0,0,29.28588,65.89229
2025-05-28 20:54:31,0,0,29.27118,77.64045
2025-05-28 20:54:31,0,0,29.27118,77.64045
2025-05-28 20:54:31,0,0,29.27706,70.48458
2025-05-28 20:54:31,0,0,29.27706,70.48458
2025-05-28 20:54:32,0,0,29.27706,68.44978
2025-05-28 20:54:32,0,0,29.27706,68.44978
2025-05-28 20:54:32,0,0,29.28588,64.58823
2025-05-28 20:54:32,0,0,29.28588,64.58823
2025-05-28 20:54:32,0,0,29.27412,60.72539
2025-05-28 20:54:32,0,0,29.27412,60.72539
2025-05-28 20:54:32,0,0,29.27706,69.64286
2025-05-28 20:54:32,0,0,29.27706,69.64286
2025-05-28 20:54:32,0,0,29.28294,69.21444
2025-05-28 20:54:32,0,0,29.28294,69.21444
2025-05-28 20:54:33,0,0,29.2653,59.86985
2025-05-28 20:54:33,0,0,29.2653,59.86985
2025-05-28 20:54:33,0,0,29.26824,66.23517
2025-05-28 20:54:33,0,0,29.26824,66.23517
2025-05-28 20:54:33,0,0,29.26824,68.68906
2025-05-28 20:54:33,0,0,29.26824,68.68906
2025-05-28 20:54:33,0,0,29.27706,63.2
2025-05-28 20:54:33,0,0,29.27706,63.2
2025-05-28 20:54:33,0,0,29.2653,61.79775
2025-05-28 20:54:33,0,0,29.2653,61.79775
2025-05-28 20:54:34,0,0,29.2653,69.12088
2025-05-28 20:54:34,0,0,29.2653,69.12088
2025-05-28 20:54:34,0,0,29.27706,69.07675
2025-05-28 20:54:34,0,0,29.27706,69.07675
2025-05-28 20:54:34,0,0,29.27706,76.75439
2025-05-28 20:54:34,0,0,29.27706,76.75439
2025-05-28 20:54:34,0,0,29.27412,69.08267
2025-05-28 20:54:34,0,0,29.27412,69.08267
2025-05-28 20:54:34,0,0,29.2653,69.41799
2025-05-28 20:54:34,0,0,29.2653,69.41799
2025-05-28 20:54:35,0,0,29.27412,58.84245
2025-05-28 20:54:35,0,0,29.27412,58.84245
2025-05-28 20:54:35,0,0,29.28294,65.66524
2025-05-28 20:54:35,0,0,29.28294,65.66524
2025-05-28 20:54:35,0,0,29.26824,68.42105
2025-05-28 20:54:35,0,0,29.26824,68.42105
2025-05-28 20:54:35,0,0,29.27118,73.08559
2025-05-28 20:54:35,0,0,29.27118,73.08559
2025-05-28 20:54:35,0,0,29.29471,74.61024
2025-05-28 20:54:35,0,0,29.29471,74.61024
2025-05-28 20:54:36,0,0,29.26824,69.00329
2025-05-28 20:54:36,0,0,29.27412,68.43267
2025-05-28 20:54:36,0,0,29.26824,69.00329
2025-05-28 20:54:36,0,0,29.27412,68.43267
2025-05-28 20:54:36,0,0,29.27706,59.72073
2025-05-28 20:54:36,0,0,29.27706,59.72073
2025-05-28 20:54:36,0,0,29.27706,70.79037
2025-05-28 20:54:36,0,0,29.27706,70.79037
2025-05-28 20:54:36,0,0,29.27412,66.23932
2025-05-28 20:54:36,0,0,29.27412,66.23932
2025-05-28 20:54:37,0,0,29.28,76.37795
2025-05-28 20:54:37,0,0,29.28,76.37795
2025-05-28 20:54:37,0,0,29.27118,73.7352
2025-05-28 20:54:37,0,0,29.27118,73.7352
2025-05-28 20:54:37,0,0,29.27706,68.3278
2025-05-28 20:54:37,0,0,29.27706,68.3278
2025-05-28 20:54:37,0,0,29.27706,68.41518
2025-05-28 20:54:37,0,0,29.27706,68.41518
2025-05-28 20:54:37,0,0,29.27412,59.91333
2025-05-28 20:54:37,0,0,29.27412,59.91333
2025-05-28 20:54:38,0,0,29.27412,69.72067
2025-05-28 20:54:38,0,0,29.27412,69.72067
2025-05-28 20:54:38,0,0,29.27412,67.28061
2025-05-28 20:54:38,0,0,29.27412,67.28061
2025-05-28 20:54:38,0,0,29.26235,74.54955
2025-05-28 20:54:38,0,0,29.26235,74.54955
2025-05-28 20:54:38,0,0,29.24471,74.88987
2025-05-28 20:54:38,0,0,29.24471,74.88987
2025-05-28 20:54:38,0,0,29.24471,69.37639
2025-05-28 20:54:38,0,0,29.24471,69.37639
2025-05-28 20:54:39,0,0,29.25353,66.38298
2025-05-28 20:54:39,0,0,29.25353,66.38298
2025-05-28 20:54:39,0,0,29.25059,78.37838
2025-05-28 20:54:39,0,0,29.25059,78.37838
2025-05-28 20:54:39,0,0,29.26235,69.33639
2025-05-28 20:54:39,0,0,29.26235,69.33639
2025-05-28 20:54:39,0,0,29.25941,69.16488
2025-05-28 20:54:39,0,0,29.25941,69.16488
2025-05-28 20:54:39,0,0,29.2653,70.92458
2025-05-28 20:54:39,0,0,29.2653,70.92458
2025-05-28 20:54:40,0,0,29.25941,74.10229
2025-05-28 20:54:40,0,0,29.25941,74.10229
2025-05-28 20:54:40,0,0,29.25353,68.9769
2025-05-28 20:54:40,0,0,29.25353,68.9769
2025-05-28 20:54:40,0,0,29.27118,68.63388
2025-05-28 20:54:40,0,0,29.27118,68.63388
2025-05-28 20:54:40,0,0,29.25941,59.55414
2025-05-28 20:54:40,0,0,29.25941,59.55414
2025-05-28 20:54:40,0,0,29.26235,71.10091
2025-05-28 20:54:40,0,0,29.26235,71.10091
2025-05-28 20:54:41,0,0,29.25941,68.91747
2025-05-28 20:54:41,0,0,29.25941,68.91747
2025-05-28 20:54:41,0,0,29.25353,78.63535
2025-05-28 20:54:41,0,0,29.25353,78.63535
2025-05-28 20:54:41,0,0,29.25941,71.64668
2025-05-28 20:54:41,0,0,29.25941,71.64668
2025-05-28 20:54:41,0,0,29.27118,68.00434
2025-05-28 20:54:41,0,0,29.27118,68.00434
2025-05-28 20:54:41,0,0,29.26824,66.89896
2025-05-28 20:54:41,0,0,29.26824,66.89896
2025-05-28 20:54:42,0,0,29.25941,60.70686
2025-05-28 20:54:42,0,0,29.25941,60.70686
2025-05-28 20:54:42,0,0,29.25647,69.66666
2025-05-28 20:54:42,0,0,29.25647,69.66666
2025-05-28 20:54:42,0,0,29.24176,65.6811
2025-05-28 20:54:42,0,0,29.24176,65.6811
2025-05-28 20:54:42,0,0,29.25647,78.51518
2025-05-28 20:54:42,0,0,29.25647,78.51518
2025-05-28 20:54:42,0,0,29.25647,68.96552
2025-05-28 20:54:42,0,0,29.25647,68.96552
2025-05-28 20:54:43,0,0,29.24176,68.69009
2025-05-28 20:54:43,0,0,29.24176,68.69009
2025-05-28 20:54:43,0,0,29.23588,62.61062
2025-05-28 20:54:43,0,0,29.23588,62.61062
2025-05-28 20:54:43,0,0,29.24471,62.878
2025-05-28 20:54:43,0,0,29.24471,62.878
2025-05-28 20:54:43,0,0,29.25059,69.1796
2025-05-28 20:54:43,0,0,29.25059,69.1796
2025-05-28 20:54:43,0,0,29.25059,73.60465
2025-05-28 20:54:43,0,0,29.25059,73.60465
2025-05-28 20:54:44,0,0,29.23588,75.40805
2025-05-28 20:54:44,0,0,29.23588,75.40805
2025-05-28 20:54:44,0,0,29.22706,68.39207
2025-05-28 20:54:44,0,0,29.22706,68.39207
2025-05-28 20:54:44,0,0,29.21824,69.16488
2025-05-28 20:54:44,0,0,29.21824,69.16488
2025-05-28 20:54:44,0,0,29.22118,59.57672
2025-05-28 20:54:44,0,0,29.22118,59.57672
2025-05-28 20:54:44,0,0,29.25353,66.59529
2025-05-28 20:54:44,0,0,29.25353,66.59529
2025-05-28 20:54:45,0,0,29.23,67.89588
2025-05-28 20:54:45,0,0,29.23,67.89588
2025-05-28 20:54:45,0,0,29.23,73.63129
2025-05-28 20:54:45,0,0,29.23,73.63129
2025-05-28 20:54:45,0,0,29.24176,75.51463
2025-05-28 20:54:45,0,0,29.24176,75.51463
2025-05-28 20:54:45,0,0,29.23588,68.82547
2025-05-28 20:54:45,0,0,29.23588,68.82547
2025-05-28 20:54:45,0,0,29.23294,69.32907
2025-05-28 20:54:45,0,0,29.23294,69.32907
2025-05-28 20:54:46,0,0,29.25941,60.61269
2025-05-28 20:54:46,0,0,29.25941,60.61269
2025-05-28 20:54:46,0,0,29.2653,67.84531
2025-05-28 20:54:46,0,0,29.2653,67.84531
2025-05-28 20:54:46,0,0,29.2653,67.71059
2025-05-28 20:54:46,0,0,29.2653,67.71059
2025-05-28 20:54:46,0,0,29.27118,73.46939
2025-05-28 20:54:46,0,0,29.27118,73.46939
2025-05-28 20:54:46,0,0,29.21824,75.21834
2025-05-28 20:54:46,0,0,29.21824,75.21834
2025-05-28 20:54:47,0,0,29.23,68.51852
2025-05-28 20:54:47,0,0,29.23,68.51852
2025-05-28 20:54:47,0,0,29.24176,69.18919
2025-05-28 20:54:47,0,0,29.24176,69.18919
2025-05-28 20:54:47,0,0,29.23882,61.38829
2025-05-28 20:54:47,0,0,29.23882,61.38829
2025-05-28 20:54:47,0,0,29.22412,67.38661
2025-05-28 20:54:47,0,0,29.22412,67.38661
2025-05-28 20:54:47,0,0,29.23882,67.27862
2025-05-28 20:54:47,0,0,29.23882,67.27862
2025-05-28 20:54:48,0,0,29.23882,73.50333
2025-05-28 20:54:48,0,0,29.23882,73.50333
2025-05-28 20:54:48,0,0,29.23,62.1
2025-05-28 20:54:48,0,0,29.23,62.1
2025-05-28 20:54:48,0,0,29.22118,69.86607
2025-05-28 20:54:48,0,0,29.22118,69.86607
2025-05-28 20:54:48,0,0,29.23882,66.52497
2025-05-28 20:54:48,0,0,29.23882,66.52497
2025-05-28 20:54:48,0,0,29.23294,57.90032
2025-05-28 20:54:48,0,0,29.23294,57.90032
2025-05-28 20:54:49,0,0,29.23,65.39683
2025-05-28 20:54:49,0,0,29.23,65.39683
2025-05-28 20:54:49,0,0,29.23,68.22633
2025-05-28 20:54:49,0,0,29.23,68.22633
2025-05-28 20:54:49,0,0,29.22118,75.23585
2025-05-28 20:54:49,0,0,29.22118,75.23585
2025-05-28 20:54:49,0,0,29.22706,75.32751
2025-05-28 20:54:49,0,0,29.22706,75.32751
2025-05-28 20:54:49,0,0,29.22118,68.85246
2025-05-28 20:54:49,0,0,29.22118,68.85246
2025-05-28 20:54:50,0,0,29.23,68.46652
2025-05-28 20:54:50,0,0,29.23,68.46652
2025-05-28 20:54:50,0,0,29.21824,66.07981
2025-05-28 20:54:50,0,0,29.21824,66.07981
2025-05-28 20:54:50,0,0,29.23294,67.74194
2025-05-28 20:54:50,0,0,29.23294,67.74194
2025-05-28 20:54:50,0,0,29.23,69.44444
2025-05-28 20:54:50,0,0,29.23,69.44444
2025-05-28 20:54:50,0,0,29.23882,62.65329
2025-05-28 20:54:50,0,0,29.23882,62.65329
2025-05-28 20:54:51,0,0,29.23,62.1259
2025-05-28 20:54:51,0,0,29.23,62.1259
2025-05-28 20:54:51,0,0,29.23588,69.35841
2025-05-28 20:54:51,0,0,29.23588,69.35841
2025-05-28 20:54:51,0,0,29.22118,67.3913
2025-05-28 20:54:51,0,0,29.22118,67.3913
2025-05-28 20:54:51,0,0,29.23294,77.59009
2025-05-28 20:54:51,0,0,29.23294,77.59009
2025-05-28 20:54:51,0,0,29.22706,69.0367
2025-05-28 20:54:51,0,0,29.22706,69.0367
2025-05-28 20:54:52,0,0,29.22118,68.92473
2025-05-28 20:54:52,0,0,29.22118,68.92473
2025-05-28 20:54:52,0,0,29.22412,64.54546
2025-05-28 20:54:52,0,0,29.22412,64.54546
2025-05-28 20:54:52,0,0,29.22412,60.89677
2025-05-28 20:54:52,0,0,29.22412,60.89677
2025-05-28 20:54:52,0,0,29.22706,70.70135
2025-05-28 20:54:52,0,0,29.22706,70.70135
2025-05-28 20:54:52,0,0,29.22118,66.24203
2025-05-28 20:54:52,0,0,29.22118,66.24203
2025-05-28 20:54:53,0,0,29.23,78.13902
2025-05-28 20:54:53,0,0,29.23,78.13902
2025-05-28 20:54:53,0,0,29.22118,71.71271
2025-05-28 20:54:53,0,0,29.22118,71.71271
2025-05-28 20:54:53,0,0,29.21235,68.42684
2025-05-28 20:54:53,0,0,29.21235,68.42684
2025-05-28 20:54:53,0,0,29.23294,66.2413
2025-05-28 20:54:53,0,0,29.23294,66.2413
2025-05-28 20:54:53,0,0,29.22412,60.69547
2025-05-28 20:54:53,0,0,29.22412,60.69547
2025-05-28 20:54:54,0,0,29.21235,71.31429
2025-05-28 20:54:54,0,0,29.21235,71.31429
2025-05-28 20:54:54,0,0,29.22118,66.24068
2025-05-28 20:54:54,0,0,29.22118,66.24068
2025-05-28 20:54:54,0,0,29.22412,77.82755
2025-05-28 20:54:54,0,0,29.22412,77.82755
2025-05-28 20:54:54,0,0,29.22118,69.06393
2025-05-28 20:54:54,0,0,29.22118,69.06393
2025-05-28 20:54:54,0,0,29.21235,69.16488
2025-05-28 20:54:54,0,0,29.21235,69.16488
2025-05-28 20:54:55,0,0,29.21529,64.85261
2025-05-28 20:54:55,0,0,29.21529,64.85261
2025-05-28 20:54:55,0,0,29.21529,61.91951
2025-05-28 20:54:55,0,0,29.21529,61.91951
2025-05-28 20:54:55,0,0,29.21824,69.02655
2025-05-28 20:54:55,0,0,29.21824,69.02655
2025-05-28 20:54:55,0,0,29.22118,68.12227
2025-05-28 20:54:55,0,0,29.22118,68.12227
2025-05-28 20:54:55,0,0,29.20941,77.77778
2025-05-28 20:54:55,0,0,29.20941,77.77778
2025-05-28 20:54:56,0,0,29.20941,68.71508
2025-05-28 20:54:56,0,0,29.20941,68.71508
2025-05-28 20:54:56,0,0,29.21529,69.55579
2025-05-28 20:54:56,0,0,29.21529,69.55579
2025-05-28 20:54:56,0,0,29.21235,63.0531
2025-05-28 20:54:56,0,0,29.21235,63.0531
2025-05-28 20:54:56,0,0,29.21824,63.68366
2025-05-28 20:54:56,0,0,29.21824,63.68366
2025-05-28 20:54:56,0,0,29.22118,68.6551
2025-05-28 20:54:56,0,0,29.22118,68.6551
2025-05-28 20:54:57,0,0,29.20647,68.60593
2025-05-28 20:54:57,0,0,29.20647,68.60593
2025-05-28 20:54:57,0,0,29.22412,77.1834
2025-05-28 20:54:57,0,0,29.22412,77.1834
2025-05-28 20:54:57,0,0,29.20059,68.20225
2025-05-28 20:54:57,0,0,29.20059,68.20225
2025-05-28 20:54:57,0,0,29.20647,68.88186
2025-05-28 20:54:57,0,0,29.20647,68.88186
2025-05-28 20:54:57,0,0,29.18,58.6354
2025-05-28 20:54:57,0,0,29.18,58.6354
2025-05-28 20:54:58,0,0,29.18294,64.24816
2025-05-28 20:54:58,0,0,29.18294,64.24816
2025-05-28 20:54:58,0,0,29.17412,67.86102
2025-05-28 20:54:58,0,0,29.17412,67.86102
2025-05-28 20:54:58,0,0,29.19471,71.8091
2025-05-28 20:54:58,0,0,29.19471,71.8091
2025-05-28 20:54:58,0,0,29.19176,63.15789
2025-05-28 20:54:58,0,0,29.19176,63.15789
2025-05-28 20:54:58,0,0,29.20941,70.20089
2025-05-28 20:54:58,0,0,29.20941,70.20089
2025-05-28 20:54:59,0,0,29.19176,65.55671
2025-05-28 20:54:59,0,0,29.19176,65.55671
2025-05-28 20:54:59,0,0,29.20941,77.88889
2025-05-28 20:54:59,0,0,29.20941,77.88889
2025-05-28 20:54:59,0,0,29.19471,68.46951
2025-05-28 20:54:59,0,0,29.19471,68.46951
2025-05-28 20:54:59,0,0,29.19765,67.9704
2025-05-28 20:54:59,0,0,29.19765,67.9704
2025-05-28 20:54:59,0,0,29.20059,77.70193
2025-05-28 20:54:59,0,0,29.20059,77.70193
2025-05-28 20:55:00,0,0,29.20647,71.94323
2025-05-28 20:55:00,0,0,29.20647,71.94323
2025-05-28 20:55:00,0,0,29.21235,67.908
2025-05-28 20:55:00,0,0,29.21235,67.908
2025-05-28 20:55:00,0,0,29.20941,66.62857
2025-05-28 20:55:00,0,0,29.20941,66.62857
2025-05-28 20:55:00,0,0,29.19765,62.60965
2025-05-28 20:55:00,0,0,29.19765,62.60965
2025-05-28 20:55:00,0,0,29.19765,68.22222
2025-05-28 20:55:00,0,0,29.19765,68.22222
2025-05-28 20:55:01,0,0,29.19176,69.48257
2025-05-28 20:55:01,0,0,29.19176,69.48257
2025-05-28 20:55:01,0,0,29.19471,60.99675
2025-05-28 20:55:01,0,0,29.19471,60.99675
2025-05-28 20:55:01,0,0,29.19176,65.95744
2025-05-28 20:55:01,0,0,29.19176,65.95744
2025-05-28 20:55:01,0,0,29.18,68.40958
2025-05-28 20:55:01,0,0,29.18,68.40958
2025-05-28 20:55:01,0,0,29.16824,73.69021
2025-05-28 20:55:01,0,0,29.16824,73.69021
2025-05-28 20:55:02,0,0,29.18882,74.91856
2025-05-28 20:55:02,0,0,29.18882,74.91856
2025-05-28 20:55:02,0,0,29.19176,68.15218
2025-05-28 20:55:02,0,0,29.19176,68.15218
2025-05-28 20:55:02,0,0,29.18588,69.29637
2025-05-28 20:55:02,0,0,29.18588,69.29637
2025-05-28 20:55:02,0,0,29.18882,59.95717
2025-05-28 20:55:02,0,0,29.18882,59.95717
2025-05-28 20:55:03,0,0,29.18,67.53529
2025-05-28 20:55:03,0,0,29.18,67.53529
2025-05-28 20:55:03,0,0,29.17118,67.05757
2025-05-28 20:55:03,0,0,29.17118,67.05757
2025-05-28 20:55:03,0,0,29.18,76.9575
2025-05-28 20:55:03,0,0,29.18,76.9575
2025-05-28 20:55:03,0,0,29.17706,73.65011
2025-05-28 20:55:03,0,0,29.17706,73.65011
2025-05-28 20:55:03,0,0,29.17706,68.27133
2025-05-28 20:55:03,0,0,29.17706,68.27133
2025-05-28 20:55:04,0,0,29.17706,68.78423
2025-05-28 20:55:04,0,0,29.17706,68.78423
2025-05-28 20:55:04,0,0,29.18,77.02553
2025-05-28 20:55:04,0,0,29.18,77.02553
2025-05-28 20:55:04,0,0,29.16824,67.43649
2025-05-28 20:55:04,0,0,29.16824,67.43649
2025-05-28 20:55:04,0,0,29.17118,69.69377
2025-05-28 20:55:04,0,0,29.17118,69.69377
2025-05-28 20:55:04,0,0,29.17706,60.57386
2025-05-28 20:55:04,0,0,29.17706,60.57386
2025-05-28 20:55:05,0,0,29.17706,64.77988
2025-05-28 20:55:05,0,0,29.17706,64.77988
2025-05-28 20:55:05,0,0,29.17412,68.87202
2025-05-28 20:55:05,0,0,29.17412,68.87202
2025-05-28 20:55:05,0,0,29.20059,72.67637
2025-05-28 20:55:05,0,0,29.20059,72.67637
2025-05-28 20:55:05,0,0,29.18,75.02738
2025-05-28 20:55:05,0,0,29.18,75.02738
2025-05-28 20:55:05,0,0,29.18882,68.43818
2025-05-28 20:55:05,0,0,29.18882,68.43818
2025-05-28 20:55:06,0,0,29.19765,68.69009
2025-05-28 20:55:06,0,0,29.19765,68.69009
2025-05-28 20:55:06,0,0,29.20647,60.55143
2025-05-28 20:55:06,0,0,29.20647,60.55143
2025-05-28 20:55:06,0,0,29.20353,70.15766
2025-05-28 20:55:06,0,0,29.20353,70.15766
2025-05-28 20:55:06,0,0,29.18882,67.45182
2025-05-28 20:55:06,0,0,29.18882,67.45182
2025-05-28 20:55:06,0,0,29.18294,74.26966
2025-05-28 20:55:06,0,0,29.18294,74.26966
2025-05-28 20:55:07,0,0,29.19176,73.67854
2025-05-28 20:55:07,0,0,29.19176,73.67854
2025-05-28 20:55:07,0,0,29.17706,68.55277
2025-05-28 20:55:07,0,0,29.17706,68.55277
2025-05-28 20:55:07,0,0,29.18,69.06552
2025-05-28 20:55:07,0,0,29.18,69.06552
2025-05-28 20:55:07,0,0,29.17412,58.84861
2025-05-28 20:55:07,0,0,29.17412,58.84861
2025-05-28 20:55:07,0,0,29.18294,65.28662
2025-05-28 20:55:07,0,0,29.18294,65.28662
2025-05-28 20:55:08,0,0,29.18294,68.70897
2025-05-28 20:55:08,0,0,29.18294,68.70897
2025-05-28 20:55:08,0,0,29.16824,71.81818
2025-05-28 20:55:08,0,0,29.16824,71.81818
2025-05-28 20:55:08,0,0,29.17412,77.5
2025-05-28 20:55:08,0,0,29.17412,77.5
2025-05-28 20:55:08,0,0,29.17706,67.93541
2025-05-28 20:55:08,0,0,29.17706,67.93541
2025-05-28 20:55:08,0,0,29.17412,69.87041
2025-05-28 20:55:08,0,0,29.17412,69.87041
2025-05-28 20:55:09,0,0,29.15941,63.49384
2025-05-28 20:55:09,0,0,29.15941,63.49384
2025-05-28 20:55:09,0,0,29.15941,61.22027
2025-05-28 20:55:09,0,0,29.15941,61.22027
2025-05-28 20:55:09,0,0,29.17118,70.28825
2025-05-28 20:55:09,0,0,29.17118,70.28825
2025-05-28 20:55:09,0,0,29.18,66.52497
2025-05-28 20:55:09,0,0,29.18,66.52497
2025-05-28 20:55:09,0,0,29.17412,78.01105
2025-05-28 20:55:10,0,0,29.18294,66.0152
2025-05-28 20:55:09,0,0,29.17412,78.01105
2025-05-28 20:55:10,0,0,29.18294,66.0152
2025-05-28 20:55:10,0,0,29.16529,67.87234
2025-05-28 20:55:10,0,0,29.16529,67.87234
2025-05-28 20:55:10,0,0,29.17706,73.81229
2025-05-28 20:55:10,0,0,29.17706,73.81229
2025-05-28 20:55:10,0,0,29.18588,75.13513
2025-05-28 20:55:10,0,0,29.18588,75.13513
2025-05-28 20:55:10,0,0,29.17118,68.92779
2025-05-28 20:55:10,0,0,29.17118,68.92779
2025-05-28 20:55:11,0,0,29.17412,68.81607
2025-05-28 20:55:11,0,0,29.17412,68.81607
2025-05-28 20:55:11,0,0,29.16529,77.4916
2025-05-28 20:55:11,0,0,29.16529,77.4916
2025-05-28 20:55:11,0,0,29.14471,69.89854
2025-05-28 20:55:11,0,0,29.14471,69.89854
2025-05-28 20:55:11,0,0,29.14471,68.40982
2025-05-28 20:55:11,0,0,29.14471,68.40982
2025-05-28 20:55:11,0,0,29.15647,65.29681
2025-05-28 20:55:11,0,0,29.15647,65.29681
2025-05-28 20:55:12,0,0,29.15647,60.89159
2025-05-28 20:55:12,0,0,29.15647,60.89159
2025-05-28 20:55:12,0,0,29.14471,69.11282
2025-05-28 20:55:12,0,0,29.14471,69.11282
2025-05-28 20:55:12,0,0,29.14765,67.37288
2025-05-28 20:55:12,0,0,29.14765,67.37288
2025-05-28 20:55:12,0,0,29.14177,76.52174
2025-05-28 20:55:12,0,0,29.14177,76.52174
2025-05-28 20:55:12,0,0,29.15059,67.34464
2025-05-28 20:55:12,0,0,29.15059,67.34464
2025-05-28 20:55:13,0,0,29.15059,69.45032
2025-05-28 20:55:13,0,0,29.15059,69.45032
2025-05-28 20:55:13,0,0,29.13,63.07692
2025-05-28 20:55:13,0,0,29.13,63.07692
2025-05-28 20:55:13,0,0,29.16235,63.19588
2025-05-28 20:55:13,0,0,29.16235,63.19588
2025-05-28 20:55:13,0,0,29.15353,68.23658
2025-05-28 20:55:13,0,0,29.15353,68.23658
2025-05-28 20:55:13,0,0,29.13588,68.88646
2025-05-28 20:55:13,0,0,29.13588,68.88646
2025-05-28 20:55:14,0,0,29.14471,77.37705
2025-05-28 20:55:14,0,0,29.14471,77.37705
2025-05-28 20:55:14,0,0,29.14765,67.9054
2025-05-28 20:55:14,0,0,29.14765,67.9054
2025-05-28 20:55:14,0,0,29.14471,68.75665
2025-05-28 20:55:14,0,0,29.14471,68.75665
2025-05-28 20:55:14,0,0,29.14177,58.27108
2025-05-28 20:55:14,0,0,29.14177,58.27108
2025-05-28 20:55:14,0,0,29.13588,64.56361
2025-05-28 20:55:14,0,0,29.13588,64.56361
2025-05-28 20:55:15,0,0,29.13,67.71397
2025-05-28 20:55:15,0,0,29.13,67.71397
2025-05-28 20:55:15,0,0,29.14471,71.21729
2025-05-28 20:55:15,0,0,29.14471,71.21729
2025-05-28 20:55:15,0,0,29.14765,77.17391
2025-05-28 20:55:15,0,0,29.14765,77.17391
2025-05-28 20:55:15,0,0,29.14765,67.98643
2025-05-28 20:55:15,0,0,29.14765,67.98643
2025-05-28 20:55:15,0,0,29.14765,69.68085
2025-05-28 20:55:15,0,0,29.14765,69.68085
2025-05-28 20:55:16,0,0,29.14765,60.68743
2025-05-28 20:55:16,0,0,29.14765,60.68743
2025-05-28 20:55:16,0,0,29.14177,62.39754
2025-05-28 20:55:16,0,0,29.14177,62.39754
2025-05-28 20:55:16,0,0,29.13588,68.74317
2025-05-28 20:55:16,0,0,29.13588,68.74317
2025-05-28 20:55:16,0,0,29.15647,68.19672
2025-05-28 20:55:16,0,0,29.15647,68.19672
2025-05-28 20:55:16,0,0,29.15059,77.05287
2025-05-28 20:55:16,0,0,29.15059,77.05287
2025-05-28 20:55:17,0,0,29.13882,68.19222
2025-05-28 20:55:17,0,0,29.13882,68.19222
2025-05-28 20:55:17,0,0,29.13882,69.45032
2025-05-28 20:55:17,0,0,29.13882,69.45032
2025-05-28 20:55:17,0,0,29.13882,62.16814
2025-05-28 20:55:17,0,0,29.13882,62.16814
2025-05-28 20:55:17,0,0,29.14177,62.56463
2025-05-28 20:55:17,0,0,29.14177,62.56463
2025-05-28 20:55:17,0,0,29.14765,68.38074
2025-05-28 20:55:17,0,0,29.14765,68.38074
2025-05-28 20:55:18,0,0,29.14765,70.40704
2025-05-28 20:55:18,0,0,29.14765,70.40704
2025-05-28 20:55:18,0,0,29.15059,76.42544
2025-05-28 20:55:18,0,0,29.15059,76.42544
2025-05-28 20:55:18,0,0,29.14177,68.55846
2025-05-28 20:55:18,0,0,29.14177,68.55846
2025-05-28 20:55:18,0,0,29.14765,69.80932
2025-05-28 20:55:18,0,0,29.14765,69.80932
2025-05-28 20:55:18,0,0,29.14471,59.65849
2025-05-28 20:55:18,0,0,29.14471,59.65849
2025-05-28 20:55:19,0,0,29.14177,65.45454
2025-05-28 20:55:19,0,0,29.14177,65.45454
2025-05-28 20:55:19,0,0,29.13,68.05708
2025-05-28 20:55:19,0,0,29.13,68.05708
2025-05-28 20:55:19,0,0,29.13588,63.37868
2025-05-28 20:55:19,0,0,29.13588,63.37868
2025-05-28 20:55:19,0,0,29.13294,62.25235
2025-05-28 20:55:19,0,0,29.13294,62.25235
2025-05-28 20:55:19,0,0,29.14177,68.42684
2025-05-28 20:55:19,0,0,29.14177,68.42684
2025-05-28 20:55:20,0,0,29.15059,69.07895
2025-05-28 20:55:20,0,0,29.15059,69.07895
2025-05-28 20:55:20,0,0,29.13294,77.80244
2025-05-28 20:55:20,0,0,29.13294,77.80244
2025-05-28 20:55:20,0,0,29.11529,69.383
2025-05-28 20:55:20,0,0,29.11529,69.383
2025-05-28 20:55:20,0,0,29.11823,66.91332
2025-05-28 20:55:20,0,0,29.11823,66.91332
2025-05-28 20:55:20,0,0,29.13294,76.74419
2025-05-28 20:55:20,0,0,29.13294,76.74419
2025-05-28 20:55:21,0,0,29.13,72.21609
2025-05-28 20:55:21,0,0,29.13,72.21609
2025-05-28 20:55:21,0,0,29.13882,68.12705
2025-05-28 20:55:21,0,0,29.13882,68.12705
2025-05-28 20:55:21,0,0,29.14177,67.12173
2025-05-28 20:55:21,0,0,29.14177,67.12173
2025-05-28 20:55:21,0,0,29.13,59.95851
2025-05-28 20:55:21,0,0,29.13,59.95851
2025-05-28 20:55:21,0,0,29.13882,71.15385
2025-05-28 20:55:21,0,0,29.13882,71.15385
2025-05-28 20:55:22,0,0,29.13588,67.05757
2025-05-28 20:55:22,0,0,29.13588,67.05757
2025-05-28 20:55:22,0,0,29.13588,74.50111
2025-05-28 20:55:22,0,0,29.13588,74.50111
2025-05-28 20:55:22,0,0,29.13588,72.7957
2025-05-28 20:55:22,0,0,29.13588,72.7957
2025-05-28 20:55:22,0,0,29.13,68.46748
2025-05-28 20:55:22,0,0,29.13,68.46748
2025-05-28 20:55:22,0,0,29.13882,68.00895
2025-05-28 20:55:22,0,0,29.13882,68.00895
2025-05-28 20:55:23,0,0,29.12412,59.81013
2025-05-28 20:55:23,0,0,29.12412,59.81013
2025-05-28 20:55:23,0,0,29.13294,70.43673
2025-05-28 20:55:23,0,0,29.13294,70.43673
2025-05-28 20:55:23,0,0,29.13,66.2766
2025-05-28 20:55:23,0,0,29.13,66.2766
2025-05-28 20:55:23,0,0,29.13,78.5078
2025-05-28 20:55:23,0,0,29.13,78.5078
2025-05-28 20:55:23,0,0,29.11529,69.39462
2025-05-28 20:55:23,0,0,29.11529,69.39462
2025-05-28 20:55:24,0,0,29.11529,69.20601
2025-05-28 20:55:24,0,0,29.11529,69.20601
2025-05-28 20:55:24,0,0,29.10941,62.21973
2025-05-28 20:55:24,0,0,29.10941,62.21973
2025-05-28 20:55:24,0,0,29.12118,62.12897
2025-05-28 20:55:24,0,0,29.12118,62.12897
2025-05-28 20:55:24,0,0,29.12412,68.9011
2025-05-28 20:55:24,0,0,29.12412,68.9011
2025-05-28 20:55:24,0,0,29.13,69.59385
2025-05-28 20:55:24,0,0,29.13,69.59385
2025-05-28 20:55:25,0,0,29.13,78.0911
2025-05-28 20:55:25,0,0,29.13,78.0911
2025-05-28 20:55:25,0,0,29.12412,68.0947
2025-05-28 20:55:25,0,0,29.12412,68.0947
2025-05-28 20:55:25,0,0,29.13294,69.51871
2025-05-28 20:55:25,0,0,29.13294,69.51871
2025-05-28 20:55:25,0,0,29.12412,60.02132
2025-05-28 20:55:25,0,0,29.12412,60.02132
2025-05-28 20:55:25,0,0,29.11235,64.79321
2025-05-28 20:55:25,0,0,29.11235,64.79321
2025-05-28 20:55:26,0,0,29.11823,69.39227
2025-05-28 20:55:26,0,0,29.11823,69.39227
2025-05-28 20:55:26,0,0,29.12118,72.02247
2025-05-28 20:55:26,0,0,29.12118,72.02247
2025-05-28 20:55:26,0,0,29.11235,76.21146
2025-05-28 20:55:26,0,0,29.11235,76.21146
2025-05-28 20:55:26,0,0,29.12118,68.75
2025-05-28 20:55:26,0,0,29.12118,68.75
2025-05-28 20:55:26,0,0,29.11529,69.49152
2025-05-28 20:55:26,0,0,29.11529,69.49152
2025-05-28 20:55:27,0,0,29.11823,60.84599
2025-05-28 20:55:27,0,0,29.11823,60.84599
2025-05-28 20:55:27,0,0,29.11823,68.84701
2025-05-28 20:55:27,0,0,29.11823,68.84701
2025-05-28 20:55:27,0,0,29.10353,65.82809
2025-05-28 20:55:27,0,0,29.10353,65.82809
2025-05-28 20:55:27,0,0,29.11235,77.79018
2025-05-28 20:55:27,0,0,29.11235,77.79018
2025-05-28 20:55:27,0,0,29.11235,72.52986
2025-05-28 20:55:27,0,0,29.11235,72.52986
2025-05-28 20:55:28,0,0,29.11823,68.28194
2025-05-28 20:55:28,0,0,29.11823,68.28194
2025-05-28 20:55:28,0,0,29.11235,66.78241
2025-05-28 20:55:28,0,0,29.11235,66.78241
2025-05-28 20:55:28,0,0,29.10353,60.37539
2025-05-28 20:55:28,0,0,29.10353,60.37539
2025-05-28 20:55:28,0,0,29.10059,68.96175
2025-05-28 20:55:28,0,0,29.10059,68.96175
2025-05-28 20:55:28,0,0,29.10353,69.33761
2025-05-28 20:55:28,0,0,29.10353,69.33761
2025-05-28 20:55:29,0,0,29.10059,58.88651
2025-05-28 20:55:29,0,0,29.10059,58.88651
2025-05-28 20:55:51,0,0,28.94176,41.90284
2025-05-28 20:55:51,0,0,28.94176,41.90284
2025-05-28 20:55:51,0,0,28.93,40.96306
2025-05-28 20:55:51,0,0,28.93,40.96306
2025-05-28 20:55:52,0,0,28.94471,40.36222
2025-05-28 20:55:52,0,0,28.94471,40.36222
2025-05-28 20:55:52,0,0,28.92412,37.80488
2025-05-28 20:55:52,0,0,28.92412,37.80488
2025-05-28 20:55:52,0,0,28.92118,39.8277
2025-05-28 20:55:52,0,0,28.92118,39.8277
2025-05-28 20:55:52,0,0,28.92118,40.30852
2025-05-28 20:55:52,0,0,28.92118,40.30852
2025-05-28 20:55:52,0,0,28.91824,39.09774
2025-05-28 20:55:52,0,0,28.92706,40
2025-05-28 20:55:52,0,0,28.91824,39.09774
2025-05-28 20:55:52,0,0,28.92706,40
2025-05-28 20:55:52,0,0,28.92412,40.78136
2025-05-28 20:55:52,0,0,28.92412,40.78136
2025-05-28 20:55:53,0,0,28.93,38.55878
2025-05-28 20:55:53,0,0,28.93,38.55878
2025-05-28 20:55:53,0,0,28.93,40.22092
2025-05-28 20:55:53,0,0,28.93,40.22092
2025-05-28 20:55:53,0,0,28.93588,40.47782
2025-05-28 20:55:53,0,0,28.93588,40.47782
2025-05-28 20:55:53,0,0,28.93882,37.56313
2025-05-28 20:55:53,0,0,28.93882,37.56313
2025-05-28 20:55:53,0,0,28.94765,39.59157
2025-05-28 20:55:53,0,0,28.94765,39.59157
2025-05-28 20:55:53,0,0,28.94176,39.76728
2025-05-28 20:55:53,0,0,28.94176,39.76728
2025-05-28 20:55:54,0,0,28.93294,37.63578
2025-05-28 20:55:54,0,0,28.93294,37.63578
2025-05-28 20:55:54,0,0,28.92412,39.81783
2025-05-28 20:55:54,0,0,28.92412,39.81783
2025-05-28 20:55:54,0,0,28.92118,40.84045
2025-05-28 20:55:54,0,0,28.92118,40.84045
2025-05-28 20:55:54,0,0,28.90941,33.58382
2025-05-28 20:55:54,0,0,28.90941,33.58382
2025-05-28 20:55:54,0,0,28.91824,42.50454
2025-05-28 20:55:54,0,0,28.91824,42.50454
2025-05-28 20:55:54,0,0,28.90647,43.38624
2025-05-28 20:55:54,0,0,28.90647,43.38624
2025-05-28 20:55:55,0,0,28.90647,42.42424
2025-05-28 20:55:55,0,0,28.90647,42.42424
2025-05-28 20:55:55,0,0,28.91824,45.55484
2025-05-28 20:55:55,0,0,28.91824,45.55484
2025-05-28 20:55:55,0,0,28.92118,47.11563
2025-05-28 20:55:55,0,0,28.92118,47.11563
2025-05-28 20:55:55,0,0,28.92118,44.7865
2025-05-28 20:55:55,0,0,28.92118,44.7865
2025-05-28 20:55:55,0,0,28.91824,46.58674
2025-05-28 20:55:55,0,0,28.91824,46.58674
2025-05-28 20:55:55,0,0,28.91235,46.26506
2025-05-28 20:55:55,0,0,28.91235,46.26506
2025-05-28 20:55:56,0,0,28.92412,41.44869
2025-05-28 20:55:56,0,0,28.92412,41.44869
2025-05-28 20:55:56,0,0,28.92412,46.34678
2025-05-28 20:55:56,0,0,28.92412,46.34678
2025-05-28 20:55:56,0,0,28.95647,46.38848
2025-05-28 20:55:56,0,0,28.95647,46.38848
2025-05-28 20:55:56,0,0,28.93,40.08351
2025-05-28 20:55:56,0,0,28.93,40.08351
2025-05-28 20:55:56,0,0,28.93882,46.31559
2025-05-28 20:55:56,0,0,28.93882,46.31559
2025-05-28 20:55:56,0,0,28.92706,46.96609
2025-05-28 20:55:56,0,0,28.92706,46.96609
2025-05-28 20:55:57,0,0,28.94176,46.00527
2025-05-28 20:55:57,0,0,28.94176,46.00527
2025-05-28 20:55:57,0,0,28.94765,46.42857
2025-05-28 20:55:57,0,0,28.94765,46.42857
2025-05-28 20:55:57,0,0,28.95647,46.00425
2025-05-28 20:55:57,0,0,28.95647,46.00425
2025-05-28 20:55:57,0,0,28.95647,46.8287
2025-05-28 20:55:57,0,0,28.95647,46.8287
2025-05-28 20:55:57,0,0,28.95647,46.64624
2025-05-28 20:55:57,0,0,28.95647,46.64624
2025-05-28 20:55:57,0,0,28.95647,46.23395
2025-05-28 20:55:57,0,0,28.95647,46.23395
2025-05-28 20:55:57,0,0,28.94765,46.91835
2025-05-28 20:55:57,0,0,28.94765,46.91835
2025-05-28 20:55:58,0,0,28.95353,46.90203
2025-05-28 20:55:58,0,0,28.95353,46.90203
2025-05-28 20:55:58,0,0,28.95647,46.63873
2025-05-28 20:55:58,0,0,28.95647,46.63873
2025-05-28 20:55:58,0,0,28.95647,48.48649
2025-05-28 20:55:58,0,0,28.95647,48.48649
2025-05-28 20:55:58,0,0,28.96235,41.08635
2025-05-28 20:55:58,0,0,28.96235,41.08635
2025-05-28 20:55:58,0,0,28.96529,41.56081
2025-05-28 20:55:58,0,0,28.96529,41.56081
2025-05-28 20:55:58,0,0,28.95059,48.6259
2025-05-28 20:55:58,0,0,28.95059,48.6259
2025-05-28 20:55:59,0,0,28.95941,50.03444
2025-05-28 20:55:59,0,0,28.95941,50.03444
2025-05-28 20:55:59,0,0,28.95941,50.26957
2025-05-28 20:55:59,0,0,28.95941,50.26957
2025-05-28 20:55:59,0,0,28.97118,18.75649
2025-05-28 20:55:59,0,0,28.97118,18.75649
2025-05-28 20:55:59,0,0,28.96235,41.68279
2025-05-28 20:55:59,0,0,28.96235,41.68279
2025-05-28 20:55:59,0,0,28.96529,45.37402
2025-05-28 20:55:59,0,0,28.96529,45.37402
2025-05-28 20:55:59,0,0,28.97706,85.53762
2025-05-28 20:55:59,0,0,28.97706,85.53762
2025-05-28 20:56:00,0,0,28.97118,50.3348
2025-05-28 20:56:00,0,0,28.97706,51.06895
2025-05-28 20:56:00,0,0,28.97118,50.3348
2025-05-28 20:56:00,0,0,28.97706,51.06895
2025-05-28 20:56:00,0,0,28.97412,50.10078
2025-05-28 20:56:00,0,0,28.97412,50.10078
2025-05-28 20:56:00,0,0,28.98588,51.55863
2025-05-28 20:56:00,0,0,28.98588,51.55863
2025-05-28 20:56:00,0,0,28.97706,51.86052
2025-05-28 20:56:00,0,0,28.97706,51.86052
2025-05-28 20:56:00,0,0,28.98588,40.0743
2025-05-28 20:56:00,0,0,28.98588,40.0743
2025-05-28 20:56:01,0,0,28.99471,51.91977
2025-05-28 20:56:01,0,0,28.99471,51.91977
2025-05-28 20:56:01,0,0,28.99176,51.88017
2025-05-28 20:56:01,0,0,28.99176,51.88017
2025-05-28 20:56:01,0,0,29.00353,51.83635
2025-05-28 20:56:01,0,0,29.00353,51.83635
2025-05-28 20:56:01,0,0,28.99765,51.87515
2025-05-28 20:56:01,0,0,28.99765,51.87515
2025-05-28 20:56:01,0,0,28.99471,51.87084
2025-05-28 20:56:01,0,0,28.99471,51.87084
2025-05-28 20:56:01,0,0,28.99765,51.86657
2025-05-28 20:56:01,0,0,28.99765,51.86657
2025-05-28 20:56:01,0,0,29.01235,51.86713
2025-05-28 20:56:01,0,0,29.01235,51.86713
2025-05-28 20:56:02,0,0,29.00059,51.86034
2025-05-28 20:56:02,0,0,29.00059,51.86034
2025-05-28 20:56:02,0,0,29.00941,51.77208
2025-05-28 20:56:02,0,0,29.00941,51.77208
2025-05-28 20:56:02,0,0,29.0153,51.67919
2025-05-28 20:56:02,0,0,29.0153,51.67919
2025-05-28 20:56:02,0,0,29.02412,51.1507
2025-05-28 20:56:02,0,0,29.02412,51.1507
2025-05-28 20:56:02,0,0,29.0153,49.66171
2025-05-28 20:56:02,0,0,29.0153,49.66171
2025-05-28 20:56:02,0,0,29.02118,42.31119
2025-05-28 20:56:02,0,0,29.02118,42.31119
2025-05-28 20:56:03,0,0,29.01235,55.07132
2025-05-28 20:56:03,0,0,29.01235,55.07132
2025-05-28 20:56:03,0,0,29.02412,46.50254
2025-05-28 20:56:03,0,0,29.02412,46.50254
2025-05-28 20:56:03,0,0,29.03294,49.04955
2025-05-28 20:56:03,0,0,29.03294,49.04955
2025-05-28 20:56:03,0,0,29.04177,48.24357
2025-05-28 20:56:03,0,0,29.04177,48.24357
2025-05-28 20:56:03,0,0,29.03588,50.18848
2025-05-28 20:56:03,0,0,29.03588,50.18848
2025-05-28 20:56:03,0,0,29.03,49.74687
2025-05-28 20:56:03,0,0,29.03,49.74687
2025-05-28 20:56:04,0,0,29.03882,50.85194
2025-05-28 20:56:04,0,0,29.03882,50.85194
2025-05-28 20:56:04,0,0,29.03,51.30659
2025-05-28 20:56:04,0,0,29.03,51.30659
2025-05-28 20:56:04,0,0,29.03588,51.41268
2025-05-28 20:56:04,0,0,29.03588,51.41268
2025-05-28 20:56:04,0,0,29.04177,51.41887
2025-05-28 20:56:04,0,0,29.04177,51.41887
2025-05-28 20:56:04,0,0,29.05059,51.40356
2025-05-28 20:56:04,0,0,29.05059,51.40356
2025-05-28 20:56:04,0,0,29.04177,51.458
2025-05-28 20:56:04,0,0,29.04177,51.458
2025-05-28 20:56:05,0,0,29.05353,51.47908
2025-05-28 20:56:05,0,0,29.05353,51.47908
2025-05-28 20:56:05,0,0,29.04471,51.44086
2025-05-28 20:56:05,0,0,29.04471,51.44086
2025-05-28 20:56:05,0,0,29.05647,51.46651
2025-05-28 20:56:05,0,0,29.05647,51.46651
2025-05-28 20:56:05,0,0,29.05941,51.46138
2025-05-28 20:56:05,0,0,29.05941,51.46138
2025-05-28 20:56:05,0,0,29.05941,51.44882
2025-05-28 20:56:05,0,0,29.05941,51.44882
2025-05-28 20:56:05,0,0,29.04471,51.43778
2025-05-28 20:56:05,0,0,29.04471,51.43778
2025-05-28 20:56:06,0,0,29.04471,51.44465
2025-05-28 20:56:06,0,0,29.04471,51.44465
2025-05-28 20:56:06,0,0,29.05647,51.47326
2025-05-28 20:56:06,0,0,29.05647,51.47326
2025-05-28 20:56:06,0,0,29.05059,51.45858
2025-05-28 20:56:06,0,0,29.05059,51.45858
2025-05-28 20:56:06,0,0,29.05059,51.45389
2025-05-28 20:56:06,0,0,29.05059,51.45389
2025-05-28 20:56:06,0,0,29.05353,51.48
2025-05-28 20:56:06,0,0,29.05353,51.48
2025-05-28 20:56:06,0,0,29.05647,51.45341
2025-05-28 20:56:06,0,0,29.05647,51.45341
2025-05-28 20:56:06,0,0,29.05647,51.48584
2025-05-28 20:56:06,0,0,29.05647,51.48584
2025-05-28 20:56:07,0,0,29.05941,51.47509
2025-05-28 20:56:07,0,0,29.05941,51.47509
2025-05-28 20:56:07,0,0,29.06235,51.44156
2025-05-28 20:56:07,0,0,29.06235,51.44156
2025-05-28 20:56:07,0,0,29.07706,51.49449
2025-05-28 20:56:07,0,0,29.07706,51.49449
2025-05-28 20:56:07,0,0,29.06529,51.50315
2025-05-28 20:56:07,0,0,29.06529,51.50315
2025-05-28 20:56:07,0,0,29.06235,51.43831
2025-05-28 20:56:07,0,0,29.06235,51.43831
2025-05-28 20:56:07,0,0,29.07118,51.50342
2025-05-28 20:56:07,0,0,29.07118,51.50342
2025-05-28 20:56:08,0,0,29.07706,51.30553
2025-05-28 20:56:08,0,0,29.07706,51.30553
2025-05-28 20:56:08,0,0,29.08,51.63766
2025-05-28 20:56:08,0,0,29.08,51.63766
2025-05-28 20:56:08,0,0,29.08588,51.70008
2025-05-28 20:56:08,0,0,29.08588,51.70008
2025-05-28 20:56:08,0,0,29.08588,51.76014
2025-05-28 20:56:08,0,0,29.08588,51.76014
2025-05-28 20:56:08,0,0,29.08882,51.82943
2025-05-28 20:56:08,0,0,29.08882,51.82943
2025-05-28 20:56:08,0,0,29.09765,51.76995
2025-05-28 20:56:08,0,0,29.09765,51.76995
2025-05-28 20:56:09,0,0,29.09176,51.25844
2025-05-28 20:56:09,0,0,29.09176,51.25844
2025-05-28 20:56:09,0,0,29.08588,49.4631
2025-05-28 20:56:09,0,0,29.08588,49.4631
2025-05-28 20:56:09,0,0,29.08294,59.37434
2025-05-28 20:56:09,0,0,29.08294,59.37434
2025-05-28 20:56:09,0,0,29.09176,45.85917
2025-05-28 20:56:09,0,0,29.09176,45.85917
2025-05-28 20:56:09,0,0,29.08882,50.74562
2025-05-28 20:56:09,0,0,29.08882,50.74562
2025-05-28 20:56:09,0,0,29.09471,51.13855
2025-05-28 20:56:09,0,0,29.09471,51.13855
2025-05-28 20:56:10,0,0,29.09765,51.40064
2025-05-28 20:56:10,0,0,29.09765,51.40064
2025-05-28 20:56:10,0,0,29.08882,66.28053
2025-05-28 20:56:10,0,0,29.08882,66.28053
2025-05-28 20:56:10,0,0,29.08588,50.09314
2025-05-28 20:56:10,0,0,29.08588,50.09314
2025-05-28 20:56:10,0,0,29.08588,49.25377
2025-05-28 20:56:10,0,0,29.08588,49.25377
2025-05-28 20:56:10,0,0,29.10059,50.19703
2025-05-28 20:56:10,0,0,29.10059,50.19703
2025-05-28 20:56:10,0,0,29.08882,42.11441
2025-05-28 20:56:10,0,0,29.08882,42.11441
2025-05-28 20:56:10,0,0,29.08,49.15423
2025-05-28 20:56:10,0,0,29.08,49.15423
2025-05-28 20:56:11,0,0,29.09176,54.61551
2025-05-28 20:56:11,0,0,29.09176,54.61551
2025-05-28 20:56:11,0,0,29.09471,49.3789
2025-05-28 20:56:11,0,0,29.09471,49.3789
2025-05-28 20:56:11,0,0,29.09176,48.78429
2025-05-28 20:56:11,0,0,29.09176,48.78429
2025-05-28 20:56:11,0,0,29.08882,47.19771
2025-05-28 20:56:11,0,0,29.08882,47.19771
2025-05-28 20:56:11,0,0,29.08294,47.75471
2025-05-28 20:56:11,0,0,29.08294,47.75471
2025-05-28 20:56:11,0,0,29.10059,46.36761
2025-05-28 20:56:11,0,0,29.10059,46.36761
2025-05-28 20:56:12,0,0,29.11235,40.25404
2025-05-28 20:56:12,0,0,29.11235,40.25404
2025-05-28 20:56:12,0,0,29.10647,39.76646
2025-05-28 20:56:12,0,0,29.10647,39.76646
2025-05-28 20:56:12,0,0,29.10941,37.88864
2025-05-28 20:56:12,0,0,29.10941,37.88864
2025-05-28 20:56:12,0,0,29.08588,27.29538
2025-05-28 20:56:12,0,0,29.08588,27.29538
2025-05-28 20:56:12,0,0,29.10059,31.69302
2025-05-28 20:56:12,0,0,29.10059,31.69302
2025-05-28 20:56:12,0,0,29.10647,32.414
2025-05-28 20:56:12,0,0,29.10647,32.414
2025-05-28 20:56:13,0,0,29.10941,49.21162
2025-05-28 20:56:13,0,0,29.10941,49.21162
2025-05-28 20:56:13,0,0,29.09765,44.96616
2025-05-28 20:56:13,0,0,29.09765,44.96616
2025-05-28 20:56:13,0,0,29.10941,38.67347
2025-05-28 20:56:13,0,0,29.10941,38.67347
2025-05-28 20:56:13,0,0,29.11235,97.10011
2025-05-28 20:56:13,0,0,29.11235,97.10011
2025-05-28 20:56:13,0,0,29.10059,42.01285
2025-05-28 20:56:13,0,0,29.10059,42.01285
2025-05-28 20:56:13,0,0,29.09176,43.13073
2025-05-28 20:56:13,0,0,29.09176,43.13073
2025-05-28 20:56:14,0,0,29.10353,34.34526
2025-05-28 20:56:14,0,0,29.10353,34.34526
2025-05-28 20:56:14,0,0,29.10647,43.97967
2025-05-28 20:56:14,0,0,29.10647,43.97967
2025-05-28 20:56:14,0,0,29.11529,43.90989
2025-05-28 20:56:14,0,0,29.11529,43.90989
2025-05-28 20:56:14,0,0,29.11529,42.82511
2025-05-28 20:56:14,0,0,29.11529,42.82511
2025-05-28 20:56:14,0,0,29.11529,44.19643
2025-05-28 20:56:14,0,0,29.11529,44.19643
2025-05-28 20:56:14,0,0,29.10059,44.71885
2025-05-28 20:56:14,0,0,29.10059,44.71885
2025-05-28 20:56:15,0,0,29.10647,43.82364
2025-05-28 20:56:15,0,0,29.10647,43.82364
2025-05-28 20:56:15,0,0,29.10647,44.54079
2025-05-28 20:56:15,0,0,29.10647,44.54079
2025-05-28 20:56:15,0,0,29.11235,44.58167
2025-05-28 20:56:15,0,0,29.11235,44.58167
2025-05-28 20:56:15,0,0,29.10353,43.95817
2025-05-28 20:56:15,0,0,29.10353,43.95817
2025-05-28 20:56:15,0,0,29.10647,42.09073
2025-05-28 20:56:15,0,0,29.10647,42.09073
2025-05-28 20:56:15,0,0,29.10059,43.43675
2025-05-28 20:56:15,0,0,29.10059,43.43675
2025-05-28 20:56:15,0,0,29.11529,44.60822
2025-05-28 20:56:15,0,0,29.11529,44.60822
2025-05-28 20:56:16,0,0,29.09471,45.3479
2025-05-28 20:56:16,0,0,29.09471,45.3479
2025-05-28 20:56:16,0,0,29.09471,42.63117
2025-05-28 20:56:16,0,0,29.09471,42.63117
2025-05-28 20:56:16,0,0,29.09176,43.59472
2025-05-28 20:56:16,0,0,29.09176,43.59472
2025-05-28 20:56:16,0,0,29.09471,43.94242
2025-05-28 20:56:16,0,0,29.09471,43.94242
2025-05-28 20:56:16,0,0,29.09765,42.57501
2025-05-28 20:56:16,0,0,29.09765,42.57501
2025-05-28 20:56:16,0,0,29.08294,44.40982
2025-05-28 20:56:16,0,0,29.08294,44.40982
2025-05-28 20:56:17,0,0,29.09176,43.71759
2025-05-28 20:56:17,0,0,29.09176,43.71759
2025-05-28 20:56:17,0,0,29.08882,42.75728
2025-05-28 20:56:17,0,0,29.08882,42.75728
2025-05-28 20:56:17,0,0,29.08,43.55289
2025-05-28 20:56:17,0,0,29.08,43.55289
2025-05-28 20:56:17,0,0,29.09471,43.92173
2025-05-28 20:56:17,0,0,29.09471,43.92173
2025-05-28 20:56:17,0,0,29.09471,42.73336
2025-05-28 20:56:17,0,0,29.09471,42.73336
2025-05-28 20:56:17,0,0,29.08,41.24797
2025-05-28 20:56:17,0,0,29.08,41.24797
2025-05-28 20:56:18,0,0,29.07118,44.08689
2025-05-28 20:56:18,0,0,29.08,43.42713
2025-05-28 20:56:18,0,0,29.07118,44.08689
2025-05-28 20:56:18,0,0,29.08,43.42713
2025-05-28 20:56:18,0,0,29.06235,44.73059
2025-05-28 20:56:18,0,0,29.06235,44.73059
2025-05-28 20:56:18,0,0,29.06235,43.35809
2025-05-28 20:56:18,0,0,29.06235,43.35809
2025-05-28 20:56:18,0,0,29.07118,41.92229
2025-05-28 20:56:18,0,0,29.07118,41.92229
2025-05-28 20:56:18,0,0,29.07412,43.67861
2025-05-28 20:56:18,0,0,29.07412,43.67861
2025-05-28 20:56:19,0,0,29.07412,43.68482
2025-05-28 20:56:19,0,0,29.07412,43.68482
2025-05-28 20:56:19,0,0,29.06824,44.37426
2025-05-28 20:56:19,0,0,29.06824,44.37426
2025-05-28 20:56:19,0,0,29.07706,41.59402
2025-05-28 20:56:19,0,0,29.07706,41.59402
2025-05-28 20:56:19,0,0,29.07118,42.87464
2025-05-28 20:56:19,0,0,29.07118,42.87464
2025-05-28 20:56:19,0,0,29.06824,44.06504
2025-05-28 20:56:19,0,0,29.06824,44.06504
2025-05-28 20:56:19,0,0,29.06824,40.4674
2025-05-28 20:56:19,0,0,29.06824,40.4674
2025-05-28 20:56:19,0,0,29.06529,40.96872
2025-05-28 20:56:19,0,0,29.06529,40.96872
2025-05-28 20:56:20,0,0,29.07412,33.82987
2025-05-28 20:56:20,0,0,29.07412,33.82987
2025-05-28 20:56:20,0,0,29.07118,48.23283
2025-05-28 20:56:20,0,0,29.07118,48.23283
2025-05-28 20:56:20,0,0,29.07706,50.72319
2025-05-28 20:56:20,0,0,29.07706,50.72319
2025-05-28 20:56:20,0,0,29.10059,51.04206
2025-05-28 20:56:20,0,0,29.10059,51.04206
2025-05-28 20:56:20,0,0,29.09471,51.28109
2025-05-28 20:56:20,0,0,29.09471,51.28109
2025-05-28 20:56:20,0,0,29.07412,51.41293
2025-05-28 20:56:20,0,0,29.07412,51.41293
2025-05-28 20:56:21,0,0,29.08588,50.88151
2025-05-28 20:56:21,0,0,29.08588,50.88151
2025-05-28 20:56:21,0,0,29.08882,51.02666
2025-05-28 20:56:21,0,0,29.08882,51.02666
2025-05-28 20:56:21,0,0,29.09176,49.07091
2025-05-28 20:56:21,0,0,29.09176,49.07091
2025-05-28 20:56:21,0,0,29.07412,41.92838
2025-05-28 20:56:21,0,0,29.07412,41.92838
2025-05-28 20:56:21,0,0,29.08,40.0984
2025-05-28 20:56:21,0,0,29.08,40.0984
2025-05-28 20:56:21,0,0,29.08588,38.59031
2025-05-28 20:56:21,0,0,29.08588,38.59031
2025-05-28 20:56:22,0,0,29.08588,36.6578
2025-05-28 20:56:22,0,0,29.08588,36.6578
2025-05-28 20:56:22,0,0,29.08588,38.82249
2025-05-28 20:56:22,0,0,29.08588,38.82249
2025-05-28 20:56:22,0,0,29.10059,38.43493
2025-05-28 20:56:22,0,0,29.10059,38.43493
2025-05-28 20:56:22,0,0,29.09471,38.16993
2025-05-28 20:56:22,0,0,29.09471,38.16993
2025-05-28 20:56:22,0,0,29.10059,36.045
2025-05-28 20:56:22,0,0,29.10059,36.045
2025-05-28 20:56:22,0,0,29.11235,37.19931
2025-05-28 20:56:22,0,0,29.11235,37.19931
2025-05-28 20:56:23,0,0,29.10941,38.33838
2025-05-28 20:56:23,0,0,29.10941,38.33838
2025-05-28 20:56:23,0,0,29.10647,38.25623
2025-05-28 20:56:23,0,0,29.10647,38.25623
2025-05-28 20:56:23,0,0,29.11235,35.82796
2025-05-28 20:56:23,0,0,29.11235,35.82796
2025-05-28 20:56:23,0,0,29.10353,37.90393
2025-05-28 20:56:23,0,0,29.10353,37.90393
2025-05-28 20:56:23,0,0,29.10353,37.56055
2025-05-28 20:56:23,0,0,29.10353,37.56055
2025-05-28 20:56:23,0,0,29.10647,36.04651
2025-05-28 20:56:23,0,0,29.10647,36.04651
2025-05-28 20:56:24,0,0,29.11235,37.8662
2025-05-28 20:56:24,0,0,29.11235,37.8662
2025-05-28 20:56:24,0,0,29.11823,38.83792
2025-05-28 20:56:24,0,0,29.11823,38.83792
2025-05-28 20:56:24,0,0,29.10941,37.07914
2025-05-28 20:56:24,0,0,29.10941,37.07914
2025-05-28 20:56:24,0,0,29.10647,38.10775
2025-05-28 20:56:24,0,0,29.10647,38.10775
2025-05-28 20:56:24,0,0,29.12706,38.26464
2025-05-28 20:56:24,0,0,29.12706,38.26464
2025-05-28 20:56:24,0,0,29.11235,36.80525
2025-05-28 20:56:24,0,0,29.11235,36.80525
2025-05-28 20:56:24,0,0,29.11529,38.88155
2025-05-28 20:56:24,0,0,29.11529,38.88155
2025-05-28 20:56:25,0,0,29.11235,37.95207
2025-05-28 20:56:25,0,0,29.11235,37.95207
2025-05-28 20:56:25,0,0,29.10647,37.77973
2025-05-28 20:56:25,0,0,29.10647,37.77973
2025-05-28 20:56:25,0,0,29.11529,38.07642
2025-05-28 20:56:25,0,0,29.11529,38.07642
2025-05-28 20:56:25,0,0,29.11529,36.57167
2025-05-28 20:56:25,0,0,29.11529,36.57167
2025-05-28 20:56:25,0,0,29.10647,38.06034
2025-05-28 20:56:25,0,0,29.10647,38.06034
2025-05-28 20:56:25,0,0,29.10941,38.33555
2025-05-28 20:56:25,0,0,29.10941,38.33555
2025-05-28 20:56:26,0,0,29.10647,37.03545
2025-05-28 20:56:26,0,0,29.10647,37.03545
2025-05-28 20:56:26,0,0,29.11235,38.33768
2025-05-28 20:56:26,0,0,29.11235,38.33768
2025-05-28 20:56:26,0,0,29.11235,37.69265
2025-05-28 20:56:26,0,0,29.11235,37.69265
2025-05-28 20:56:26,0,0,29.11235,36.08114
2025-05-28 20:56:26,0,0,29.11235,36.08114
2025-05-28 20:56:26,0,0,29.09765,38.089
2025-05-28 20:56:26,0,0,29.09765,38.089
2025-05-28 20:56:26,0,0,29.10941,39.23611
2025-05-28 20:56:26,0,0,29.10941,39.23611
2025-05-28 20:56:27,0,0,29.11529,36.9291
2025-05-28 20:56:27,0,0,29.10059,38.4751
2025-05-28 20:56:27,0,0,29.11529,36.9291
2025-05-28 20:56:27,0,0,29.10059,38.4751
2025-05-28 20:56:27,0,0,29.10647,38.4149
2025-05-28 20:56:27,0,0,29.10647,38.4149
2025-05-28 20:56:27,0,0,29.09176,37.17048
2025-05-28 20:56:27,0,0,29.09176,37.17048
2025-05-28 20:56:27,0,0,29.10647,38.33406
2025-05-28 20:56:27,0,0,29.10647,38.33406
2025-05-28 20:56:27,0,0,29.11529,37.47841
2025-05-28 20:56:27,0,0,29.11529,37.47841
2025-05-28 20:56:28,0,0,29.11235,38.16659
2025-05-28 20:56:28,0,0,29.11235,38.16659
2025-05-28 20:56:28,0,0,29.10941,38.81609
2025-05-28 20:56:28,0,0,29.10941,38.81609
2025-05-28 20:56:28,0,0,29.11529,37.27736
2025-05-28 20:56:28,0,0,29.11529,37.27736
2025-05-28 20:56:28,0,0,29.12118,38.05774
2025-05-28 20:56:28,0,0,29.12118,38.05774
2025-05-28 20:56:28,0,0,29.12706,37.8714
2025-05-28 20:56:28,0,0,29.12706,37.8714
2025-05-28 20:56:28,0,0,29.12118,36.13123
2025-05-28 20:56:28,0,0,29.12118,36.13123
2025-05-28 20:56:28,0,0,29.10941,38.0416
2025-05-28 20:56:28,0,0,29.10941,38.0416
2025-05-28 20:56:29,0,0,29.12118,37.83546
2025-05-28 20:56:29,0,0,29.12118,37.83546
2025-05-28 20:56:29,0,0,29.11823,36.61417
2025-05-28 20:56:29,0,0,29.11823,36.61417
2025-05-28 20:56:29,0,0,29.10941,37.89336
2025-05-28 20:56:29,0,0,29.10941,37.89336
2025-05-28 20:56:29,0,0,29.10941,38.88649
2025-05-28 20:56:29,0,0,29.10941,38.88649
2025-05-28 20:56:29,0,0,29.12412,36.74541
2025-05-28 20:56:29,0,0,29.12412,36.74541
2025-05-28 20:56:29,0,0,29.10941,39.36311
2025-05-28 20:56:29,0,0,29.10941,39.36311
2025-05-28 20:56:30,0,0,29.09765,38.46491
2025-05-28 20:56:30,0,0,29.09765,38.46491
2025-05-28 20:56:30,0,0,29.10353,37.51651
2025-05-28 20:56:30,0,0,29.10353,37.51651
2025-05-28 20:56:30,0,0,29.10059,38.48842
2025-05-28 20:56:30,0,0,29.10059,38.48842
2025-05-28 20:56:30,0,0,29.09471,37.4188
2025-05-28 20:56:30,0,0,29.09471,37.4188
2025-05-28 20:56:30,0,0,29.09765,38.43493
2025-05-28 20:56:30,0,0,29.09765,38.43493
2025-05-28 20:56:30,0,0,29.09471,37.97582
2025-05-28 20:56:30,0,0,29.09471,37.97582
2025-05-28 20:56:31,0,0,29.09471,37.3147
2025-05-28 20:56:31,0,0,29.09471,37.3147
2025-05-28 20:56:31,0,0,29.09176,38.16254
2025-05-28 20:56:31,0,0,29.09176,38.16254
2025-05-28 20:56:31,0,0,29.08882,37.29038
2025-05-28 20:56:31,0,0,29.08882,37.29038
2025-05-28 20:56:31,0,0,29.09176,38.14075
2025-05-28 20:56:31,0,0,29.09471,37.58651
2025-05-28 20:56:31,0,0,29.09176,38.14075
2025-05-28 20:56:31,0,0,29.09471,37.58651
2025-05-28 20:56:31,0,0,29.08294,39.23717
2025-05-28 20:56:31,0,0,29.08294,39.23717
2025-05-28 20:56:32,0,0,29.07412,37.2164
2025-05-28 20:56:32,0,0,29.07412,37.2164
2025-05-28 20:56:32,0,0,29.08,38.12886
2025-05-28 20:56:32,0,0,29.08,38.12886
2025-05-28 20:56:32,0,0,29.06824,38.64629
2025-05-28 20:56:32,0,0,29.06824,38.64629
2025-05-28 20:56:32,0,0,29.09176,37.2807
2025-05-28 20:56:32,0,0,29.09176,37.2807
2025-05-28 20:56:32,0,0,29.08882,36.19658
2025-05-28 20:56:32,0,0,29.08882,36.19658
2025-05-28 20:56:32,0,0,29.10353,37.75734
2025-05-28 20:56:32,0,0,29.10353,37.75734
2025-05-28 20:56:33,0,0,29.09176,38.48179
2025-05-28 20:56:33,0,0,29.09176,38.48179
2025-05-28 20:56:33,0,0,29.09765,36.32761
2025-05-28 20:56:33,0,0,29.09765,36.32761
2025-05-28 20:56:33,0,0,29.09765,38.06818
2025-05-28 20:56:33,0,0,29.09765,38.06818
2025-05-28 20:56:33,0,0,29.09471,38.72229
2025-05-28 20:56:33,0,0,29.09471,38.72229
2025-05-28 20:56:33,0,0,29.09471,37.21739
2025-05-28 20:56:33,0,0,29.09471,37.21739
2025-05-28 20:56:33,0,0,29.08588,38.57331
2025-05-28 20:56:33,0,0,29.08588,38.57331
2025-05-28 20:56:33,0,0,29.10941,38.36752
2025-05-28 20:56:33,0,0,29.10941,38.36752
2025-05-28 20:56:34,0,0,29.10647,37.88411
2025-05-28 20:56:34,0,0,29.10647,37.88411
2025-05-28 20:56:34,0,0,29.10059,36.1194
2025-05-28 20:56:34,0,0,29.10059,36.1194
2025-05-28 20:56:34,0,0,29.09471,37.80172
2025-05-28 20:56:34,0,0,29.09471,37.80172
2025-05-28 20:56:34,0,0,29.10059,37.25664
2025-05-28 20:56:34,0,0,29.10059,37.25664
2025-05-28 20:56:34,0,0,29.09176,36.43042
2025-05-28 20:56:34,0,0,29.09176,36.43042
2025-05-28 20:56:34,0,0,29.10059,37.60458
2025-05-28 20:56:34,0,0,29.10059,37.60458
2025-05-28 20:56:35,0,0,29.10647,38.07642
2025-05-28 20:56:35,0,0,29.10647,38.07642
2025-05-28 20:56:35,0,0,29.10059,38.28338
2025-05-28 20:56:35,0,0,29.10059,38.28338
2025-05-28 20:56:35,0,0,29.10941,37.11121
2025-05-28 20:56:35,0,0,29.10941,37.11121
2025-05-28 20:56:35,0,0,29.09765,37.78261
2025-05-28 20:56:35,0,0,29.09765,37.78261
2025-05-28 20:56:35,0,0,29.09471,37.81223
2025-05-28 20:56:35,0,0,29.09471,37.81223
2025-05-28 20:56:35,0,0,29.08294,35.76359
2025-05-28 20:56:35,0,0,29.08294,35.76359
2025-05-28 20:56:36,0,0,29.10059,38.33992
2025-05-28 20:56:36,0,0,29.10059,38.33992
2025-05-28 20:56:36,0,0,29.10059,37.951
2025-05-28 20:56:36,0,0,29.10059,37.951
2025-05-28 20:56:36,0,0,29.11235,38.56266
2025-05-28 20:56:36,0,0,29.11235,38.56266
2025-05-28 20:56:36,0,0,29.11823,37.77485
2025-05-28 20:56:36,0,0,29.11823,37.77485
2025-05-28 20:56:36,0,0,29.11529,37.53316
2025-05-28 20:56:36,0,0,29.11529,37.53316
2025-05-28 20:56:36,0,0,29.10647,36.67953
2025-05-28 20:56:36,0,0,29.10647,36.67953
2025-05-28 20:56:37,0,0,29.10353,37.86829
2025-05-28 20:56:37,0,0,29.10353,37.86829
2025-05-28 20:56:37,0,0,29.10647,38.2236
2025-05-28 20:56:37,0,0,29.10647,38.2236
2025-05-28 20:56:37,0,0,29.10353,36.64459
2025-05-28 20:56:37,0,0,29.10353,36.64459
2025-05-28 20:56:37,0,0,29.10647,37.53316
2025-05-28 20:56:37,0,0,29.10647,37.53316
2025-05-28 20:56:37,0,0,29.10353,38.55634
2025-05-28 20:56:37,0,0,29.10353,38.55634
2025-05-28 20:56:37,0,0,29.09765,37.09678
2025-05-28 20:56:37,0,0,29.09765,37.09678
2025-05-28 20:56:37,0,0,29.09471,36.48941
2025-05-28 20:56:37,0,0,29.09471,36.48941
2025-05-28 20:56:38,0,0,29.11235,38.89853
2025-05-28 20:56:38,0,0,29.11235,38.89853
2025-05-28 20:56:38,0,0,29.10647,37.92075
2025-05-28 20:56:38,0,0,29.10647,37.92075
2025-05-28 20:56:38,0,0,29.10941,38.42105
2025-05-28 20:56:38,0,0,29.10941,38.42105
2025-05-28 20:56:38,0,0,29.10059,38.69151
2025-05-28 20:56:38,0,0,29.10059,38.69151
2025-05-28 20:56:38,0,0,29.09471,36.93182
2025-05-28 20:56:38,0,0,29.09471,36.93182
2025-05-28 20:56:38,0,0,29.10059,39.10143
2025-05-28 20:56:38,0,0,29.10059,39.10143
2025-05-28 20:56:39,0,0,29.10059,38.40739
2025-05-28 20:56:39,0,0,29.10059,38.40739
2025-05-28 20:56:39,0,0,29.10647,37.79841
2025-05-28 20:56:39,0,0,29.10647,37.79841
2025-05-28 20:56:39,0,0,29.10059,38.57645
2025-05-28 20:56:39,0,0,29.10059,38.57645
2025-05-28 20:56:39,0,0,29.10941,38.16362
2025-05-28 20:56:39,0,0,29.10941,38.16362
2025-05-28 20:56:39,0,0,29.11529,38.04921
2025-05-28 20:56:39,0,0,29.11529,38.04921
2025-05-28 20:56:39,0,0,29.11235,36.30875
2025-05-28 20:56:39,0,0,29.11235,36.30875
2025-05-28 20:56:40,0,0,29.10059,37.86493
2025-05-28 20:56:40,0,0,29.10059,37.86493
2025-05-28 20:56:40,0,0,29.09765,39.08297
2025-05-28 20:56:40,0,0,29.09765,39.08297
2025-05-28 20:56:40,0,0,29.10059,36.71053
2025-05-28 20:56:40,0,0,29.10059,36.71053
2025-05-28 20:56:40,0,0,29.09176,38.00527
2025-05-28 20:56:40,0,0,29.09176,38.00527
2025-05-28 20:56:40,0,0,29.08882,38.41088
2025-05-28 20:56:40,0,0,29.08882,38.41088
2025-05-28 20:56:40,0,0,29.09765,37.77283
2025-05-28 20:56:40,0,0,29.09765,37.77283
2025-05-28 20:56:41,0,0,29.09176,39.09974
2025-05-28 20:56:41,0,0,29.09176,39.09974
2025-05-28 20:56:41,0,0,29.09176,37.45614
2025-05-28 20:56:41,0,0,29.09176,37.45614
2025-05-28 20:56:41,0,0,29.08588,38.27919
2025-05-28 20:56:41,0,0,29.08588,38.27919
2025-05-28 20:56:41,0,0,29.08,37.81401
2025-05-28 20:56:41,0,0,29.08,37.81401
2025-05-28 20:56:41,0,0,29.10353,38.19687
2025-05-28 20:56:41,0,0,29.10353,38.19687
2025-05-28 20:56:41,0,0,29.09176,37.67482
2025-05-28 20:56:41,0,0,29.09176,37.67482
2025-05-28 20:56:42,0,0,29.08588,38.48552
2025-05-28 20:56:42,0,0,29.08588,38.48552
2025-05-28 20:56:42,0,0,29.09471,36.74518
2025-05-28 20:56:42,0,0,29.09471,36.74518
2025-05-28 20:56:42,0,0,29.09765,38.13933
2025-05-28 20:56:42,0,0,29.09765,38.13933
2025-05-28 20:56:42,0,0,29.08882,36.95364
2025-05-28 20:56:42,0,0,29.08882,36.95364
2025-05-28 20:56:42,0,0,29.08,36.35193
2025-05-28 20:56:42,0,0,29.08,36.35193
2025-05-28 20:56:42,0,0,29.06824,37.72846
2025-05-28 20:56:42,0,0,29.06824,37.72846
2025-05-28 20:56:42,0,0,29.06824,38.58369
2025-05-28 20:56:42,0,0,29.06824,38.58369
2025-05-28 20:56:43,0,0,29.07118,39.02439
2025-05-28 20:56:43,0,0,29.07118,39.02439
2025-05-28 20:56:43,0,0,29.07706,21.27072
2025-05-28 20:56:43,0,0,29.06824,47.60753
2025-05-28 20:56:46,0,0,29.09176,50.8541
2025-05-28 20:56:46,0,0,29.09765,51.10593
2025-05-28 20:56:46,0,0,29.10353,51.2077
2025-05-28 20:56:46,0,0,29.10059,51.29442
2025-05-28 20:56:47,0,0,29.09765,51.3171
2025-05-28 20:56:47,0,0,29.09471,51.31102
2025-05-28 20:56:46,0,0,29.10059,51.29442
2025-05-28 20:56:47,0,0,29.06824,51.33198
2025-05-28 20:56:47,0,0,29.09765,51.3171
2025-05-28 20:56:47,0,0,29.09471,51.31102
2025-05-28 20:56:47,0,0,29.06824,51.33198
2025-05-28 20:56:47,0,0,29.08,51.2772
2025-05-28 20:56:47,0,0,29.08,51.2772
2025-05-28 20:56:47,0,0,29.07412,51.24463
2025-05-28 20:56:47,0,0,29.07412,51.24463
2025-05-28 20:56:47,0,0,29.07706,51.23437
2025-05-28 20:56:47,0,0,29.07706,51.23437
2025-05-28 20:56:48,0,0,29.08,51.22416
2025-05-28 20:56:48,0,0,29.08,51.22416
2025-05-28 20:56:48,0,0,29.06824,51.24684
2025-05-28 20:56:48,0,0,29.06824,51.24684
2025-05-28 20:56:48,0,0,29.08294,51.27158
2025-05-28 20:56:48,0,0,29.08294,51.27158
2025-05-28 20:56:48,0,0,29.09176,51.25322
2025-05-28 20:56:48,0,0,29.09176,51.25322
2025-05-28 20:56:48,0,0,29.07706,51.28197
2025-05-28 20:56:48,0,0,29.07706,51.28197
2025-05-28 20:56:48,0,0,29.07118,51.27909
2025-05-28 20:56:48,0,0,29.07118,51.27909
2025-05-28 20:56:49,0,0,29.08,51.00578
2025-05-28 20:56:49,0,0,29.08,51.00578
2025-05-28 20:56:49,0,0,29.08294,39.52237
2025-05-28 20:56:49,0,0,29.08294,39.52237
2025-05-28 20:56:49,0,0,29.09471,66.59937
2025-05-28 20:56:49,0,0,29.09471,66.59937
2025-05-28 20:56:49,0,0,29.08588,49.6805
2025-05-28 20:56:49,0,0,29.08588,49.6805
2025-05-28 20:56:49,0,0,29.08294,50.99979
2025-05-28 20:56:49,0,0,29.08294,50.99979
2025-05-28 20:56:49,0,0,29.07412,51.23143
2025-05-28 20:56:49,0,0,29.07412,51.23143
2025-05-28 20:56:50,0,0,29.06824,51.34516
2025-05-28 20:56:50,0,0,29.06824,51.34516
2025-05-28 20:56:50,0,0,29.06529,51.40946
2025-05-28 20:56:50,0,0,29.07118,51.41368
2025-05-28 20:56:50,0,0,29.06529,51.40946
2025-05-28 20:56:50,0,0,29.07118,51.41368
2025-05-28 20:56:50,0,0,29.07412,51.42392
2025-05-28 20:56:50,0,0,29.07412,51.42392
2025-05-28 20:56:50,0,0,29.06824,51.47205
2025-05-28 20:56:50,0,0,29.06824,51.47205
2025-05-28 20:56:50,0,0,29.08,51.4875
2025-05-28 20:56:50,0,0,29.08,51.4875
2025-05-28 20:56:51,0,0,29.05941,51.46759
2025-05-28 20:56:51,0,0,29.05941,51.46759
2025-05-28 20:56:51,0,0,29.07118,51.48452
2025-05-28 20:56:51,0,0,29.07118,51.48452
2025-05-28 20:56:51,0,0,29.07412,51.50628
2025-05-28 20:56:51,0,0,29.07412,51.50628
2025-05-28 20:56:51,0,0,29.07706,51.50397
2025-05-28 20:56:51,0,0,29.07706,51.50397
2025-05-28 20:56:51,0,0,29.07706,51.49383
2025-05-28 20:56:51,0,0,29.07412,51.50824
2025-05-28 20:56:51,0,0,29.07706,51.49383
2025-05-28 20:56:51,0,0,29.07412,51.50824
2025-05-28 20:56:51,0,0,29.07706,51.53115
2025-05-28 20:56:51,0,0,29.07706,51.53115
2025-05-28 20:56:52,0,0,29.08294,51.5422
2025-05-28 20:56:52,0,0,29.08294,51.5422
2025-05-28 20:56:52,0,0,29.07706,51.56931
2025-05-28 20:56:52,0,0,29.07706,51.56931
2025-05-28 20:56:52,0,0,29.06824,51.55109
2025-05-28 20:56:52,0,0,29.06824,51.55109
2025-05-28 20:56:52,0,0,29.06529,51.55357
2025-05-28 20:56:52,0,0,29.06529,51.55357
2025-05-28 20:56:52,0,0,29.06824,51.58836
2025-05-28 20:56:52,0,0,29.06824,51.58836
2025-05-28 20:56:52,0,0,29.06824,51.59103
2025-05-28 20:56:52,0,0,29.06824,51.59103
2025-05-28 20:56:53,0,0,29.06824,51.56771
2025-05-28 20:56:53,0,0,29.06824,51.56771
2025-05-28 20:56:53,0,0,29.06824,51.58638
2025-05-28 20:56:53,0,0,29.06824,51.58638
2025-05-28 20:56:53,0,0,29.06235,51.6167
2025-05-28 20:56:53,0,0,29.06235,51.6167
2025-05-28 20:56:53,0,0,29.05647,51.61263
2025-05-28 20:56:53,0,0,29.05647,51.61263
2025-05-28 20:56:53,0,0,29.05353,51.57702
2025-05-28 20:56:53,0,0,29.05353,51.57702
2025-05-28 20:56:53,0,0,29.06824,51.63208
2025-05-28 20:56:53,0,0,29.06824,51.63208
2025-05-28 20:56:54,0,0,29.06824,51.6219
2025-05-28 20:56:54,0,0,29.06824,51.6219
2025-05-28 20:56:54,0,0,29.05059,51.64537
2025-05-28 20:56:54,0,0,29.05059,51.64537
2025-05-28 20:56:54,0,0,29.06824,51.60699
2025-05-28 20:56:54,0,0,29.06824,51.60699
2025-05-28 20:56:54,0,0,29.07412,51.60944
2025-05-28 20:56:54,0,0,29.07412,51.60944
2025-05-28 20:56:54,0,0,29.05353,51.65671
2025-05-28 20:56:54,0,0,29.05353,51.65671
2025-05-28 20:56:54,0,0,29.04471,51.67416
2025-05-28 20:56:54,0,0,29.04471,51.67416
2025-05-28 20:56:55,0,0,29.05353,51.62009
2025-05-28 20:56:55,0,0,29.05353,51.62009
2025-05-28 20:56:55,0,0,29.05647,51.60048
2025-05-28 20:56:55,0,0,29.05647,51.60048
2025-05-28 20:56:55,0,0,29.04765,51.69756
2025-05-28 20:56:55,0,0,29.05647,51.77246
2025-05-28 20:56:55,0,0,29.04765,51.69756
2025-05-28 20:56:55,0,0,29.05647,51.77246
2025-05-28 20:56:55,0,0,29.06529,51.77958
2025-05-28 20:56:55,0,0,29.06529,51.77958
2025-05-28 20:56:55,0,0,29.05647,51.5802
2025-05-28 20:56:55,0,0,29.05647,51.5802
2025-05-28 20:56:55,0,0,29.04471,51.0771
2025-05-28 20:56:55,0,0,29.04471,51.0771
2025-05-28 20:56:56,0,0,29.05647,55.16685
2025-05-28 20:56:56,0,0,29.05647,55.16685
2025-05-28 20:56:56,0,0,29.06529,46.9007
2025-05-28 20:56:56,0,0,29.06529,46.9007
2025-05-28 20:56:56,0,0,29.05941,44.08385
2025-05-28 20:56:56,0,0,29.05941,44.08385
2025-05-28 20:56:56,0,0,29.06235,42.67575
2025-05-28 20:56:56,0,0,29.06235,42.67575
2025-05-28 20:56:56,0,0,29.07706,41.43076
2025-05-28 20:56:56,0,0,29.07706,41.43076
2025-05-28 20:56:56,0,0,29.05941,38.75111
2025-05-28 20:56:56,0,0,29.05941,38.75111
2025-05-28 20:56:57,0,0,29.05647,39.49343
2025-05-28 20:56:57,0,0,29.05647,39.49343
2025-05-28 20:56:57,0,0,29.06529,38.91032
2025-05-28 20:56:57,0,0,29.06529,38.91032
2025-05-28 20:56:57,0,0,29.07118,44.38525
2025-05-28 20:56:57,0,0,29.07118,44.38525
2025-05-28 20:56:57,0,0,29.06529,38.63636
2025-05-28 20:56:57,0,0,29.06529,38.63636
2025-05-28 20:56:57,0,0,29.04471,39.31829
2025-05-28 20:56:57,0,0,29.04471,39.31829
2025-05-28 20:56:57,0,0,29.05059,37.20708
2025-05-28 20:56:57,0,0,29.05059,37.20708
2025-05-28 20:56:58,0,0,29.04471,39.57935
2025-05-28 20:56:58,0,0,29.04471,39.57935
2025-05-28 20:56:58,0,0,29.04765,39.10348
2025-05-28 20:56:58,0,0,29.04765,39.10348
2025-05-28 20:56:58,0,0,29.05059,38.40996
2025-05-28 20:56:58,0,0,29.05059,38.40996
2025-05-28 20:56:58,0,0,29.03882,39.83856
2025-05-28 20:56:58,0,0,29.03882,39.83856
2025-05-28 20:56:58,0,0,29.03588,39.09134
2025-05-28 20:56:58,0,0,29.03588,39.09134
2025-05-28 20:56:58,0,0,29.03588,39.23929
2025-05-28 20:56:58,0,0,29.03588,39.23929
2025-05-28 20:56:59,0,0,29.05059,37.8673
2025-05-28 20:56:59,0,0,29.05059,37.8673
2025-05-28 20:56:59,0,0,29.03294,39.01858
2025-05-28 20:56:59,0,0,29.03294,39.01858
2025-05-28 20:56:59,0,0,29.03588,39.87672
2025-05-28 20:56:59,0,0,29.03588,39.87672
2025-05-28 20:56:59,0,0,29.04765,37.2315
2025-05-28 20:56:59,0,0,29.04765,37.2315
2025-05-28 20:56:59,0,0,29.03294,40.13672
2025-05-28 20:56:59,0,0,29.03294,40.13672
2025-05-28 20:56:59,0,0,29.04177,39.51032
2025-05-28 20:57:00,0,0,29.04765,38.1827
2025-05-28 20:56:59,0,0,29.04177,39.51032
2025-05-28 20:57:00,0,0,29.04765,38.1827
2025-05-28 20:57:00,0,0,29.03588,37.25306
2025-05-28 20:57:00,0,0,29.03588,37.25306
2025-05-28 20:57:00,0,0,29.04765,37.95861
2025-05-28 20:57:00,0,0,29.04765,37.95861
2025-05-28 20:57:00,0,0,29.04765,39.38815
2025-05-28 20:57:00,0,0,29.04765,39.38815
2025-05-28 20:57:00,0,0,29.04177,40.24331
2025-05-28 20:57:00,0,0,29.05353,37.1134
2025-05-28 20:57:00,0,0,29.04177,40.24331
2025-05-28 20:57:00,0,0,29.05353,37.1134
2025-05-28 20:57:00,0,0,29.03882,39.38074
2025-05-28 20:57:00,0,0,29.03882,39.38074
2025-05-28 20:57:01,0,0,29.05941,38.09064
2025-05-28 20:57:01,0,0,29.05941,38.09064
2025-05-28 20:57:01,0,0,29.05059,39.34983
2025-05-28 20:57:01,0,0,29.05059,39.34983
2025-05-28 20:57:01,0,0,29.05059,38.70353
2025-05-28 20:57:01,0,0,29.05059,38.70353
2025-05-28 20:57:01,0,0,29.05059,38.75182
2025-05-28 20:57:01,0,0,29.05059,38.75182
2025-05-28 20:57:01,0,0,29.05353,40.00994
2025-05-28 20:57:01,0,0,29.05353,40.00994
2025-05-28 20:57:01,0,0,29.03588,37.70647
2025-05-28 20:57:01,0,0,29.03588,37.70647
2025-05-28 20:57:02,0,0,29.05647,38.62884
2025-05-28 20:57:02,0,0,29.05647,38.62884
2025-05-28 20:57:02,0,0,29.05353,38.64307
2025-05-28 20:57:02,0,0,29.05353,38.64307
2025-05-28 20:57:02,0,0,29.04471,40.22428
2025-05-28 20:57:02,0,0,29.04471,40.22428
2025-05-28 20:57:02,0,0,29.06824,39.32854
2025-05-28 20:57:02,0,0,29.06824,39.32854
2025-05-28 20:57:02,0,0,29.04471,38.41699
2025-05-28 20:57:02,0,0,29.04471,38.41699
2025-05-28 20:57:02,0,0,29.05647,39.65268
2025-05-28 20:57:02,0,0,29.05647,39.65268
2025-05-28 20:57:03,0,0,29.03882,37.55935
2025-05-28 20:57:03,0,0,29.03882,37.55935
2025-05-28 20:57:03,0,0,29.04471,38.99192
2025-05-28 20:57:03,0,0,29.04471,38.99192
2025-05-28 20:57:03,0,0,29.04177,39.36853
2025-05-28 20:57:03,0,0,29.04177,39.36853
2025-05-28 20:57:03,0,0,29.02118,37.93262
2025-05-28 20:57:03,0,0,29.02118,37.93262
2025-05-28 20:57:03,0,0,29.02118,38.78934
2025-05-28 20:57:03,0,0,29.02118,38.78934
2025-05-28 20:57:03,0,0,29.0153,38.96167
2025-05-28 20:57:03,0,0,29.0153,38.96167
2025-05-28 20:57:04,0,0,29.00941,37.25859
2025-05-28 20:57:04,0,0,29.00941,37.25859
2025-05-28 20:57:04,0,0,29.03,38.43554
2025-05-28 20:57:04,0,0,29.03,38.43554
2025-05-28 20:57:04,0,0,29.03294,38.69713
2025-05-28 20:57:04,0,0,29.03588,40.54983
2025-05-28 20:57:04,0,0,29.03294,38.69713
2025-05-28 20:57:04,0,0,29.03588,40.54983
2025-05-28 20:57:04,0,0,29.02706,39.16828
2025-05-28 20:57:04,0,0,29.02706,39.16828
2025-05-28 20:57:04,0,0,29.01235,39.85611
2025-05-28 20:57:04,0,0,29.01235,39.85611
2025-05-28 20:57:04,0,0,29.02118,38.1827
2025-05-28 20:57:04,0,0,29.02118,38.1827
2025-05-28 20:57:05,0,0,29.02706,39.3586
2025-05-28 20:57:05,0,0,29.02706,39.3586
2025-05-28 20:57:05,0,0,29.00647,38.72503
2025-05-28 20:57:05,0,0,29.00647,38.72503
2025-05-28 20:57:05,0,0,29.01824,39.91292
2025-05-28 20:57:05,0,0,29.01824,39.91292
2025-05-28 20:57:05,0,0,29.02412,38.61151
2025-05-28 20:57:05,0,0,29.02412,38.61151
2025-05-28 20:57:05,0,0,29.03294,36.41563
2025-05-28 20:57:05,0,0,29.02118,38.61769
2025-05-28 20:57:05,0,0,29.03294,36.41563
2025-05-28 20:57:05,0,0,29.02118,38.61769
2025-05-28 20:57:06,0,0,29.03,39.01258
2025-05-28 20:57:06,0,0,29.03,39.01258
2025-05-28 20:57:06,0,0,29.01824,37.02325
2025-05-28 20:57:06,0,0,29.01824,37.02325
2025-05-28 20:57:06,0,0,29.0153,39.36523
2025-05-28 20:57:06,0,0,29.0153,39.36523
2025-05-28 20:57:06,0,0,29.0153,39.31001
2025-05-28 20:57:06,0,0,29.0153,39.31001
2025-05-28 20:57:06,0,0,28.99765,37.30545
2025-05-28 20:57:06,0,0,28.99765,37.30545
2025-05-28 20:57:06,0,0,29.00941,39.1514
2025-05-28 20:57:06,0,0,29.00941,39.1514
2025-05-28 20:57:07,0,0,29.00059,39.69538
2025-05-28 20:57:07,0,0,29.00059,39.69538
2025-05-28 20:57:07,0,0,28.98294,37.53609
2025-05-28 20:57:07,0,0,28.98294,37.53609
2025-05-28 20:57:07,0,0,28.98294,39.92134
2025-05-28 20:57:07,0,0,28.98294,39.92134
2025-05-28 20:57:07,0,0,28.98588,39.18723
2025-05-28 20:57:07,0,0,28.98588,39.18723
2025-05-28 20:57:07,0,0,28.98588,38.76864
2025-05-28 20:57:07,0,0,28.98588,38.76864
2025-05-28 20:57:07,0,0,28.99176,37.91288
2025-05-28 20:57:07,0,0,28.99176,37.91288
2025-05-28 20:57:08,0,0,28.97706,39.06776
2025-05-28 20:57:08,0,0,28.97706,39.06776
2025-05-28 20:57:08,0,0,28.97412,39.80952
2025-05-28 20:57:08,0,0,28.97412,39.80952
2025-05-28 20:57:08,0,0,28.97706,37.56027
2025-05-28 20:57:08,0,0,28.97706,37.56027
2025-05-28 20:57:08,0,0,28.97412,39.54968
2025-05-28 20:57:08,0,0,28.97412,39.54968
2025-05-28 20:57:08,0,0,28.97118,39.67022
2025-05-28 20:57:08,0,0,28.97118,39.67022
2025-05-28 20:57:08,0,0,28.96529,39.0197
2025-05-28 20:57:08,0,0,28.96529,39.0197
2025-05-28 20:57:09,0,0,28.96824,40.11273
2025-05-28 20:57:09,0,0,28.96824,40.11273
2025-05-28 20:57:09,0,0,28.96529,38.83965
2025-05-28 20:57:09,0,0,28.97118,40.81547
2025-05-28 20:57:09,0,0,28.96529,38.83965
2025-05-28 20:57:09,0,0,28.97118,40.81547
2025-05-28 20:57:09,0,0,28.96529,39.70021
2025-05-28 20:57:09,0,0,28.96529,39.70021
2025-05-28 20:57:09,0,0,28.97412,37.94183
2025-05-28 20:57:09,0,0,28.97412,37.94183
2025-05-28 20:57:09,0,0,28.96824,40.64264
2025-05-28 20:57:09,0,0,28.96824,40.64264
2025-05-28 20:57:09,0,0,28.96235,41.66667
2025-05-28 20:57:09,0,0,28.96235,41.66667
2025-05-28 20:57:10,0,0,28.97412,41.3896
2025-05-28 20:57:10,0,0,28.97412,41.3896
2025-05-28 20:57:10,0,0,28.95941,38.78902
2025-05-28 20:57:10,0,0,28.95941,38.78902
2025-05-28 20:57:10,0,0,28.95647,38.85135
2025-05-28 20:57:10,0,0,28.95647,38.85135
2025-05-28 20:57:10,0,0,28.94471,39.27493
2025-05-28 20:57:10,0,0,28.94471,39.27493
2025-05-28 20:57:10,0,0,28.94765,38.95041
2025-05-28 20:57:10,0,0,28.94765,38.95041
2025-05-28 20:57:10,0,0,28.93882,38.41671
2025-05-28 20:57:10,0,0,28.93882,38.41671
2025-05-28 20:57:11,0,0,28.93588,39.25189
2025-05-28 20:57:11,0,0,28.93588,39.25189
2025-05-28 20:57:11,0,0,28.93588,39.69874
2025-05-28 20:57:11,0,0,28.93588,39.69874
2025-05-28 20:57:11,0,0,28.93588,38.88092
2025-05-28 20:57:11,0,0,28.93588,38.88092
2025-05-28 20:57:11,0,0,28.92706,38.86995
2025-05-28 20:57:11,0,0,28.92706,38.86995
2025-05-28 20:57:11,0,0,28.93882,39.88066
2025-05-28 20:57:11,0,0,28.93882,39.88066
2025-05-28 20:57:11,0,0,28.94765,37.84037
2025-05-28 20:57:11,0,0,28.94765,37.84037
2025-05-28 20:57:12,0,0,28.94765,39.04988
2025-05-28 20:57:12,0,0,28.94765,39.04988
2025-05-28 20:57:12,0,0,28.93882,39.08101
2025-05-28 20:57:12,0,0,28.93882,39.08101
2025-05-28 20:57:12,0,0,28.95353,39.29264
2025-05-28 20:57:12,0,0,28.95353,39.29264
2025-05-28 20:57:12,0,0,28.95941,38.91814
2025-05-28 20:57:12,0,0,28.95941,38.91814
2025-05-28 20:57:12,0,0,28.95941,38.92944
2025-05-28 20:57:12,0,0,28.95941,38.92944
2025-05-28 20:57:12,0,0,28.94765,37.86361
2025-05-28 20:57:12,0,0,28.94765,37.86361
2025-05-28 20:57:13,0,0,28.95353,38.52102
2025-05-28 20:57:13,0,0,28.95353,38.52102
2025-05-28 20:57:13,0,0,28.95647,38.44306
2025-05-28 20:57:13,0,0,28.95647,38.44306
2025-05-28 20:57:13,0,0,28.95353,38.87588
2025-05-28 20:57:13,0,0,28.95353,38.87588
2025-05-28 20:57:13,0,0,28.94471,39.83382
2025-05-28 20:57:13,0,0,28.94471,39.83382
2025-05-28 20:57:13,0,0,28.95647,39.06326
2025-05-28 20:57:13,0,0,28.95647,39.06326
2025-05-28 20:57:13,0,0,28.95647,38.6988
2025-05-28 20:57:13,0,0,28.95647,38.6988
2025-05-28 20:57:13,0,0,28.95647,36.6164
2025-05-28 20:57:13,0,0,28.95647,36.6164
2025-05-28 20:57:14,0,0,28.93882,38.97657
2025-05-28 20:57:14,0,0,28.93882,38.97657
2025-05-28 20:57:14,0,0,28.94765,39.84337
2025-05-28 20:57:14,0,0,28.94765,39.84337
2025-05-28 20:57:14,0,0,28.94176,37.24735
2025-05-28 20:57:14,0,0,28.94176,37.24735
2025-05-28 20:57:14,0,0,28.95059,39.47876
2025-05-28 20:57:14,0,0,28.95059,39.47876
2025-05-28 20:57:14,0,0,28.93882,38.54369
2025-05-28 20:57:14,0,0,28.93882,38.54369
2025-05-28 20:57:14,0,0,28.95059,38.6082
2025-05-28 20:57:14,0,0,28.95059,38.6082
2025-05-28 20:57:15,0,0,28.93294,37.15084
2025-05-28 20:57:15,0,0,28.93294,37.15084
2025-05-28 20:57:15,0,0,28.93,38.60067
2025-05-28 20:57:15,0,0,28.93,38.60067
2025-05-28 20:57:15,0,0,28.93882,39.13466
2025-05-28 20:57:15,0,0,28.93882,39.13466
2025-05-28 20:57:15,0,0,28.94176,37.63285
2025-05-28 20:57:15,0,0,28.94176,37.63285
2025-05-28 20:57:15,0,0,28.93294,38.89688
2025-05-28 20:57:15,0,0,28.93294,38.89688
2025-05-28 20:57:15,0,0,28.93294,39.54501
2025-05-28 20:57:15,0,0,28.93294,39.54501
2025-05-28 20:57:16,0,0,28.94176,39.20792
2025-05-28 20:57:16,0,0,28.94176,39.20792
2025-05-28 20:57:16,0,0,28.93,39.01846
2025-05-28 20:57:16,0,0,28.94765,38.34146
2025-05-28 20:57:16,0,0,28.93,39.01846
2025-05-28 20:57:16,0,0,28.94765,38.34146
2025-05-28 20:57:16,0,0,28.93294,39.41121
2025-05-28 20:57:16,0,0,28.93294,39.41121
2025-05-28 20:57:16,0,0,28.93882,36.83473
2025-05-28 20:57:16,0,0,28.93882,36.83473
2025-05-28 20:57:16,0,0,28.93294,38.5782
2025-05-28 20:57:16,0,0,28.93294,38.5782
2025-05-28 20:57:17,0,0,28.93294,39.71735
2025-05-28 20:57:17,0,0,28.93294,39.71735
2025-05-28 20:57:17,0,0,28.93294,39.57704
2025-05-28 20:57:17,0,0,28.93294,39.57704
2025-05-28 20:57:17,0,0,28.92706,37.88525
2025-05-28 20:57:17,0,0,28.92706,37.88525
2025-05-28 20:57:17,0,0,28.93,38.74821
2025-05-28 20:57:17,0,0,28.93,38.74821
2025-05-28 20:57:17,0,0,28.92412,38.62745
2025-05-28 20:57:17,0,0,28.92412,38.62745
2025-05-28 20:57:17,0,0,28.94176,37.21591
2025-05-28 20:57:17,0,0,28.94176,37.21591
2025-05-28 20:57:18,0,0,28.94176,38.921
2025-05-28 20:57:18,0,0,28.94176,38.921
2025-05-28 20:57:18,0,0,28.94471,38.45776
2025-05-28 20:57:18,0,0,28.94471,38.45776
2025-05-28 20:57:18,0,0,28.94471,36.55303
2025-05-28 20:57:18,0,0,28.94471,36.55303
2025-05-28 20:57:18,0,0,28.92706,39.12626
2025-05-28 20:57:18,0,0,28.92706,39.12626
2025-05-28 20:57:18,0,0,28.92412,40.00963
2025-05-28 20:57:18,0,0,28.92412,40.00963
2025-05-28 20:57:18,0,0,28.92118,37.99712
2025-05-28 20:57:18,0,0,28.92118,37.99712
2025-05-28 20:57:18,0,0,28.92412,39.4621
2025-05-28 20:57:18,0,0,28.92412,39.4621
2025-05-28 20:57:19,0,0,28.93,39.18526
2025-05-28 20:57:19,0,0,28.93,39.18526
2025-05-28 20:57:19,0,0,28.91235,38.08366
2025-05-28 20:57:19,0,0,28.91235,38.08366
2025-05-28 20:57:19,0,0,28.94765,39.39394
2025-05-28 20:57:19,0,0,28.94765,39.39394
2025-05-28 20:57:19,0,0,28.93588,38.55307
2025-05-28 20:57:19,0,0,28.93588,38.55307
2025-05-28 20:57:19,0,0,28.92412,39.52703
2025-05-28 20:57:19,0,0,28.92412,39.52703
2025-05-28 20:57:19,0,0,28.92412,39.55
2025-05-28 20:57:19,0,0,28.92412,39.55
2025-05-28 20:57:20,0,0,28.91529,37.7986
2025-05-28 20:57:20,0,0,28.91529,37.7986
2025-05-28 20:57:20,0,0,28.92706,38.59398
2025-05-28 20:57:20,0,0,28.92706,38.59398
2025-05-28 20:57:20,0,0,28.90647,38.98882
2025-05-28 20:57:20,0,0,28.90647,38.98882
2025-05-28 20:57:20,0,0,28.90647,37.33084
2025-05-28 20:57:20,0,0,28.90647,37.33084
2025-05-28 20:57:20,0,0,28.91235,38.98951
2025-05-28 20:57:20,0,0,28.92118,39.14505
2025-05-28 20:57:20,0,0,28.91235,38.98951
2025-05-28 20:57:20,0,0,28.92118,39.14505
2025-05-28 20:57:21,0,0,28.91235,36.79923
2025-05-28 20:57:21,0,0,28.91235,36.79923
2025-05-28 20:57:21,0,0,28.91529,38.80884
2025-05-28 20:57:21,0,0,28.91529,38.80884
2025-05-28 20:57:21,0,0,28.90353,39.61723
2025-05-28 20:57:21,0,0,28.90353,39.61723
2025-05-28 20:57:21,0,0,28.90353,38.01614
2025-05-28 20:57:21,0,0,28.90353,38.01614
2025-05-28 20:57:21,0,0,28.90353,39.82214
2025-05-28 20:57:21,0,0,28.90353,39.82214
2025-05-28 20:57:21,0,0,28.90353,39.39248
2025-05-28 20:57:21,0,0,28.90353,39.39248
2025-05-28 20:57:22,0,0,28.90059,38.27519
2025-05-28 20:57:22,0,0,28.90059,38.27519
2025-05-28 20:57:22,0,0,28.90353,39.24235
2025-05-28 20:57:22,0,0,28.90353,39.24235
2025-05-28 20:57:22,0,0,28.88588,38.03622
2025-05-28 20:57:22,0,0,28.88588,38.03622
2025-05-28 20:57:22,0,0,28.89177,39.54938
2025-05-28 20:57:22,0,0,28.89177,39.54938
2025-05-28 20:57:22,0,0,28.90059,39.05473
2025-05-28 20:57:22,0,0,28.90059,39.05473
2025-05-28 20:57:22,0,0,28.92118,37.63391
2025-05-28 20:57:22,0,0,28.92118,37.63391
2025-05-28 20:57:22,0,0,28.91529,39.10749
2025-05-28 20:57:22,0,0,28.91529,39.10749
2025-05-28 20:57:23,0,0,28.92118,38.79648
2025-05-28 20:57:23,0,0,28.92118,38.79648
2025-05-28 20:57:23,0,0,28.92118,36.81733
2025-05-28 20:57:23,0,0,28.92118,36.81733
2025-05-28 20:57:23,0,0,28.92706,38.65707
2025-05-28 20:57:23,0,0,28.92706,38.65707
2025-05-28 20:57:23,0,0,28.94176,39.20234
2025-05-28 20:57:23,0,0,28.94176,39.20234
2025-05-28 20:57:23,0,0,28.93882,37.35521
2025-05-28 20:57:23,0,0,28.93882,37.35521
2025-05-28 20:57:23,0,0,28.94765,38.96104
2025-05-28 20:57:23,0,0,28.94765,38.96104
2025-05-28 20:57:24,0,0,28.92412,38.56868
2025-05-28 20:57:24,0,0,28.92412,38.56868
2025-05-28 20:57:24,0,0,28.88882,39.31034
2025-05-28 20:57:24,0,0,28.88882,39.31034
2025-05-28 20:57:24,0,0,28.90647,39.05039
2025-05-28 20:57:24,0,0,28.90647,39.05039
2025-05-28 20:57:24,0,0,28.89471,39.47619
2025-05-28 20:57:24,0,0,28.89471,39.47619
2025-05-28 20:57:24,0,0,28.89177,38.1068
2025-05-28 20:57:24,0,0,28.89177,38.1068
2025-05-28 20:57:24,0,0,28.89177,39.47368
2025-05-28 20:57:24,0,0,28.89177,39.47368
2025-05-28 20:57:25,0,0,28.88588,38.36988
2025-05-28 20:57:25,0,0,28.88588,38.36988
2025-05-28 20:57:25,0,0,28.90941,39.43324
2025-05-28 20:57:25,0,0,28.90941,39.43324
2025-05-28 20:57:25,0,0,28.91235,39.34099
2025-05-28 20:57:25,0,0,28.91235,39.34099
2025-05-28 20:57:25,0,0,28.91529,37.98343
2025-05-28 20:57:25,0,0,28.91529,37.98343
2025-05-28 20:57:25,0,0,28.90647,38.88085
2025-05-28 20:57:25,0,0,28.90647,38.88085
2025-05-28 20:57:25,0,0,28.90647,38.1068
2025-05-28 20:57:25,0,0,28.90647,38.1068
2025-05-28 20:57:26,0,0,28.90941,39.00675
2025-05-28 20:57:26,0,0,28.90941,39.00675
2025-05-28 20:57:26,0,0,28.90059,38.84926
2025-05-28 20:57:26,0,0,28.90059,38.84926
2025-05-28 20:57:26,0,0,28.88882,39.71735
2025-05-28 20:57:26,0,0,28.88882,39.71735
2025-05-28 20:57:26,0,0,28.89765,39.2678
2025-05-28 20:57:26,0,0,28.89765,39.2678
2025-05-28 20:57:26,0,0,28.89765,37.84543
2025-05-28 20:57:26,0,0,28.89765,37.84543
2025-05-28 20:57:26,0,0,28.89765,39.15117
2025-05-28 20:57:26,0,0,28.89765,39.15117
2025-05-28 20:57:27,0,0,28.89177,38.98139
2025-05-28 20:57:27,0,0,28.89177,38.98139
2025-05-28 20:57:27,0,0,28.88294,36.96884
2025-05-28 20:57:27,0,0,28.88294,36.96884
2025-05-28 20:57:27,0,0,28.88588,39.77164
2025-05-28 20:57:27,0,0,28.88588,39.77164
2025-05-28 20:57:27,0,0,28.89471,39.0444
2025-05-28 20:57:27,0,0,28.89471,39.0444
2025-05-28 20:57:27,0,0,28.88,37.14976
2025-05-28 20:57:27,0,0,28.88,37.14976
2025-05-28 20:57:27,0,0,28.88294,38.98795
2025-05-28 20:57:27,0,0,28.88294,38.98795
2025-05-28 20:57:27,0,0,28.88294,39.38242
2025-05-28 20:57:27,0,0,28.88294,39.38242
2025-05-28 20:57:28,0,0,28.88,38.56436
2025-05-28 20:57:28,0,0,28.88,38.56436
2025-05-28 20:57:28,0,0,28.89177,37.5701
2025-05-28 20:57:28,0,0,28.88294,39.75214
2025-05-28 20:57:28,0,0,28.89177,37.5701
2025-05-28 20:57:28,0,0,28.88294,39.75214
2025-05-28 20:57:28,0,0,28.88294,38.97979
2025-05-28 20:57:28,0,0,28.88294,38.97979
2025-05-28 20:57:28,0,0,28.88882,36.70644
2025-05-28 20:57:28,0,0,28.88882,36.70644
2025-05-28 20:57:28,0,0,28.88294,38.8621
2025-05-28 20:57:28,0,0,28.88294,38.8621
2025-05-28 20:57:29,0,0,28.90059,39.91354
2025-05-28 20:57:29,0,0,28.90059,39.91354
2025-05-28 20:57:29,0,0,28.90059,38.1295
2025-05-28 20:57:29,0,0,28.90059,38.1295
2025-05-28 20:57:29,0,0,28.87412,39.35762
2025-05-28 20:57:29,0,0,28.87412,39.35762
2025-05-28 20:57:29,0,0,28.88,39.72075
2025-05-28 20:57:29,0,0,28.88,39.72075
2025-05-28 20:57:29,0,0,28.86235,37.43341
2025-05-28 20:57:29,0,0,28.86235,37.43341
2025-05-28 20:57:29,0,0,28.86823,39.79442
2025-05-28 20:57:29,0,0,28.86823,39.79442
2025-05-28 20:57:30,0,0,28.86529,39.69022
2025-05-28 20:57:30,0,0,28.86529,39.69022
2025-05-28 20:57:30,0,0,28.87412,38.11138
2025-05-28 20:57:30,0,0,28.87412,38.11138
2025-05-28 20:57:30,0,0,28.88588,39.25279
2025-05-28 20:57:30,0,0,28.88588,39.25279
2025-05-28 20:57:30,0,0,28.88588,38.10656
2025-05-28 20:57:30,0,0,28.88,39.52703
2025-05-28 20:57:30,0,0,28.88588,38.10656
2025-05-28 20:57:30,0,0,28.88,39.52703
2025-05-28 20:57:30,0,0,28.88294,39.85075
2025-05-28 20:57:30,0,0,28.88294,39.85075
2025-05-28 20:57:31,0,0,28.86529,37.89227
2025-05-28 20:57:31,0,0,28.86529,37.89227
2025-05-28 20:57:31,0,0,28.86529,38.78345
2025-05-28 20:57:31,0,0,28.87118,38.68613
2025-05-28 20:57:31,0,0,28.86529,38.78345
2025-05-28 20:57:31,0,0,28.87118,38.68613
2025-05-28 20:57:31,0,0,28.86529,36.8791
2025-05-28 20:57:31,0,0,28.86529,36.8791
2025-05-28 20:57:31,0,0,28.86823,38.5382
2025-05-28 20:57:31,0,0,28.86823,38.5382
2025-05-28 20:57:31,0,0,28.86529,39.38656
2025-05-28 20:57:31,0,0,28.86529,39.38656
2025-05-28 20:57:31,0,0,28.84765,39.31069
2025-05-28 20:57:32,0,0,28.85941,37.33397
2025-05-28 20:57:31,0,0,28.84765,39.31069
2025-05-28 20:57:32,0,0,28.85941,37.33397
2025-05-28 20:57:32,0,0,28.85941,38.60153
2025-05-28 20:57:32,0,0,28.85941,38.60153
2025-05-28 20:57:32,0,0,28.85647,38.79942
2025-05-28 20:57:32,0,0,28.85647,38.79942
2025-05-28 20:57:32,0,0,28.86823,38.76652
2025-05-28 20:57:32,0,0,28.86823,38.76652
2025-05-28 20:57:32,0,0,28.85647,39.06099
2025-05-28 20:57:32,0,0,28.85647,39.06099
2025-05-28 20:57:32,0,0,28.85941,38.24527
2025-05-28 20:57:32,0,0,28.85941,38.24527
2025-05-28 20:57:33,0,0,28.85647,36.86679
2025-05-28 20:57:33,0,0,28.85647,36.86679
2025-05-28 20:57:33,0,0,28.85941,38.44328
2025-05-28 20:57:33,0,0,28.85941,38.44328
2025-05-28 20:57:33,0,0,28.85353,39.36118
2025-05-28 20:57:33,0,0,28.85353,39.36118
2025-05-28 20:57:33,0,0,28.85941,39.28571
2025-05-28 20:57:33,0,0,28.85941,39.28571
2025-05-28 20:57:33,0,0,28.84471,39.26702
2025-05-28 20:57:33,0,0,28.84471,39.26702
2025-05-28 20:57:33,0,0,28.86823,39.16786
2025-05-28 20:57:33,0,0,28.86823,39.16786
2025-05-28 20:57:34,0,0,28.85059,37.66859
2025-05-28 20:57:34,0,0,28.85059,37.66859
2025-05-28 20:57:34,0,0,28.85059,37.04934
2025-05-28 20:57:34,0,0,28.85059,37.04934
2025-05-28 20:57:34,0,0,28.85059,38.91294
2025-05-28 20:57:34,0,0,28.85059,38.91294
2025-05-28 20:57:34,0,0,28.83588,38.84615
2025-05-28 20:57:34,0,0,28.83588,38.84615
2025-05-28 20:57:34,0,0,28.84176,38.79482
2025-05-28 20:57:34,0,0,28.84176,38.79482
2025-05-28 20:57:34,0,0,28.83882,39.56767
2025-05-28 20:57:34,0,0,28.83882,39.56767
2025-05-28 20:57:35,0,0,28.84765,39.4346
2025-05-28 20:57:35,0,0,28.84765,39.4346
2025-05-28 20:57:35,0,0,28.83294,39.45409
2025-05-28 20:57:35,0,0,28.83294,39.45409
2025-05-28 20:57:35,0,0,28.82118,36.72796
2025-05-28 20:57:35,0,0,28.82118,36.72796
2025-05-28 20:57:35,0,0,28.83588,38.6506
2025-05-28 20:57:35,0,0,28.83588,38.6506
2025-05-28 20:57:35,0,0,28.83588,38.73
2025-05-28 20:57:35,0,0,28.85059,37.20057
2025-05-28 20:57:35,0,0,28.83588,38.73
2025-05-28 20:57:35,0,0,28.85059,37.20057
2025-05-28 20:57:36,0,0,28.85647,39.60915
2025-05-28 20:57:36,0,0,28.85647,39.60915
2025-05-28 20:57:36,0,0,28.85647,38.36478
2025-05-28 20:57:36,0,0,28.85647,38.36478
2025-05-28 20:57:36,0,0,28.85059,36.97438
2025-05-28 20:57:36,0,0,28.85059,36.97438
2025-05-28 20:57:36,0,0,28.84471,38.86484
2025-05-28 20:57:36,0,0,28.84471,38.86484
2025-05-28 20:57:36,0,0,28.83294,39.03273
2025-05-28 20:57:36,0,0,28.83294,39.03273
2025-05-28 20:57:36,0,0,28.84765,38.73874
2025-05-28 20:57:36,0,0,28.84765,38.73874
2025-05-28 20:57:36,0,0,28.84765,39.42993
2025-05-28 20:57:36,0,0,28.84765,39.42993
2025-05-28 20:57:37,0,0,28.84176,38.71278
2025-05-28 20:57:37,0,0,28.84176,38.71278
2025-05-28 20:57:37,0,0,28.83588,37.36689
2025-05-28 20:57:37,0,0,28.83588,37.36689
2025-05-28 20:57:37,0,0,28.83882,36.8396
2025-05-28 20:57:37,0,0,28.83882,36.8396
2025-05-28 20:57:37,0,0,28.82706,38.86441
2025-05-28 20:57:37,0,0,28.82706,38.86441
2025-05-28 20:57:37,0,0,28.83,38.06043
2025-05-28 20:57:37,0,0,28.83,38.06043
2025-05-28 20:57:37,0,0,28.82706,39.315
2025-05-28 20:57:37,0,0,28.82706,39.315
2025-05-28 20:57:38,0,0,28.81235,38.88354
2025-05-28 20:57:38,0,0,28.81235,38.88354
2025-05-28 20:57:38,0,0,28.81824,39.25962
2025-05-28 20:57:38,0,0,28.81824,39.25962
2025-05-28 20:57:38,0,0,28.81235,38.43521
2025-05-28 20:57:38,0,0,28.81235,38.43521
2025-05-28 20:57:38,0,0,28.82118,37.67156
2025-05-28 20:57:38,0,0,28.82118,37.67156
2025-05-28 20:57:38,0,0,28.82412,39.04306
2025-05-28 20:57:38,0,0,28.82412,39.04306
2025-05-28 20:57:38,0,0,28.81235,37.56588
2025-05-28 20:57:38,0,0,28.81235,37.56588
2025-05-28 20:57:39,0,0,28.80353,39.70443
2025-05-28 20:57:39,0,0,28.80353,39.70443
2025-05-28 20:57:39,0,0,28.80647,39.00435
2025-05-28 20:57:39,0,0,28.80647,39.00435
2025-05-28 20:57:39,0,0,28.82118,38.45406
2025-05-28 20:57:39,0,0,28.82118,38.45406
2025-05-28 20:57:39,0,0,28.83,38.05047
2025-05-28 20:57:39,0,0,28.83,38.05047
2025-05-28 20:57:39,0,0,28.81824,38.16169
2025-05-28 20:57:39,0,0,28.81824,38.16169
2025-05-28 20:57:39,0,0,28.83,39.74051
2025-05-28 20:57:39,0,0,28.83,39.74051
2025-05-28 20:57:40,0,0,28.82412,39.36223
2025-05-28 20:57:40,0,0,28.82412,39.36223
2025-05-28 20:57:40,0,0,28.82412,36.27359
2025-05-28 20:57:40,0,0,28.82412,36.27359
2025-05-28 20:57:40,0,0,28.82706,38.59564
2025-05-28 20:57:40,0,0,28.82706,38.59564
2025-05-28 20:57:40,0,0,28.82706,37.9796
2025-05-28 20:57:40,0,0,28.82706,37.9796
2025-05-28 20:57:40,0,0,28.82706,39.8166
2025-05-28 20:57:40,0,0,28.82706,39.8166
2025-05-28 20:57:40,0,0,28.82706,38.86774
2025-05-28 20:57:40,0,0,28.82706,38.86774
2025-05-28 20:57:40,0,0,28.82706,39.08826
2025-05-28 20:57:40,0,0,28.82706,39.08826
2025-05-28 20:57:41,0,0,28.82118,37.25775
2025-05-28 20:57:41,0,0,28.82118,37.25775
2025-05-28 20:57:41,0,0,28.83294,38.75483
2025-05-28 20:57:41,0,0,28.83294,38.75483
2025-05-28 20:57:41,0,0,28.80941,39.92341
2025-05-28 20:57:41,0,0,28.80941,39.92341
2025-05-28 20:57:41,0,0,28.81235,38.02337
2025-05-28 20:57:41,0,0,28.81235,38.02337
2025-05-28 20:57:41,0,0,28.83,37.27866
2025-05-28 20:57:41,0,0,28.83,37.27866
2025-05-28 20:57:41,0,0,28.83,38.74755
2025-05-28 20:57:41,0,0,28.83,38.74755
2025-05-28 20:57:42,0,0,28.83882,38.49149
2025-05-28 20:57:42,0,0,28.83882,38.49149
2025-05-28 20:57:42,0,0,28.83882,38.62745
2025-05-28 20:57:42,0,0,28.83882,38.62745
2025-05-28 20:57:42,0,0,28.83294,38.82017
2025-05-28 20:57:42,0,0,28.83294,38.82017
2025-05-28 20:57:42,0,0,28.84471,39.25962
2025-05-28 20:57:42,0,0,28.84471,39.25962
2025-05-28 20:57:42,0,0,28.83588,37.23971
2025-05-28 20:57:42,0,0,28.83588,37.23971
2025-05-28 20:57:42,0,0,28.84176,37.75993
2025-05-28 20:57:42,0,0,28.84176,37.75993
2025-05-28 20:57:43,0,0,28.83882,38.653
2025-05-28 20:57:43,0,0,28.83882,38.653
2025-05-28 20:57:43,0,0,28.83588,38.88613
2025-05-28 20:57:43,0,0,28.83588,38.88613
2025-05-28 20:57:43,0,0,28.84471,39.21192
2025-05-28 20:57:43,0,0,28.84471,39.21192
2025-05-28 20:57:43,0,0,28.83294,38.84298
2025-05-28 20:57:43,0,0,28.83294,38.84298
2025-05-28 20:57:43,0,0,28.82412,38.31232
2025-05-28 20:57:43,0,0,28.82412,38.31232
2025-05-28 20:57:43,0,0,28.82118,37.18428
2025-05-28 20:57:43,0,0,28.82118,37.18428
2025-05-28 20:57:44,0,0,28.82118,38.56396
2025-05-28 20:57:44,0,0,28.82118,38.56396
2025-05-28 20:57:44,0,0,28.82118,38.8563
2025-05-28 20:57:44,0,0,28.82118,38.8563
2025-05-28 20:57:44,0,0,28.81824,37.096
2025-05-28 20:57:44,0,0,28.81824,37.096
2025-05-28 20:57:44,0,0,28.80647,38.07492
2025-05-28 20:57:44,0,0,28.80647,38.07492
2025-05-28 20:57:44,0,0,28.80059,38.71282
2025-05-28 20:57:44,0,0,28.80059,38.71282
2025-05-28 20:57:44,0,0,28.80941,38.92786
2025-05-28 20:57:44,0,0,28.80941,38.92786
2025-05-28 20:57:45,0,0,28.80353,36.42823
2025-05-28 20:57:45,0,0,28.80353,36.42823
2025-05-28 20:57:45,0,0,28.80353,38.46899
2025-05-28 20:57:45,0,0,28.80353,38.46899
2025-05-28 20:57:45,0,0,28.81235,38.61098
2025-05-28 20:57:45,0,0,28.81235,38.61098
2025-05-28 20:57:45,0,0,28.80941,36.99907
2025-05-28 20:57:45,0,0,28.80941,36.99907
2025-05-28 20:57:45,0,0,28.83,39
2025-05-28 20:57:45,0,0,28.83,39
2025-05-28 20:57:45,0,0,28.81529,39.07317
2025-05-28 20:57:45,0,0,28.81529,39.07317
2025-05-28 20:57:45,0,0,28.82706,37.3436
2025-05-28 20:57:45,0,0,28.82706,37.3436
2025-05-28 20:57:46,0,0,28.81529,38.78437
2025-05-28 20:57:46,0,0,28.81529,38.78437
2025-05-28 20:57:46,0,0,28.80941,38.51022
2025-05-28 20:57:46,0,0,28.80941,38.51022
2025-05-28 20:57:46,0,0,28.81529,37.80546
2025-05-28 20:57:46,0,0,28.81529,37.80546
2025-05-28 20:57:46,0,0,28.81235,39.36585
2025-05-28 20:57:46,0,0,28.81235,39.36585
2025-05-28 20:57:46,0,0,28.81824,39.58534
2025-05-28 20:57:46,0,0,28.81824,39.58534
2025-05-28 20:57:46,0,0,28.81529,37.8339
2025-05-28 20:57:46,0,0,28.81529,37.8339
2025-05-28 20:57:47,0,0,28.80647,37.07707
2025-05-28 20:57:47,0,0,28.80647,37.07707
2025-05-28 20:57:47,0,0,28.80941,39.36069
2025-05-28 20:57:47,0,0,28.80941,39.36069
2025-05-28 20:57:47,0,0,28.80647,39.61071
2025-05-28 20:57:47,0,0,28.80647,39.61071
2025-05-28 20:57:47,0,0,28.80353,39.55712
2025-05-28 20:57:47,0,0,28.80353,39.55712
2025-05-28 20:57:47,0,0,28.79765,39.19886
2025-05-28 20:57:47,0,0,28.79765,39.19886
2025-05-28 20:57:47,0,0,28.79765,38.91013
2025-05-28 20:57:47,0,0,28.79765,38.91013
2025-05-28 20:57:48,0,0,28.79177,38.78934
2025-05-28 20:57:48,0,0,28.79177,38.78934
2025-05-28 20:57:48,0,0,28.79177,38.87531
2025-05-28 20:57:48,0,0,28.79177,38.87531
2025-05-28 20:57:48,0,0,28.80353,39.00096
2025-05-28 20:57:48,0,0,28.80353,39.00096
2025-05-28 20:57:48,0,0,28.79177,39.01497
2025-05-28 20:57:48,0,0,28.79177,39.01497
2025-05-28 20:57:48,0,0,28.79471,36.96911
2025-05-28 20:57:48,0,0,28.79471,36.96911
2025-05-28 20:57:48,0,0,28.79471,38.97165
2025-05-28 20:57:48,0,0,28.79471,38.97165
2025-05-28 20:57:49,0,0,28.78588,39.26142
2025-05-28 20:57:49,0,0,28.78588,39.26142
2025-05-28 20:57:49,0,0,28.79177,37.81836
2025-05-28 20:57:49,0,0,28.79177,37.81836
2025-05-28 20:57:49,0,0,28.78882,39.4311
2025-05-28 20:57:49,0,0,28.78882,39.4311
2025-05-28 20:57:49,0,0,28.78588,39.14935
2025-05-28 20:57:49,0,0,28.78588,39.14935
2025-05-28 20:57:49,0,0,28.80941,37.87585
2025-05-28 20:57:49,0,0,28.80941,37.87585
2025-05-28 20:57:49,0,0,28.79177,39.58131
2025-05-28 20:57:49,0,0,28.79177,39.58131
2025-05-28 20:57:49,0,0,28.79471,38.57143
2025-05-28 20:57:49,0,0,28.79471,38.57143
2025-05-28 20:57:50,0,0,28.79765,38.79353
2025-05-28 20:57:50,0,0,28.79765,38.79353
2025-05-28 20:57:50,0,0,28.79765,37.05293
2025-05-28 20:57:50,0,0,28.79765,37.05293
2025-05-28 20:57:50,0,0,28.79765,38.95544
2025-05-28 20:57:50,0,0,28.79765,38.95544
2025-05-28 20:57:50,0,0,28.80353,39.97107
2025-05-28 20:57:50,0,0,28.80353,39.97107
2025-05-28 20:57:50,0,0,28.80059,37.89119
2025-05-28 20:57:50,0,0,28.80059,37.89119
2025-05-28 20:57:50,0,0,28.79177,39.35297
2025-05-28 20:57:50,0,0,28.79177,39.35297
2025-05-28 20:57:51,0,0,28.79177,40.05764
2025-05-28 20:57:51,0,0,28.79177,40.05764
2025-05-28 20:57:51,0,0,28.79177,37.86267
2025-05-28 20:57:51,0,0,28.79177,37.86267
2025-05-28 20:57:51,0,0,28.78882,39.76551
2025-05-28 20:57:51,0,0,28.78882,39.76551
2025-05-28 20:57:51,0,0,28.79177,39.02791
2025-05-28 20:57:51,0,0,28.79177,39.02791
2025-05-28 20:57:51,0,0,28.79177,37.77452
2025-05-28 20:57:51,0,0,28.79177,37.77452
2025-05-28 20:57:51,0,0,28.79765,39.26676
2025-05-28 20:57:51,0,0,28.79765,39.26676
2025-05-28 20:57:52,0,0,28.78882,38.44679
2025-05-28 20:57:52,0,0,28.78882,38.44679
2025-05-28 20:57:52,0,0,28.78882,39.30468
2025-05-28 20:57:52,0,0,28.78882,39.30468
2025-05-28 20:57:52,0,0,28.78882,39.71916
2025-05-28 20:57:52,0,0,28.78882,39.71916
2025-05-28 20:57:52,0,0,28.78588,37.82383
2025-05-28 20:57:52,0,0,28.78588,37.82383
2025-05-28 20:57:52,0,0,28.78882,38.85961
2025-05-28 20:57:52,0,0,28.78882,38.85961
2025-05-28 20:57:52,0,0,28.78588,38.95721
2025-05-28 20:57:53,0,0,28.78882,37.28814
2025-05-28 20:57:52,0,0,28.78588,38.95721
2025-05-28 20:57:53,0,0,28.78882,37.28814
2025-05-28 20:57:53,0,0,28.78882,39.75036
2025-05-28 20:57:53,0,0,28.78882,39.75036
2025-05-28 20:57:53,0,0,28.79765,38.77057
2025-05-28 20:57:53,0,0,28.79765,38.77057
2025-05-28 20:57:53,0,0,28.78882,38.84298
2025-05-28 20:57:53,0,0,28.78882,38.84298
2025-05-28 20:57:53,0,0,28.78,38.8308
2025-05-28 20:57:53,0,0,28.78,38.8308
2025-05-28 20:57:53,0,0,28.78882,39.47111
2025-05-28 20:57:53,0,0,28.78882,39.47111
2025-05-28 20:57:53,0,0,28.78294,36.94391
2025-05-28 20:57:53,0,0,28.78294,36.94391
2025-05-28 20:57:54,0,0,28.78294,37.49407
2025-05-28 20:57:54,0,0,28.78294,37.49407
2025-05-28 20:57:54,0,0,28.77412,39.03947
2025-05-28 20:57:54,0,0,28.77412,39.03947
2025-05-28 20:57:54,0,0,28.76824,37.37374
2025-05-28 20:57:54,0,0,28.76824,37.37374
2025-05-28 20:57:54,0,0,28.77706,39.60059
2025-05-28 20:57:54,0,0,28.77706,39.60059
2025-05-28 20:57:54,0,0,28.77118,39.22041
2025-05-28 20:57:54,0,0,28.77118,39.22041
2025-05-28 20:57:54,0,0,28.78588,38.31867
2025-05-28 20:57:54,0,0,28.78588,38.31867
2025-05-28 20:57:55,0,0,28.77706,36.78269
2025-05-28 20:57:55,0,0,28.76824,39.19048
2025-05-28 20:57:55,0,0,28.77706,36.78269
2025-05-28 20:57:55,0,0,28.76824,39.19048
2025-05-28 20:57:55,0,0,28.77706,39.08605
2025-05-28 20:57:55,0,0,28.77706,39.08605
2025-05-28 20:57:55,0,0,28.77706,37.22628
2025-05-28 20:57:55,0,0,28.77706,37.22628
2025-05-28 20:57:55,0,0,28.77412,37.47039
2025-05-28 20:57:55,0,0,28.77412,37.47039
2025-05-28 20:57:55,0,0,28.77706,38.54776
2025-05-28 20:57:55,0,0,28.77706,38.54776
2025-05-28 20:57:56,0,0,28.77118,38.51889
2025-05-28 20:57:56,0,0,28.77118,38.51889
2025-05-28 20:57:56,0,0,28.77706,36.49809
2025-05-28 20:57:56,0,0,28.77706,36.49809
2025-05-28 20:57:56,0,0,28.7653,39.28225
2025-05-28 20:57:56,0,0,28.7653,39.28225
2025-05-28 20:57:56,0,0,28.7653,38.77253
2025-05-28 20:57:56,0,0,28.7653,38.77253
2025-05-28 20:57:56,0,0,28.75353,38.73171
2025-05-28 20:57:56,0,0,28.75353,38.73171
2025-05-28 20:57:56,0,0,28.75353,38.24929
2025-05-28 20:57:56,0,0,28.75353,38.24929
2025-05-28 20:57:57,0,0,28.74471,39.51456
2025-05-28 20:57:57,0,0,28.74471,39.51456
2025-05-28 20:57:57,0,0,28.75647,37.52427
2025-05-28 20:57:57,0,0,28.75647,37.52427
2025-05-28 20:57:57,0,0,28.75647,37.82772
2025-05-28 20:57:57,0,0,28.75647,37.82772
2025-05-28 20:57:57,0,0,28.76235,38.58801
2025-05-28 20:57:57,0,0,28.76235,38.58801
2025-05-28 20:57:57,0,0,28.74765,37.83654
2025-05-28 20:57:57,0,0,28.74765,37.83654
2025-05-28 20:57:57,0,0,28.74176,36.58306
2025-05-28 20:57:57,0,0,28.74176,36.58306
2025-05-28 20:57:58,0,0,28.74176,39.05579
2025-05-28 20:57:58,0,0,28.74176,39.05579
2025-05-28 20:57:58,0,0,28.73588,38.89695
2025-05-28 20:57:58,0,0,28.73588,38.89695
2025-05-28 20:57:58,0,0,28.74471,36.38509
2025-05-28 20:57:58,0,0,28.74471,36.38509
2025-05-28 20:57:58,0,0,28.73588,38.68509
2025-05-28 20:57:58,0,0,28.73588,38.68509
2025-05-28 20:57:58,0,0,28.73294,39.02676
2025-05-28 20:57:58,0,0,28.73294,39.02676
2025-05-28 20:57:58,0,0,28.73,38.78847
2025-05-28 20:57:58,0,0,28.72706,37.78716
2025-05-28 20:57:58,0,0,28.73,38.78847
2025-05-28 20:57:58,0,0,28.72706,37.78716
2025-05-28 20:57:59,0,0,28.72412,38.81235
2025-05-28 20:57:59,0,0,28.72412,38.81235
2025-05-28 20:57:59,0,0,28.72706,37.77883
2025-05-28 20:57:59,0,0,28.72706,37.77883
2025-05-28 20:57:59,0,0,28.72118,37.67981
2025-05-28 20:57:59,0,0,28.72118,37.67981
2025-05-28 20:57:59,0,0,28.73294,38.8862
2025-05-28 20:57:59,0,0,28.73294,38.8862
2025-05-28 20:57:59,0,0,28.72118,38.09293
2025-05-28 20:57:59,0,0,28.72118,38.09293
2025-05-28 20:57:59,0,0,28.72118,39.93399
2025-05-28 20:57:59,0,0,28.72118,39.93399
2025-05-28 20:58:00,0,0,28.73,39.45128
2025-05-28 20:58:00,0,0,28.73,39.45128
2025-05-28 20:58:00,0,0,28.71824,39.89463
2025-05-28 20:58:00,0,0,28.71824,39.89463
2025-05-28 20:58:00,0,0,28.73,38.74092
2025-05-28 20:58:00,0,0,28.73,38.74092
2025-05-28 20:58:00,0,0,28.72118,38.22702
2025-05-28 20:58:00,0,0,28.72118,38.22702
2025-05-28 20:58:00,0,0,28.72412,39.32108
2025-05-28 20:58:00,0,0,28.72412,39.32108
2025-05-28 20:58:00,0,0,28.72118,39.08382
2025-05-28 20:58:00,0,0,28.72118,39.08382
2025-05-28 20:58:01,0,0,28.71824,37.52345
2025-05-28 20:58:01,0,0,28.71824,37.52345
2025-05-28 20:58:01,0,0,28.72706,39.68557
2025-05-28 20:58:01,0,0,28.72706,39.68557
2025-05-28 20:58:01,0,0,28.70647,39.08046
2025-05-28 20:58:01,0,0,28.70647,39.08046
2025-05-28 20:58:01,0,0,28.70941,37.44164
2025-05-28 20:58:01,0,0,28.70941,37.44164
2025-05-28 20:58:01,0,0,28.71235,39.41988
2025-05-28 20:58:01,0,0,28.71235,39.41988
2025-05-28 20:58:01,0,0,28.70059,39.75904
2025-05-28 20:58:01,0,0,28.70059,39.75904
2025-05-28 20:58:02,0,0,28.72118,38.37709
2025-05-28 20:58:02,0,0,28.72118,38.37709
2025-05-28 20:58:02,0,0,28.71529,38.95794
2025-05-28 20:58:02,0,0,28.71529,38.95794
2025-05-28 20:58:02,0,0,28.70059,40.45945
2025-05-28 20:58:02,0,0,28.70059,40.45945
2025-05-28 20:58:02,0,0,28.70647,38.63745
2025-05-28 20:58:02,0,0,28.70647,38.63745
2025-05-28 20:58:02,0,0,28.71235,39.65763
2025-05-28 20:58:02,0,0,28.71235,39.65763
2025-05-28 20:58:02,0,0,28.70059,40.59546
2025-05-28 20:58:02,0,0,28.70059,40.59546
2025-05-28 20:58:02,0,0,28.71235,38.74521
2025-05-28 20:58:02,0,0,28.71235,38.74521
2025-05-28 20:58:03,0,0,28.73294,40.45802
2025-05-28 20:58:03,0,0,28.73294,40.45802
2025-05-28 20:58:03,0,0,28.71824,40
2025-05-28 20:58:03,0,0,28.71824,40
2025-05-28 20:58:03,0,0,28.72118,39.20726
2025-05-28 20:58:03,0,0,28.72118,39.20726
2025-05-28 20:58:03,0,0,28.71824,40.00951
2025-05-28 20:58:03,0,0,28.71824,40.00951
2025-05-28 20:58:03,0,0,28.71824,38.97508
2025-05-28 20:58:03,0,0,28.71824,38.97508
2025-05-28 20:58:03,0,0,28.73,40
2025-05-28 20:58:03,0,0,28.73,40
2025-05-28 20:58:04,0,0,28.72118,40.18646
2025-05-28 20:58:04,0,0,28.72118,40.18646
2025-05-28 20:58:04,0,0,28.71824,38.26411
2025-05-28 20:58:04,0,0,28.71824,38.26411
2025-05-28 20:58:04,0,0,28.72118,39.28571
2025-05-28 20:58:04,0,0,28.72118,39.28571
2025-05-28 21:05:37,0,0,27.12118,52.23099
2025-05-28 21:05:37,0,0,27.12118,52.23099
2025-05-28 21:05:37,0,0,27.10941,52.50019
2025-05-28 21:05:37,0,0,27.10941,52.50019
2025-05-28 21:05:37,0,0,27.10941,52.56775
2025-05-28 21:05:37,0,0,27.10941,52.56775
2025-05-28 21:05:38,0,0,27.11529,52.28838
2025-05-28 21:05:38,0,0,27.11529,52.28838
2025-05-28 21:05:38,0,0,27.11823,52.14252
2025-05-28 21:05:38,0,0,27.11823,52.14252
2025-05-28 21:05:38,0,0,27.13588,52.43478
2025-05-28 21:05:38,0,0,27.13588,52.43478
2025-05-28 21:05:38,0,0,27.13,52.4004
2025-05-28 21:05:38,0,0,27.13,52.4004
2025-05-28 21:05:38,0,0,27.12412,52.64616
2025-05-28 21:05:38,0,0,27.12412,52.64616
2025-05-28 21:05:38,0,0,27.12706,52.49508
2025-05-28 21:05:38,0,0,27.12706,52.49508
2025-05-28 21:05:39,0,0,27.13588,52.36578
2025-05-28 21:05:39,0,0,27.13588,52.36578
2025-05-28 21:05:39,0,0,27.14471,52.45982
2025-05-28 21:05:39,0,0,27.14471,52.45982
2025-05-28 21:05:39,0,0,27.13,52.43345
2025-05-28 21:05:39,0,0,27.13,52.43345
2025-05-28 21:05:39,0,0,27.14765,52.49863
2025-05-28 21:05:39,0,0,27.14765,52.49863
2025-05-28 21:05:39,0,0,27.14471,52.55888
2025-05-28 21:05:39,0,0,27.14471,52.55888
2025-05-28 21:05:39,0,0,27.15353,52.18922
2025-05-28 21:05:39,0,0,27.15353,52.18922
2025-05-28 21:05:39,0,0,27.15941,52.30712
2025-05-28 21:05:39,0,0,27.15941,52.30712
2025-05-28 21:05:40,0,0,27.15647,52.33002
2025-05-28 21:05:40,0,0,27.15647,52.33002
2025-05-28 21:05:40,0,0,27.17118,52.35494
2025-05-28 21:05:40,0,0,27.17118,52.35494
2025-05-28 21:05:40,0,0,27.18,52.43602
2025-05-28 21:05:40,0,0,27.18,52.43602
2025-05-28 21:05:40,0,0,27.18294,52.36219
2025-05-28 21:05:40,0,0,27.18294,52.36219
2025-05-28 21:05:40,0,0,27.18294,52.55917
2025-05-28 21:05:40,0,0,27.18294,52.55917
2025-05-28 21:05:40,0,0,27.18,52.55023
2025-05-28 21:05:40,0,0,27.18,52.55023
2025-05-28 21:05:41,0,0,27.19176,52.59633
2025-05-28 21:05:41,0,0,27.19176,52.59633
2025-05-28 21:05:41,0,0,27.20353,52.47271
2025-05-28 21:05:41,0,0,27.20353,52.47271
2025-05-28 21:05:41,0,0,27.19765,52.35598
2025-05-28 21:05:41,0,0,27.19765,52.35598
2025-05-28 21:05:41,0,0,27.19765,52.6438
2025-05-28 21:05:41,0,0,27.19765,52.6438
2025-05-28 21:05:41,0,0,27.20059,52.54552
2025-05-28 21:05:41,0,0,27.20059,52.54552
2025-05-28 21:05:41,0,0,27.20059,52.73542
2025-05-28 21:05:41,0,0,27.20059,52.73542
2025-05-28 21:05:42,0,0,27.19765,52.80394
2025-05-28 21:05:42,0,0,27.19765,52.80394
2025-05-28 21:05:42,0,0,27.19176,52.4519
2025-05-28 21:05:42,0,0,27.19176,52.4519
2025-05-28 21:05:42,0,0,27.19765,52.58845
2025-05-28 21:05:42,0,0,27.19765,52.58845
2025-05-28 21:05:42,0,0,27.21529,52.54464
2025-05-28 21:05:42,0,0,27.21529,52.54464
2025-05-28 21:05:42,0,0,27.22118,52.85633
2025-05-28 21:05:42,0,0,27.22118,52.85633
2025-05-28 21:05:42,0,0,27.22118,52.86898
2025-05-28 21:05:42,0,0,27.22118,52.86898
2025-05-28 21:05:43,0,0,27.22706,52.85713
2025-05-28 21:05:43,0,0,27.22706,52.85713
2025-05-28 21:05:43,0,0,27.22412,52.68578
2025-05-28 21:05:43,0,0,27.22412,52.68578
2025-05-28 21:05:43,0,0,27.21235,52.79607
2025-05-28 21:05:43,0,0,27.21235,52.79607
2025-05-28 21:05:43,0,0,27.22706,52.88569
2025-05-28 21:05:43,0,0,27.22706,52.88569
2025-05-28 21:05:43,0,0,27.23882,52.87764
2025-05-28 21:05:43,0,0,27.22412,52.90313
2025-05-28 21:05:43,0,0,27.23882,52.87764
2025-05-28 21:05:43,0,0,27.22412,52.90313
2025-05-28 21:05:43,0,0,27.21824,52.80989
2025-05-28 21:05:43,0,0,27.21824,52.80989
2025-05-28 21:05:44,0,0,27.22118,52.79779
2025-05-28 21:05:44,0,0,27.22118,52.79779
2025-05-28 21:05:44,0,0,27.22706,52.82969
2025-05-28 21:05:44,0,0,27.22706,52.82969
2025-05-28 21:05:44,0,0,27.23294,52.83888
2025-05-28 21:05:44,0,0,27.23294,52.83888
2025-05-28 21:05:44,0,0,27.23588,52.90373
2025-05-28 21:05:44,0,0,27.23588,52.90373
2025-05-28 21:05:44,0,0,27.23294,52.62612
2025-05-28 21:05:44,0,0,27.23294,52.62612
2025-05-28 21:05:44,0,0,27.23882,52.87641
2025-05-28 21:05:44,0,0,27.23882,52.87641
2025-05-28 21:05:45,0,0,27.25353,52.77144
2025-05-28 21:05:45,0,0,27.25353,52.77144
2025-05-28 21:05:45,0,0,27.23588,52.81005
2025-05-28 21:05:45,0,0,27.23588,52.81005
2025-05-28 21:05:45,0,0,27.25059,52.82656
2025-05-28 21:05:45,0,0,27.25059,52.82656
2025-05-28 21:05:45,0,0,27.25353,52.47509
2025-05-28 21:05:45,0,0,27.25353,52.47509
2025-05-28 21:05:45,0,0,27.25941,52.62424
2025-05-28 21:05:45,0,0,27.25941,52.62424
2025-05-28 21:05:45,0,0,27.25647,52.65872
2025-05-28 21:05:46,0,0,27.27118,52.73166
2025-05-28 21:05:45,0,0,27.25647,52.65872
2025-05-28 21:05:46,0,0,27.27118,52.73166
2025-05-28 21:05:46,0,0,27.26824,52.79521
2025-05-28 21:05:46,0,0,27.26824,52.79521
2025-05-28 21:05:46,0,0,27.25647,52.52224
2025-05-28 21:05:46,0,0,27.25647,52.52224
2025-05-28 21:05:46,0,0,27.26824,52.71513
2025-05-28 21:05:46,0,0,27.26824,52.71513
2025-05-28 21:05:46,0,0,27.26235,52.72346
2025-05-28 21:05:46,0,0,27.26235,52.72346
2025-05-28 21:05:46,0,0,27.28,52.80806
2025-05-28 21:05:46,0,0,27.28,52.80806
2025-05-28 21:05:47,0,0,27.29471,52.79818
2025-05-28 21:05:47,0,0,27.29471,52.79818
2025-05-28 21:05:47,0,0,27.27706,52.52022
2025-05-28 21:05:47,0,0,27.27706,52.52022
2025-05-28 21:05:47,0,0,27.28294,52.60387
2025-05-28 21:05:47,0,0,27.28294,52.60387
2025-05-28 21:05:47,0,0,27.28294,52.5814
2025-05-28 21:05:47,0,0,27.28294,52.5814
2025-05-28 21:05:47,0,0,27.30059,52.70284
2025-05-28 21:05:47,0,0,27.30059,52.70284
2025-05-28 21:05:47,0,0,27.28294,52.36528
2025-05-28 21:05:47,0,0,27.28294,52.36528
2025-05-28 21:05:48,0,0,27.29471,52.52937
2025-05-28 21:05:48,0,0,27.29471,52.52937
2025-05-28 21:05:48,0,0,27.29177,52.49823
2025-05-28 21:05:48,0,0,27.29177,52.49823
2025-05-28 21:05:48,0,0,27.28588,52.49813
2025-05-28 21:05:48,0,0,27.28588,52.49813
2025-05-28 21:05:48,0,0,27.28588,52.5619
2025-05-28 21:05:48,0,0,27.28588,52.5619
2025-05-28 21:05:48,0,0,27.30059,52.63911
2025-05-28 21:05:48,0,0,27.30059,52.63911
2025-05-28 21:05:48,0,0,27.30647,52.71455
2025-05-28 21:05:48,0,0,27.30647,52.71455
2025-05-28 21:05:48,0,0,27.30059,52.49828
2025-05-28 21:05:48,0,0,27.30059,52.49828
2025-05-28 21:05:49,0,0,27.29765,52.68664
2025-05-28 21:05:49,0,0,27.29765,52.68664
2025-05-28 21:05:49,0,0,27.29177,52.65054
2025-05-28 21:05:49,0,0,27.29177,52.65054
2025-05-28 21:05:49,0,0,27.29765,52.73231
2025-05-28 21:05:49,0,0,27.29765,52.73231
2025-05-28 21:05:49,0,0,27.30059,52.73425
2025-05-28 21:05:49,0,0,27.30059,52.73425
2025-05-28 21:05:49,0,0,27.30059,52.46368
2025-05-28 21:05:49,0,0,27.30059,52.46368
2025-05-28 21:05:49,0,0,27.30647,52.6193
2025-05-28 21:05:49,0,0,27.30647,52.6193
2025-05-28 21:05:50,0,0,27.31824,52.57439
2025-05-28 21:05:50,0,0,27.31824,52.57439
2025-05-28 21:05:50,0,0,27.30647,52.65542
2025-05-28 21:05:50,0,0,27.30647,52.65542
2025-05-28 21:05:50,0,0,27.30941,52.6787
2025-05-28 21:05:50,0,0,27.30353,52.35164
2025-05-28 21:05:50,0,0,27.30941,52.6787
2025-05-28 21:05:50,0,0,27.30353,52.35164
2025-05-28 21:05:50,0,0,27.30647,52.65952
2025-05-28 21:05:50,0,0,27.30647,52.65952
2025-05-28 21:05:50,0,0,27.31824,52.47756
2025-05-28 21:05:50,0,0,27.31824,52.47756
2025-05-28 21:05:51,0,0,27.32118,52.61045
2025-05-28 21:05:51,0,0,27.32118,52.61045
2025-05-28 21:05:51,0,0,27.32706,52.66122
2025-05-28 21:05:51,0,0,27.32706,52.66122
2025-05-28 21:05:51,0,0,27.31529,52.41623
2025-05-28 21:05:51,0,0,27.31529,52.41623
2025-05-28 21:05:51,0,0,27.33,52.47247
2025-05-28 21:05:51,0,0,27.33,52.47247
2025-05-28 21:05:51,0,0,27.32412,52.50018
2025-05-28 21:05:51,0,0,27.32412,52.50018
2025-05-28 21:05:51,0,0,27.32118,52.57505
2025-05-28 21:05:51,0,0,27.32118,52.57505
2025-05-28 21:05:52,0,0,27.33,52.59936
2025-05-28 21:05:52,0,0,27.33,52.59936
2025-05-28 21:05:52,0,0,27.33588,52.46937
2025-05-28 21:05:52,0,0,27.33588,52.46937
2025-05-28 21:05:52,0,0,27.33882,52.41581
2025-05-28 21:05:52,0,0,27.33882,52.41581
2025-05-28 21:05:52,0,0,27.33882,52.45242
2025-05-28 21:05:52,0,0,27.33882,52.45242
2025-05-28 21:05:52,0,0,27.34471,52.48663
2025-05-28 21:05:52,0,0,27.34471,52.48663
2025-05-28 21:05:52,0,0,27.33294,52.54392
2025-05-28 21:05:52,0,0,27.33294,52.54392
2025-05-28 21:05:52,0,0,27.33882,52.311
2025-05-28 21:05:52,0,0,27.33882,52.311
2025-05-28 21:05:53,0,0,27.34176,52.35938
2025-05-28 21:05:53,0,0,27.34176,52.35938
2025-05-28 21:05:53,0,0,27.33588,52.41458
2025-05-28 21:05:53,0,0,27.33588,52.41458
2025-05-28 21:05:53,0,0,27.34765,52.49462
2025-05-28 21:05:53,0,0,27.34765,52.49462
2025-05-28 21:05:53,0,0,27.35059,52.55261
2025-05-28 21:05:53,0,0,27.35059,52.55261
2025-05-28 21:05:53,0,0,27.33882,52.41174
2025-05-28 21:05:53,0,0,27.33882,52.41174
2025-05-28 21:05:53,0,0,27.35353,52.37384
2025-05-28 21:05:53,0,0,27.35353,52.37384
2025-05-28 21:05:54,0,0,27.36823,52.46981
2025-05-28 21:05:54,0,0,27.36823,52.46981
2025-05-28 21:05:54,0,0,27.36235,52.54973
2025-05-28 21:05:54,0,0,27.36235,52.54973
2025-05-28 21:05:54,0,0,27.37412,52.66271
2025-05-28 21:05:54,0,0,27.37412,52.66271
2025-05-28 21:05:54,0,0,27.37118,52.71429
2025-05-28 21:05:54,0,0,27.37118,52.71429
2025-05-28 21:05:54,0,0,27.35647,52.36578
2025-05-28 21:05:54,0,0,27.35647,52.36578
2025-05-28 21:05:54,0,0,27.37118,52.53408
2025-05-28 21:05:54,0,0,27.37118,52.53408
2025-05-28 21:05:55,0,0,27.37412,52.5305
2025-05-28 21:05:55,0,0,27.37412,52.5305
2025-05-28 21:05:55,0,0,27.37118,52.60749
2025-05-28 21:05:55,0,0,27.37118,52.60749
2025-05-28 21:05:55,0,0,27.37412,52.70374
2025-05-28 21:05:55,0,0,27.37412,52.70374
2025-05-28 21:05:55,0,0,27.39177,52.75562
2025-05-28 21:05:55,0,0,27.39177,52.75562
2025-05-28 21:05:55,0,0,27.37118,52.75932
2025-05-28 21:05:55,0,0,27.37118,52.75932
2025-05-28 21:05:55,0,0,27.38,52.75811
2025-05-28 21:05:55,0,0,27.38,52.75811
2025-05-28 21:05:56,0,0,27.38,52.65172
2025-05-28 21:05:56,0,0,27.38,52.65172
2025-05-28 21:05:56,0,0,27.37706,52.85498
2025-05-28 21:05:56,0,0,27.37706,52.85498
2025-05-28 21:05:56,0,0,27.38,52.75587
2025-05-28 21:05:56,0,0,27.38,52.75587
2025-05-28 21:05:56,0,0,27.39471,52.64169
2025-05-28 21:05:56,0,0,27.39471,52.64169
2025-05-28 21:05:56,0,0,27.39765,52.69677
2025-05-28 21:05:56,0,0,27.39765,52.69677
2025-05-28 21:05:56,0,0,27.40647,52.76537
2025-05-28 21:05:56,0,0,27.40647,52.76537
2025-05-28 21:05:57,0,0,27.39471,52.78102
2025-05-28 21:05:57,0,0,27.39471,52.78102
2025-05-28 21:05:57,0,0,27.40059,52.8261
2025-05-28 21:05:57,0,0,27.40059,52.8261
2025-05-28 21:05:57,0,0,27.39765,52.5131
2025-05-28 21:05:57,0,0,27.39765,52.5131
2025-05-28 21:05:57,0,0,27.39765,52.74562
2025-05-28 21:05:57,0,0,27.39765,52.74562
2025-05-28 21:05:57,0,0,27.39177,52.7029
2025-05-28 21:05:57,0,0,27.39177,52.7029
2025-05-28 21:05:57,0,0,27.38882,52.90636
2025-05-28 21:05:57,0,0,27.38882,52.90636
2025-05-28 21:05:57,0,0,27.40353,52.80607
2025-05-28 21:05:57,0,0,27.40353,52.80607
2025-05-28 21:05:58,0,0,27.40353,52.73778
2025-05-28 21:05:58,0,0,27.40353,52.73778
2025-05-28 21:05:58,0,0,27.40647,52.50138
2025-05-28 21:05:58,0,0,27.40647,52.50138
2025-05-28 21:05:58,0,0,27.40941,53.08278
2025-05-28 21:05:58,0,0,27.40941,53.08278
2025-05-28 21:05:58,0,0,27.40941,52.56
2025-05-28 21:05:58,0,0,27.40941,52.56
2025-05-28 21:05:58,0,0,27.41529,52.65165
2025-05-28 21:05:58,0,0,27.41529,52.65165
2025-05-28 21:05:58,0,0,27.41824,52.50141
2025-05-28 21:05:58,0,0,27.41824,52.50141
2025-05-28 21:05:59,0,0,27.41824,52.4534
2025-05-28 21:05:59,0,0,27.41824,52.4534
2025-05-28 21:05:59,0,0,27.42706,52.51226
2025-05-28 21:05:59,0,0,27.42706,52.51226
2025-05-28 21:05:59,0,0,27.41824,52.50168
2025-05-28 21:05:59,0,0,27.41824,52.50168
2025-05-28 21:05:59,0,0,27.41824,52.57597
2025-05-28 21:05:59,0,0,27.41824,52.57597
2025-05-28 21:05:59,0,0,27.42118,52.42155
2025-05-28 21:05:59,0,0,27.42118,52.42155
2025-05-28 21:05:59,0,0,27.43588,52.43425
2025-05-28 21:05:59,0,0,27.43588,52.43425
2025-05-28 21:06:00,0,0,27.42706,52.52887
2025-05-28 21:06:00,0,0,27.42706,52.52887
2025-05-28 21:06:00,0,0,27.42412,52.3222
2025-05-28 21:06:00,0,0,27.43294,53.00355
2025-05-28 21:06:00,0,0,27.42412,52.3222
2025-05-28 21:06:00,0,0,27.43294,53.00355
2025-05-28 21:06:00,0,0,27.43,52.93653
2025-05-28 21:06:00,0,0,27.43,52.93653
2025-05-28 21:06:00,0,0,27.43294,52.98104
2025-05-28 21:06:00,0,0,27.43294,52.98104
2025-05-28 21:06:00,0,0,27.44176,52.9822
2025-05-28 21:06:01,0,0,27.44765,52.99146
2025-05-28 21:06:00,0,0,27.44176,52.9822
2025-05-28 21:06:01,0,0,27.44765,52.99146
2025-05-28 21:06:01,0,0,27.44765,52.94662
2025-05-28 21:06:01,0,0,27.44765,52.94662
2025-05-28 21:06:01,0,0,27.45059,52.89972
2025-05-28 21:06:01,0,0,27.45059,52.89972
2025-05-28 21:06:01,0,0,27.43882,52.92112
2025-05-28 21:06:01,0,0,27.43882,52.92112
2025-05-28 21:06:01,0,0,27.43294,52.90383
2025-05-28 21:06:01,0,0,27.43294,52.90383
2025-05-28 21:06:01,0,0,27.43882,52.91679
2025-05-28 21:06:01,0,0,27.43882,52.91679
2025-05-28 21:06:01,0,0,27.44176,52.91615
2025-05-28 21:06:01,0,0,27.44176,52.91615
2025-05-28 21:06:02,0,0,27.43882,52.84369
2025-05-28 21:06:02,0,0,27.43882,52.84369
2025-05-28 21:06:02,0,0,27.44471,52.88027
2025-05-28 21:06:02,0,0,27.44471,52.88027
2025-05-28 21:06:02,0,0,27.45059,52.87314
2025-05-28 21:06:02,0,0,27.45059,52.87314
2025-05-28 21:06:02,0,0,27.44471,52.8771
2025-05-28 21:06:02,0,0,27.44471,52.8771
2025-05-28 21:06:02,0,0,27.44471,52.89567
2025-05-28 21:06:02,0,0,27.44471,52.89567
2025-05-28 21:06:02,0,0,27.45059,52.78345
2025-05-28 21:06:02,0,0,27.45059,52.78345
2025-05-28 21:06:03,0,0,27.43588,52.82489
2025-05-28 21:06:03,0,0,27.43588,52.82489
2025-05-28 21:06:03,0,0,27.44176,52.83857
2025-05-28 21:06:03,0,0,27.44176,52.83857
2025-05-28 21:06:03,0,0,27.44176,52.87853
2025-05-28 21:06:03,0,0,27.44176,52.87853
2025-05-28 21:06:03,0,0,27.43,52.86338
2025-05-28 21:06:03,0,0,27.43,52.86338
2025-05-28 21:06:03,0,0,27.43882,52.82528
2025-05-28 21:06:03,0,0,27.43882,52.82528
2025-05-28 21:06:03,0,0,27.43882,52.82253
2025-05-28 21:06:03,0,0,27.43882,52.82253
2025-05-28 21:06:04,0,0,27.43882,52.83661
2025-05-28 21:06:04,0,0,27.43882,52.83661
2025-05-28 21:06:04,0,0,27.45941,52.86135
2025-05-28 21:06:04,0,0,27.45941,52.86135
2025-05-28 21:06:04,0,0,27.45059,52.86597
2025-05-28 21:06:04,0,0,27.45059,52.86597
2025-05-28 21:06:04,0,0,27.45353,52.93617
2025-05-28 21:06:04,0,0,27.46235,52.78238
2025-05-28 21:06:04,0,0,27.45353,52.93617
2025-05-28 21:06:04,0,0,27.46235,52.78238
2025-05-28 21:06:04,0,0,27.45647,52.80118
2025-05-28 21:06:04,0,0,27.45647,52.80118
2025-05-28 21:06:05,0,0,27.45647,52.8928
2025-05-28 21:06:05,0,0,27.45647,52.8928
2025-05-28 21:06:05,0,0,27.46824,52.85749
2025-05-28 21:06:05,0,0,27.46824,52.85749
2025-05-28 21:06:05,0,0,27.46824,52.88293
2025-05-28 21:06:05,0,0,27.46824,52.88293
2025-05-28 21:06:05,0,0,27.45941,53.18435
2025-05-28 21:06:05,0,0,27.45941,53.18435
2025-05-28 21:06:05,0,0,27.45647,52.55253
2025-05-28 21:06:05,0,0,27.45647,52.55253
2025-05-28 21:06:05,0,0,27.45941,52.40337
2025-05-28 21:06:05,0,0,27.45941,52.40337
2025-05-28 21:06:06,0,0,27.47118,52.22847
2025-05-28 21:06:06,0,0,27.47118,52.22847
2025-05-28 21:06:06,0,0,27.46235,52.13227
2025-05-28 21:06:06,0,0,27.46235,52.13227
2025-05-28 21:06:06,0,0,27.45353,52.94933
2025-05-28 21:06:06,0,0,27.45353,52.94933
2025-05-28 21:06:06,0,0,27.44765,52.55854
2025-05-28 21:06:06,0,0,27.44765,52.55854
2025-05-28 21:06:06,0,0,27.46529,52.46194
2025-05-28 21:06:06,0,0,27.46529,52.46194
2025-05-28 21:06:06,0,0,27.45941,52.17275
2025-05-28 21:06:06,0,0,27.45941,52.17275
2025-05-28 21:06:06,0,0,27.45941,51.8098
2025-05-28 21:06:06,0,0,27.45941,51.8098
2025-05-28 21:06:07,0,0,27.46235,52.20003
2025-05-28 21:06:07,0,0,27.46235,52.20003
2025-05-28 21:06:07,0,0,27.45647,52.74672
2025-05-28 21:06:07,0,0,27.45647,52.74672
2025-05-28 21:06:07,0,0,27.46235,52.07288
2025-05-28 21:06:07,0,0,27.46235,52.07288
2025-05-28 21:06:07,0,0,27.45941,52.36483
2025-05-28 21:06:07,0,0,27.45941,52.36483
2025-05-28 21:06:07,0,0,27.45647,52.2592
2025-05-28 21:06:07,0,0,27.45647,52.2592
2025-05-28 21:06:07,0,0,27.45353,52.38726
2025-05-28 21:06:07,0,0,27.45353,52.38726
2025-05-28 21:06:08,0,0,27.45647,52.41379
2025-05-28 21:06:08,0,0,27.45647,52.41379
2025-05-28 21:06:08,0,0,27.45059,52.29512
2025-05-28 21:06:08,0,0,27.45059,52.29512
2025-05-28 21:06:08,0,0,27.44471,52.57871
2025-05-28 21:06:08,0,0,27.44471,52.57871
2025-05-28 21:06:08,0,0,27.45059,51.99556
2025-05-28 21:06:08,0,0,27.45059,51.99556
2025-05-28 21:06:08,0,0,27.45059,52.33171
2025-05-28 21:06:08,0,0,27.45059,52.33171
2025-05-28 21:06:08,0,0,27.46529,52.69493
2025-05-28 21:06:08,0,0,27.46529,52.69493
2025-05-28 21:06:09,0,0,27.45941,52.52234
2025-05-28 21:06:09,0,0,27.45941,52.52234
2025-05-28 21:06:09,0,0,27.45353,52.34503
2025-05-28 21:06:09,0,0,27.45353,52.34503
2025-05-28 21:06:09,0,0,27.46235,52.97951
2025-05-28 21:06:09,0,0,27.46235,52.97951
2025-05-28 21:06:09,0,0,27.46235,52.90233
2025-05-28 21:06:09,0,0,27.46235,52.90233
2025-05-28 21:06:09,0,0,27.48,52.85331
2025-05-28 21:06:09,0,0,27.48,52.85331
2025-05-28 21:06:09,0,0,27.48588,52.15347
2025-05-28 21:06:09,0,0,27.48588,52.15347
2025-05-28 21:06:10,0,0,27.47706,51.77368
2025-05-28 21:06:10,0,0,27.47706,51.77368
2025-05-28 21:06:10,0,0,27.47412,51.55882
2025-05-28 21:06:10,0,0,27.47412,51.55882
2025-05-28 21:06:10,0,0,27.47706,51.74768
2025-05-28 21:06:10,0,0,27.47706,51.74768
2025-05-28 21:06:10,0,0,27.48,51.02869
2025-05-28 21:06:10,0,0,27.48,51.02869
2025-05-28 21:06:10,0,0,27.47706,51.75506
2025-05-28 21:06:10,0,0,27.47706,51.75506
2025-05-28 21:06:10,0,0,27.48,51.83808
2025-05-28 21:06:10,0,0,27.48,51.83808
2025-05-28 21:06:10,0,0,27.46529,51.43201
2025-05-28 21:06:10,0,0,27.46529,51.43201
2025-05-28 21:06:11,0,0,27.47706,51.58336
2025-05-28 21:06:11,0,0,27.47706,51.58336
2025-05-28 21:06:11,0,0,27.48,51.61583
2025-05-28 21:06:11,0,0,27.48,51.61583
2025-05-28 21:06:11,0,0,27.48,51.41775
2025-05-28 21:06:11,0,0,27.48,51.41775
2025-05-28 21:06:11,0,0,27.49765,51.81659
2025-05-28 21:06:11,0,0,27.49765,51.81659
2025-05-28 21:06:11,0,0,27.48294,52.01483
2025-05-28 21:06:11,0,0,27.48294,52.01483
2025-05-28 21:06:11,0,0,27.48294,50.65758
2025-05-28 21:06:11,0,0,27.48294,50.65758
2025-05-28 21:06:12,0,0,27.47706,52.26121
2025-05-28 21:06:12,0,0,27.47706,52.26121
2025-05-28 21:06:12,0,0,27.48882,51.45872
2025-05-28 21:06:12,0,0,27.48882,51.45872
2025-05-28 21:06:12,0,0,27.49471,52.05851
2025-05-28 21:06:12,0,0,27.49471,52.05851
2025-05-28 21:06:12,0,0,27.49471,51.981
2025-05-28 21:06:12,0,0,27.49471,51.981
2025-05-28 21:06:12,0,0,27.49765,52.13395
2025-05-28 21:06:12,0,0,27.49765,52.13395
2025-05-28 21:06:12,0,0,27.50059,52.17453
2025-05-28 21:06:12,0,0,27.50059,52.17453
2025-05-28 21:06:13,0,0,27.49471,52.09687
2025-05-28 21:06:13,0,0,27.49471,52.09687
2025-05-28 21:06:13,0,0,27.5153,51.71694
2025-05-28 21:06:13,0,0,27.5153,51.71694
2025-05-28 21:06:13,0,0,27.5153,52.19711
2025-05-28 21:06:13,0,0,27.5153,52.19711
2025-05-28 21:06:13,0,0,27.50353,52.29765
2025-05-28 21:06:13,0,0,27.50353,52.29765
2025-05-28 21:06:13,0,0,27.50941,52.34594
2025-05-28 21:06:13,0,0,27.50941,52.34594
2025-05-28 21:06:13,0,0,27.50059,52.28335
2025-05-28 21:06:13,0,0,27.50059,52.28335
2025-05-28 21:06:14,0,0,27.5153,52.27854
2025-05-28 21:06:14,0,0,27.5153,52.27854
2025-05-28 21:06:14,0,0,27.50941,52.27927
2025-05-28 21:06:14,0,0,27.50941,52.27927
2025-05-28 21:06:14,0,0,27.50353,52.25758
2025-05-28 21:06:14,0,0,27.50353,52.25758
2025-05-28 21:06:14,0,0,27.50647,52.37128
2025-05-28 21:06:14,0,0,27.50647,52.37128
2025-05-28 21:06:14,0,0,27.5153,52.27881
2025-05-28 21:06:14,0,0,27.5153,52.27881
2025-05-28 21:06:14,0,0,27.50647,52.27269
2025-05-28 21:06:14,0,0,27.50647,52.27269
2025-05-28 21:06:15,0,0,27.51235,52.34289
2025-05-28 21:06:15,0,0,27.51235,52.34289
2025-05-28 21:06:15,0,0,27.50647,52.35656
2025-05-28 21:06:15,0,0,27.50647,52.35656
2025-05-28 21:06:15,0,0,27.52118,52.36217
2025-05-28 21:06:15,0,0,27.52118,52.36217
2025-05-28 21:06:15,0,0,27.5153,52.33582
2025-05-28 21:06:15,0,0,27.5153,52.33582
2025-05-28 21:06:15,0,0,27.50941,52.27246
2025-05-28 21:06:15,0,0,27.50941,52.27246
2025-05-28 21:06:15,0,0,27.51235,52.34438
2025-05-28 21:06:15,0,0,27.51235,52.34438
2025-05-28 21:06:15,0,0,27.51824,52.37094
2025-05-28 21:06:15,0,0,27.51824,52.37094
2025-05-28 21:06:16,0,0,27.52118,52.39589
2025-05-28 21:06:16,0,0,27.52118,52.39589
2025-05-28 21:06:16,0,0,27.51235,52.44176
2025-05-28 21:06:16,0,0,27.51235,52.44176
2025-05-28 21:06:16,0,0,27.52118,52.32751
2025-05-28 21:06:16,0,0,27.52118,52.32751
2025-05-28 21:06:16,0,0,27.52412,52.29174
2025-05-28 21:06:16,0,0,27.52412,52.29174
2025-05-28 21:06:16,0,0,27.53,52.39975
2025-05-28 21:06:16,0,0,27.53,52.39975
2025-05-28 21:06:16,0,0,27.53882,52.41934
2025-05-28 21:06:16,0,0,27.53882,52.41934
2025-05-28 21:06:17,0,0,27.53882,52.09836
2025-05-28 21:06:17,0,0,27.53882,52.09836
2025-05-28 21:06:17,0,0,27.53588,52.15256
2025-05-28 21:06:17,0,0,27.53588,52.15256
2025-05-28 21:06:17,0,0,27.54471,52.26885
2025-05-28 21:06:17,0,0,27.54471,52.26885
2025-05-28 21:06:17,0,0,27.53588,52.35483
2025-05-28 21:06:17,0,0,27.53588,52.35483
2025-05-28 21:06:17,0,0,27.54471,52.37712
2025-05-28 21:06:17,0,0,27.54471,52.37712
2025-05-28 21:06:17,0,0,27.53294,52.38258
2025-05-28 21:06:17,0,0,27.53294,52.38258
2025-05-28 21:06:18,0,0,27.54177,52.11767
2025-05-28 21:06:18,0,0,27.54177,52.35822
2025-05-28 21:06:18,0,0,27.54177,52.11767
2025-05-28 21:06:18,0,0,27.54177,52.35822
2025-05-28 21:06:18,0,0,27.55353,52.33672
2025-05-28 21:06:18,0,0,27.55353,52.33672
2025-05-28 21:06:18,0,0,27.54471,52.40236
2025-05-28 21:06:18,0,0,27.54471,52.40236
2025-05-28 21:06:18,0,0,27.55647,52.44847
2025-05-28 21:06:18,0,0,27.55647,52.44847
2025-05-28 21:06:18,0,0,27.55059,51.99524
2025-05-28 21:06:19,0,0,27.55353,52.31863
2025-05-28 21:06:18,0,0,27.55059,51.99524
2025-05-28 21:06:19,0,0,27.55353,52.31863
2025-05-28 21:06:19,0,0,27.54471,52.37403
2025-05-28 21:06:19,0,0,27.54471,52.37403
2025-05-28 21:06:19,0,0,27.53,52.4291
2025-05-28 21:06:19,0,0,27.53,52.4291
2025-05-28 21:06:19,0,0,27.53,52.4459
2025-05-28 21:06:19,0,0,27.53,52.4459
2025-05-28 21:06:19,0,0,27.54471,52.03826
2025-05-28 21:06:19,0,0,27.54471,52.03826
2025-05-28 21:06:19,0,0,27.54177,52.18632
2025-05-28 21:06:19,0,0,27.54177,52.18632
2025-05-28 21:06:19,0,0,27.54765,52.36952
2025-05-28 21:06:19,0,0,27.54765,52.36952
2025-05-28 21:06:20,0,0,27.55647,52.44038
2025-05-28 21:06:20,0,0,27.55647,52.44038
2025-05-28 21:06:20,0,0,27.55941,52.48457
2025-05-28 21:06:20,0,0,27.55941,52.48457
2025-05-28 21:06:20,0,0,27.55647,52.07754
2025-05-28 21:06:20,0,0,27.55647,52.07754
2025-05-28 21:06:20,0,0,27.56529,52.20584
2025-05-28 21:06:20,0,0,27.56529,52.20584
2025-05-28 21:06:20,0,0,27.55353,52.24308
2025-05-28 21:06:20,0,0,27.55353,52.24308
2025-05-28 21:06:20,0,0,27.55059,52.39267
2025-05-28 21:06:20,0,0,27.55059,52.39267
2025-05-28 21:06:21,0,0,27.55353,52.44645
2025-05-28 21:06:21,0,0,27.55353,52.44645
2025-05-28 21:06:21,0,0,27.56235,52.04434
2025-05-28 21:06:21,0,0,27.56235,52.04434
2025-05-28 21:06:21,0,0,27.56235,52.22128
2025-05-28 21:06:21,0,0,27.56235,52.22128
2025-05-28 21:06:21,0,0,27.55647,52.27937
2025-05-28 21:06:21,0,0,27.55647,52.27937
2025-05-28 21:06:21,0,0,27.55647,52.39834
2025-05-28 21:06:21,0,0,27.55647,52.48058
2025-05-28 21:06:21,0,0,27.55647,52.39834
2025-05-28 21:06:21,0,0,27.55647,52.48058
2025-05-28 21:06:22,0,0,27.54765,52.04127
2025-05-28 21:06:22,0,0,27.54765,52.04127
2025-05-28 21:06:22,0,0,27.55647,52.26727
2025-05-28 21:06:22,0,0,27.55647,52.26727
2025-05-28 21:06:22,0,0,27.55941,52.28378
2025-05-28 21:06:22,0,0,27.55941,52.28378
2025-05-28 21:06:22,0,0,27.56235,52.36224
2025-05-28 21:06:22,0,0,27.57118,52.49875
2025-05-28 21:06:22,0,0,27.56235,52.36224
2025-05-28 21:06:22,0,0,27.57118,52.49875
2025-05-28 21:06:22,0,0,27.56529,52.11566
2025-05-28 21:06:22,0,0,27.56529,52.11566
2025-05-28 21:06:23,0,0,27.56235,52.33024
2025-05-28 21:06:23,0,0,27.56235,52.33024
2025-05-28 21:06:23,0,0,27.56235,52.35027
2025-05-28 21:06:23,0,0,27.56235,52.35027
2025-05-28 21:06:23,0,0,27.58,52.4114
2025-05-28 21:06:23,0,0,27.58,52.4114
2025-05-28 21:06:23,0,0,27.56529,52.19063
2025-05-28 21:06:23,0,0,27.56529,52.19063
2025-05-28 21:06:23,0,0,27.56824,52.14503
2025-05-28 21:06:23,0,0,27.56824,52.14503
2025-05-28 21:06:23,0,0,27.56235,52.21916
2025-05-28 21:06:23,0,0,27.56235,52.21916
2025-05-28 21:06:24,0,0,27.56824,52.34197
2025-05-28 21:06:24,0,0,27.56824,52.34197
2025-05-28 21:06:24,0,0,27.57706,52.39653
2025-05-28 21:06:24,0,0,27.57706,52.39653
2025-05-28 21:06:24,0,0,27.56824,52.28963
2025-05-28 21:06:24,0,0,27.56824,52.28963
2025-05-28 21:06:24,0,0,27.57412,52.18533
2025-05-28 21:06:24,0,0,27.57412,52.18533
2025-05-28 21:06:24,0,0,27.56824,52.323
2025-05-28 21:06:24,0,0,27.56824,52.323
2025-05-28 21:06:24,0,0,27.58588,52.37734
2025-05-28 21:06:24,0,0,27.58588,52.37734
2025-05-28 21:06:24,0,0,27.58,52.43487
2025-05-28 21:06:24,0,0,27.58,52.43487
2025-05-28 21:06:25,0,0,27.58882,52.53461
2025-05-28 21:06:25,0,0,27.58882,52.53461
2025-05-28 21:06:25,0,0,27.59765,52.10852
2025-05-28 21:06:25,0,0,27.59765,52.10852
2025-05-28 21:06:25,0,0,27.58882,52.34158
2025-05-28 21:06:25,0,0,27.58882,52.34158
2025-05-28 21:06:25,0,0,27.59176,52.31672
2025-05-28 21:06:25,0,0,27.58882,52.40287
2025-05-28 21:06:25,0,0,27.59176,52.31672
2025-05-28 21:06:25,0,0,27.58882,52.40287
2025-05-28 21:06:25,0,0,27.60059,52.51405
2025-05-28 21:06:25,0,0,27.60059,52.51405
2025-05-28 21:06:26,0,0,27.59471,52.04438
2025-05-28 21:06:26,0,0,27.59471,52.04438
2025-05-28 21:06:26,0,0,27.59176,52.3123
2025-05-28 21:06:26,0,0,27.59176,52.3123
2025-05-28 21:06:26,0,0,27.59471,52.32465
2025-05-28 21:06:26,0,0,27.59471,52.32465
2025-05-28 21:06:26,0,0,27.59471,52.44044
2025-05-28 21:06:26,0,0,27.59471,52.44044
2025-05-28 21:06:26,0,0,27.60059,52.47227
2025-05-28 21:06:26,0,0,27.60059,52.47227
2025-05-28 21:06:26,0,0,27.59471,52.02411
2025-05-28 21:06:26,0,0,27.59471,52.02411
2025-05-28 21:06:27,0,0,27.59765,52.41533
2025-05-28 21:06:27,0,0,27.59765,52.41533
2025-05-28 21:06:27,0,0,27.59471,52.21014
2025-05-28 21:06:27,0,0,27.59471,52.21014
2025-05-28 21:06:27,0,0,27.60647,52.31913
2025-05-28 21:06:27,0,0,27.60647,52.31913
2025-05-28 21:06:27,0,0,27.60941,52.36973
2025-05-28 21:06:27,0,0,27.60941,52.36973
2025-05-28 21:06:27,0,0,27.61823,52.49694
2025-05-28 21:06:27,0,0,27.61823,52.49694
2025-05-28 21:06:27,0,0,27.60647,52.08987
2025-05-28 21:06:27,0,0,27.60647,52.08987
2025-05-28 21:06:28,0,0,27.61235,52.23228
2025-05-28 21:06:28,0,0,27.61235,52.23228
2025-05-28 21:06:28,0,0,27.62118,52.25085
2025-05-28 21:06:28,0,0,27.62118,52.25085
2025-05-28 21:06:28,0,0,27.62118,52.38086
2025-05-28 21:06:28,0,0,27.62118,52.38086
2025-05-28 21:06:28,0,0,27.60941,52.40315
2025-05-28 21:06:28,0,0,27.60941,52.40315
2025-05-28 21:06:28,0,0,27.61529,52.06781
2025-05-28 21:06:28,0,0,27.61529,52.06781
2025-05-28 21:06:28,0,0,27.61823,52.34252
2025-05-28 21:06:28,0,0,27.61823,52.34252
2025-05-28 21:06:28,0,0,27.61235,52.21901
2025-05-28 21:06:28,0,0,27.61235,52.21901
2025-05-28 21:06:29,0,0,27.60647,52.40614
2025-05-28 21:06:29,0,0,27.60647,52.40614
2025-05-28 21:06:29,0,0,27.62118,52.15961
2025-05-28 21:06:29,0,0,27.62118,52.15961
2025-05-28 21:06:29,0,0,27.60059,52.11068
2025-05-28 21:06:29,0,0,27.60059,52.11068
2025-05-28 21:06:29,0,0,27.60647,52.18164
2025-05-28 21:06:29,0,0,27.60647,52.18164
2025-05-28 21:06:29,0,0,27.61823,52.17864
2025-05-28 21:06:29,0,0,27.61823,52.17864
2025-05-28 21:06:29,0,0,27.61235,52.2813
2025-05-28 21:06:29,0,0,27.61235,52.2813
2025-05-28 21:06:30,0,0,27.61235,51.93772
2025-05-28 21:06:30,0,0,27.61235,51.93772
2025-05-28 21:06:30,0,0,27.62412,51.96331
2025-05-28 21:06:30,0,0,27.62412,51.96331
2025-05-28 21:06:30,0,0,27.60647,52.02405
2025-05-28 21:06:30,0,0,27.60647,52.02405
2025-05-28 21:06:30,0,0,27.61235,52.19658
2025-05-28 21:06:30,0,0,27.61235,52.19658
2025-05-28 21:06:30,0,0,27.60647,52.27222
2025-05-28 21:06:30,0,0,27.60647,52.27222
2025-05-28 21:06:30,0,0,27.60353,51.90522
2025-05-28 21:06:30,0,0,27.60353,51.90522
2025-05-28 21:06:31,0,0,27.60059,52.07824
2025-05-28 21:06:31,0,0,27.60059,52.07824
2025-05-28 21:06:31,0,0,27.60941,52.11354
2025-05-28 21:06:31,0,0,27.60941,52.11354
2025-05-28 21:06:31,0,0,27.61235,52.24248
2025-05-28 21:06:31,0,0,27.61235,52.24248
2025-05-28 21:06:31,0,0,27.61529,52.26336
2025-05-28 21:06:31,0,0,27.61529,52.26336
2025-05-28 21:06:31,0,0,27.62706,51.9231
2025-05-28 21:06:31,0,0,27.62706,51.9231
2025-05-28 21:06:31,0,0,27.61529,52.17161
2025-05-28 21:06:31,0,0,27.61529,52.17161
2025-05-28 21:06:32,0,0,27.61235,52.07496
2025-05-28 21:06:32,0,0,27.61235,52.07496
2025-05-28 21:06:32,0,0,27.62118,52.1622
2025-05-28 21:06:32,0,0,27.62118,52.1622
2025-05-28 21:06:32,0,0,27.62118,51.91509
2025-05-28 21:06:32,0,0,27.62118,51.91509
2025-05-28 21:06:32,0,0,27.62706,51.92507
2025-05-28 21:06:32,0,0,27.62706,51.92507
2025-05-28 21:06:32,0,0,27.60941,52.01807
2025-05-28 21:06:32,0,0,27.60941,52.01807
2025-05-28 21:06:32,0,0,27.60647,52.16737
2025-05-28 21:06:32,0,0,27.60647,52.16737
2025-05-28 21:06:33,0,0,27.61823,52.22499
2025-05-28 21:06:33,0,0,27.61823,52.22499
2025-05-28 21:06:33,0,0,27.63,51.98675
2025-05-28 21:06:33,0,0,27.63,51.98675
2025-05-28 21:06:33,0,0,27.61823,51.9544
2025-05-28 21:06:33,0,0,27.61823,51.9544
2025-05-28 21:06:33,0,0,27.62118,52.08439
2025-05-28 21:06:33,0,0,27.62118,52.08439
2025-05-28 21:06:33,0,0,27.61529,52.20839
2025-05-28 21:06:33,0,0,27.61529,52.20839
2025-05-28 21:06:33,0,0,27.61235,51.68491
2025-05-28 21:06:33,0,0,27.61235,51.68491
2025-05-28 21:06:33,0,0,27.63,51.89094
2025-05-28 21:06:33,0,0,27.63,51.89094
2025-05-28 21:06:34,0,0,27.62118,52.05756
2025-05-28 21:06:34,0,0,27.62118,52.05756
2025-05-28 21:06:34,0,0,27.61823,52.03543
2025-05-28 21:06:34,0,0,27.61823,52.03543
2025-05-28 21:06:34,0,0,27.61529,52.17838
2025-05-28 21:06:34,0,0,27.61529,52.17838
2025-05-28 21:06:34,0,0,27.62118,52.25702
2025-05-28 21:06:34,0,0,27.62118,52.25702
2025-05-28 21:06:34,0,0,27.64471,51.87737
2025-05-28 21:06:34,0,0,27.64471,51.87737
2025-05-28 21:06:34,0,0,27.63294,52.07672
2025-05-28 21:06:34,0,0,27.63294,52.07672
2025-05-28 21:06:35,0,0,27.64177,52.04586
2025-05-28 21:06:35,0,0,27.64177,52.04586
2025-05-28 21:06:35,0,0,27.65059,52.15561
2025-05-28 21:06:35,0,0,27.65059,52.15561
2025-05-28 21:06:35,0,0,27.63588,51.9754
2025-05-28 21:06:35,0,0,27.63588,51.9754
2025-05-28 21:06:35,0,0,27.63882,51.84521
2025-05-28 21:06:35,0,0,27.63882,51.84521
2025-05-28 21:06:35,0,0,27.64765,51.93678
2025-05-28 21:06:35,0,0,27.64765,51.93678
2025-05-28 21:06:35,0,0,27.65059,51.98295
2025-05-28 21:06:35,0,0,27.65059,51.98295
2025-05-28 21:06:36,0,0,27.65353,52.02191
2025-05-28 21:06:36,0,0,27.65353,52.02191
2025-05-28 21:06:36,0,0,27.64471,51.86698
2025-05-28 21:06:36,0,0,27.64471,51.86698
2025-05-28 21:06:36,0,0,27.64177,51.77855
2025-05-28 21:06:36,0,0,27.64177,51.77855
2025-05-28 21:06:36,0,0,27.63588,51.8335
2025-05-28 21:06:36,0,0,27.63588,51.8335
2025-05-28 21:06:36,0,0,27.64765,51.88057
2025-05-28 21:06:36,0,0,27.64765,51.88057
2025-05-28 21:06:36,0,0,27.64177,51.72269
2025-05-28 21:06:36,0,0,27.64177,51.72269
2025-05-28 21:06:37,0,0,27.63588,51.93409
2025-05-28 21:06:37,0,0,27.63588,51.93409
2025-05-28 21:06:37,0,0,27.63588,51.771
2025-05-28 21:06:37,0,0,27.63588,51.771
2025-05-28 21:06:37,0,0,27.64765,51.86877
2025-05-28 21:06:37,0,0,27.64765,51.86877
2025-05-28 21:06:37,0,0,27.63882,51.89299
2025-05-28 21:06:37,0,0,27.63882,51.89299
2025-05-28 21:06:37,0,0,27.64765,51.97361
2025-05-28 21:06:37,0,0,27.64765,51.97361
2025-05-28 21:06:37,0,0,27.63588,51.70737
2025-05-28 21:06:37,0,0,27.63588,51.70737
2025-05-28 21:06:37,0,0,27.64765,51.74224
2025-05-28 21:06:37,0,0,27.64765,51.74224
2025-05-28 21:06:38,0,0,27.65647,51.84274
2025-05-28 21:06:38,0,0,27.65647,51.84274
2025-05-28 21:06:38,0,0,27.66235,51.96419
2025-05-28 21:06:38,0,0,27.66235,51.96419
2025-05-28 21:06:38,0,0,27.65353,52.01939
2025-05-28 21:06:38,0,0,27.65353,52.01939
2025-05-28 21:06:38,0,0,27.65059,51.80415
2025-05-28 21:06:38,0,0,27.65059,51.80415
2025-05-28 21:06:38,0,0,27.64471,51.77513
2025-05-28 21:06:38,0,0,27.64471,51.77513
2025-05-28 21:06:38,0,0,27.65941,51.84692
2025-05-28 21:06:38,0,0,27.65941,51.84692
2025-05-28 21:06:39,0,0,27.66235,51.91051
2025-05-28 21:06:39,0,0,27.66235,51.91051
2025-05-28 21:06:39,0,0,27.64765,51.55874
2025-05-28 21:06:39,0,0,27.64765,51.55874
2025-05-28 21:06:39,0,0,27.64177,51.81792
2025-05-28 21:06:39,0,0,27.64177,51.81792
2025-05-28 21:06:39,0,0,27.65941,51.87396
2025-05-28 21:06:39,0,0,27.64765,51.91669
2025-05-28 21:06:39,0,0,27.65941,51.87396
2025-05-28 21:06:39,0,0,27.66824,51.59232
2025-05-28 21:06:39,0,0,27.64765,51.91669
2025-05-28 21:06:39,0,0,27.66824,51.59232
2025-05-28 21:06:40,0,0,27.66235,52.08918
2025-05-28 21:06:40,0,0,27.66235,52.08918
2025-05-28 21:06:40,0,0,27.65647,51.71917
2025-05-28 21:06:40,0,0,27.65647,51.71917
2025-05-28 21:06:40,0,0,27.66235,51.91042
2025-05-28 21:06:40,0,0,27.66235,51.91042
2025-05-28 21:06:40,0,0,27.66235,51.89501
2025-05-28 21:06:40,0,0,27.66235,51.89501
2025-05-28 21:06:40,0,0,27.67118,52.06341
2025-05-28 21:06:40,0,0,27.67118,52.06341
2025-05-28 21:06:40,0,0,27.66529,51.81186
2025-05-28 21:06:40,0,0,27.66529,51.81186
2025-05-28 21:06:41,0,0,27.66235,51.85609
2025-05-28 21:06:41,0,0,27.66235,51.85609
2025-05-28 21:06:41,0,0,27.65647,51.89993
2025-05-28 21:06:41,0,0,27.65647,51.89993
2025-05-28 21:06:41,0,0,27.65941,52.1101
2025-05-28 21:06:41,0,0,27.65941,52.1101
2025-05-28 21:06:41,0,0,27.65353,52.22842
2025-05-28 21:06:41,0,0,27.65353,52.22842
2025-05-28 21:06:41,0,0,27.65059,51.84399
2025-05-28 21:06:41,0,0,27.65059,51.84399
2025-05-28 21:06:41,0,0,27.65353,51.92765
2025-05-28 21:06:41,0,0,27.65353,51.92765
2025-05-28 21:06:42,0,0,27.65941,51.9775
2025-05-28 21:06:42,0,0,27.65941,51.9775
2025-05-28 21:06:42,0,0,27.65647,52.13521
2025-05-28 21:06:42,0,0,27.65647,52.13521
2025-05-28 21:06:42,0,0,27.66529,51.90603
2025-05-28 21:06:42,0,0,27.66529,51.90603
2025-05-28 21:06:42,0,0,27.66824,51.83401
2025-05-28 21:06:42,0,0,27.66824,51.83401
2025-05-28 21:06:42,0,0,27.68294,51.82072
2025-05-28 21:06:42,0,0,27.68294,51.82072
2025-05-28 21:06:42,0,0,27.68,51.80653
2025-05-28 21:06:42,0,0,27.68,51.80653
2025-05-28 21:06:42,0,0,27.66824,51.73769
2025-05-28 21:06:42,0,0,27.66824,51.73769
2025-05-28 21:06:43,0,0,27.68,51.76532
2025-05-28 21:06:43,0,0,27.68,51.76532
2025-05-28 21:06:43,0,0,27.68588,52.01303
2025-05-28 21:06:43,0,0,27.68588,52.01303
2025-05-28 21:06:43,0,0,27.68588,52.18888
2025-05-28 21:06:43,0,0,27.68588,52.18888
2025-05-28 21:06:43,0,0,27.67706,52.24814
2025-05-28 21:06:43,0,0,27.67706,52.24814
2025-05-28 21:06:43,0,0,27.67412,51.8394
2025-05-28 21:06:43,0,0,27.67412,51.8394
2025-05-28 21:06:43,0,0,27.68,51.95658
2025-05-28 21:06:43,0,0,27.68,51.95658
2025-05-28 21:06:44,0,0,27.67706,51.97456
2025-05-28 21:06:44,0,0,27.67706,51.97456
2025-05-28 21:06:44,0,0,27.67706,52.06395
2025-05-28 21:06:44,0,0,27.67706,52.06395
2025-05-28 21:06:44,0,0,27.67706,52.11994
2025-05-28 21:06:44,0,0,27.67706,52.11994
2025-05-28 21:06:44,0,0,27.68,51.86765
2025-05-28 21:06:44,0,0,27.68,51.86765
2025-05-28 21:06:44,0,0,27.67706,52.04575
2025-05-28 21:06:44,0,0,27.67706,52.04575
2025-05-28 21:06:44,0,0,27.68294,51.90419
2025-05-28 21:06:44,0,0,27.68294,51.90419
2025-05-28 21:06:45,0,0,27.68294,52.00029
2025-05-28 21:06:45,0,0,27.68294,52.00029
2025-05-28 21:06:45,0,0,27.68294,52.06347
2025-05-28 21:06:45,0,0,27.68294,52.06347
2025-05-28 21:06:45,0,0,27.68882,52.15847
2025-05-28 21:06:45,0,0,27.68882,52.15847
2025-05-28 21:06:45,0,0,27.67412,51.8647
2025-05-28 21:06:45,0,0,27.67412,51.8647
2025-05-28 21:06:45,0,0,27.68882,51.91408
2025-05-28 21:06:45,0,0,27.68882,51.91408
2025-05-28 21:06:45,0,0,27.68294,51.94322
2025-05-28 21:06:45,0,0,27.68294,51.94322
2025-05-28 21:06:46,0,0,27.69176,52.07306
2025-05-28 21:06:46,0,0,27.69176,52.07306
2025-05-28 21:06:46,0,0,27.69765,52.17297
2025-05-28 21:06:46,0,0,27.69765,52.17297
2025-05-28 21:06:46,0,0,27.68294,52.26873
2025-05-28 21:06:46,0,0,27.68294,52.26873
2025-05-28 21:06:46,0,0,27.69471,51.84547
2025-05-28 21:06:46,0,0,27.69471,51.84547
2025-05-28 21:06:46,0,0,27.69765,51.99422
2025-05-28 21:06:46,0,0,27.69765,51.99422
2025-05-28 21:06:46,0,0,27.69765,51.99087
2025-05-28 21:06:46,0,0,27.69765,51.99087
2025-05-28 21:06:46,0,0,27.70059,52.15388
2025-05-28 21:06:46,0,0,27.70059,52.15388
2025-05-28 21:06:47,0,0,27.69765,51.59487
2025-05-28 21:06:47,0,0,27.69765,51.59487
2025-05-28 21:06:47,0,0,27.68588,52.24372
2025-05-28 21:06:47,0,0,27.68588,52.24372
2025-05-28 21:06:47,0,0,27.68882,51.85549
2025-05-28 21:06:47,0,0,27.68882,51.85549
2025-05-28 21:06:47,0,0,27.69176,51.98854
2025-05-28 21:06:47,0,0,27.69176,52.11984
2025-05-28 21:06:47,0,0,27.69176,51.98854
2025-05-28 21:06:47,0,0,27.69176,52.11984
2025-05-28 21:06:47,0,0,27.69471,52.2135
2025-05-28 21:06:48,0,0,27.70353,52.27417
2025-05-28 21:06:47,0,0,27.69471,52.2135
2025-05-28 21:06:48,0,0,27.70353,52.27417
2025-05-28 21:06:48,0,0,27.69765,52.41723
2025-05-28 21:06:48,0,0,27.69765,52.41723
2025-05-28 21:06:48,0,0,27.70059,51.92615
2025-05-28 21:06:48,0,0,27.70059,51.92615
2025-05-28 21:06:48,0,0,27.71529,52.16137
2025-05-28 21:06:48,0,0,27.71529,52.16137
2025-05-28 21:06:48,0,0,27.69765,52.09436
2025-05-28 21:06:48,0,0,27.69765,52.09436
2025-05-28 21:06:48,0,0,27.71235,52.24053
2025-05-28 21:06:48,0,0,27.71235,52.24053
2025-05-28 21:06:49,0,0,27.71235,52.32948
2025-05-28 21:06:49,0,0,27.71235,52.32948
2025-05-28 21:06:49,0,0,27.70941,51.93366
2025-05-28 21:06:49,0,0,27.70941,51.93366
2025-05-28 21:06:49,0,0,27.70059,52.07729
2025-05-28 21:06:49,0,0,27.70059,52.07729
2025-05-28 21:06:49,0,0,27.70059,52.10822
2025-05-28 21:06:49,0,0,27.70059,52.10822
2025-05-28 21:06:49,0,0,27.68882,52.28392
2025-05-28 21:06:49,0,0,27.68882,52.28392
2025-05-28 21:06:49,0,0,27.70353,52.33018
2025-05-28 21:06:49,0,0,27.70353,52.33018
2025-05-28 21:06:50,0,0,27.70353,51.90115
2025-05-28 21:06:50,0,0,27.70353,51.90115
2025-05-28 21:06:50,0,0,27.70353,52.01808
2025-05-28 21:06:50,0,0,27.70353,52.01808
2025-05-28 21:06:50,0,0,27.71235,52.06576
2025-05-28 21:06:50,0,0,27.71235,52.06576
2025-05-28 21:06:50,0,0,27.70647,52.15475
2025-05-28 21:06:50,0,0,27.70647,52.15475
2025-05-28 21:06:50,0,0,27.71235,52.22248
2025-05-28 21:06:50,0,0,27.71235,52.22248
2025-05-28 21:06:50,0,0,27.71529,52.12409
2025-05-28 21:06:50,0,0,27.71529,52.12409
2025-05-28 21:06:51,0,0,27.71235,51.92754
2025-05-28 21:06:51,0,0,27.71235,51.92754
2025-05-28 21:06:51,0,0,27.71529,51.99355
2025-05-28 21:06:51,0,0,27.71529,51.99355
2025-05-28 21:06:51,0,0,27.70059,52.02222
2025-05-28 21:06:51,0,0,27.70059,52.02222
2025-05-28 21:06:51,0,0,27.71235,52.1148
2025-05-28 21:06:51,0,0,27.71235,52.1148
2025-05-28 21:06:51,0,0,27.70941,51.87274
2025-05-28 21:06:51,0,0,27.70941,51.87274
2025-05-28 21:06:51,0,0,27.72118,51.92016
2025-05-28 21:06:51,0,0,27.72118,51.92016
2025-05-28 21:06:51,0,0,27.70353,51.94109
2025-05-28 21:06:51,0,0,27.70353,51.94109
2025-05-28 21:06:52,0,0,27.71235,52.06303
2025-05-28 21:06:52,0,0,27.71235,52.06303
2025-05-28 21:06:52,0,0,27.70941,52.15065
2025-05-28 21:06:52,0,0,27.70941,52.15065
2025-05-28 21:06:52,0,0,27.70941,51.77684
2025-05-28 21:06:52,0,0,27.70941,51.77684
2025-05-28 21:06:52,0,0,27.70647,51.93773
2025-05-28 21:06:52,0,0,27.70647,51.93773
2025-05-28 21:06:52,0,0,27.71235,51.92574
2025-05-28 21:06:52,0,0,27.71235,51.92574
2025-05-28 21:06:52,0,0,27.71824,52.05812
2025-05-28 21:06:52,0,0,27.71824,52.05812
2025-05-28 21:06:53,0,0,27.71824,52.13717
2025-05-28 21:06:53,0,0,27.71824,52.13717
2025-05-28 21:06:53,0,0,27.72118,51.77615
2025-05-28 21:06:53,0,0,27.72118,51.77615
2025-05-28 21:06:53,0,0,27.70941,51.90218
2025-05-28 21:06:53,0,0,27.70941,51.90218
2025-05-28 21:06:53,0,0,27.70647,51.92821
2025-05-28 21:06:53,0,0,27.70647,51.92821
2025-05-28 21:06:53,0,0,27.72118,52.02586
2025-05-28 21:06:53,0,0,27.72118,52.02586
2025-05-28 21:06:53,0,0,27.72412,51.57803
2025-05-28 21:06:53,0,0,27.72412,51.57803
2025-05-28 21:06:54,0,0,27.72412,51.74799
2025-05-28 21:06:54,0,0,27.72412,51.74799
2025-05-28 21:06:54,0,0,27.71824,51.8735
2025-05-28 21:06:54,0,0,27.71824,51.8735
2025-05-28 21:06:54,0,0,27.71529,51.83421
2025-05-28 21:06:54,0,0,27.71529,51.83421
2025-05-28 21:06:54,0,0,27.71824,51.94223
2025-05-28 21:06:54,0,0,27.71824,51.94223
2025-05-28 21:06:54,0,0,27.71235,52.01253
2025-05-28 21:06:54,0,0,27.71235,52.01253
2025-05-28 21:06:54,0,0,27.70647,51.74868
2025-05-28 21:06:54,0,0,27.70647,51.74868
2025-05-28 21:06:55,0,0,27.72118,51.79201
2025-05-28 21:06:55,0,0,27.72118,51.79201
2025-05-28 21:06:55,0,0,27.71529,51.76866
2025-05-28 21:06:55,0,0,27.71529,51.76866
2025-05-28 21:06:55,0,0,27.71529,51.86133
2025-05-28 21:06:55,0,0,27.71529,51.86133
2025-05-28 21:06:55,0,0,27.71529,51.93331
2025-05-28 21:06:55,0,0,27.71529,51.93331
2025-05-28 21:06:55,0,0,27.72118,51.84739
2025-05-28 21:06:55,0,0,27.72118,51.84739
2025-05-28 21:06:55,0,0,27.71529,51.71571
2025-05-28 21:06:55,0,0,27.71529,51.71571
2025-05-28 21:06:56,0,0,27.72118,51.79631
2025-05-28 21:06:56,0,0,27.72118,51.79631
2025-05-28 21:06:56,0,0,27.73,51.8506
2025-05-28 21:06:56,0,0,27.73,51.8506
2025-05-28 21:06:56,0,0,27.73294,51.97865
2025-05-28 21:06:56,0,0,27.73294,51.97865
2025-05-28 21:06:56,0,0,27.73588,52.0646
2025-05-28 21:06:56,0,0,27.73588,52.0646
2025-05-28 21:06:56,0,0,27.73294,51.75107
2025-05-28 21:06:56,0,0,27.73294,51.75107
2025-05-28 21:06:56,0,0,27.74176,51.89466
2025-05-28 21:06:56,0,0,27.74176,51.89466
2025-05-28 21:06:56,0,0,27.73588,51.81787
2025-05-28 21:06:56,0,0,27.73588,51.81787
2025-05-28 21:06:57,0,0,27.72412,51.9094
2025-05-28 21:06:57,0,0,27.72412,51.9094
2025-05-28 21:06:57,0,0,27.74176,51.93872
2025-05-28 21:06:57,0,0,27.74176,51.93872
2025-05-28 21:06:57,0,0,27.73,52.04639
2025-05-28 21:06:57,0,0,27.73,52.04639
2025-05-28 21:06:57,0,0,27.74765,51.7283
2025-05-28 21:06:57,0,0,27.74765,51.7283
2025-05-28 21:06:57,0,0,27.74765,51.79805
2025-05-28 21:06:57,0,0,27.74765,51.79805
2025-05-28 21:06:57,0,0,27.74176,51.83556
2025-05-28 21:06:57,0,0,27.74176,51.83556
2025-05-28 21:06:58,0,0,27.73,51.99948
2025-05-28 21:06:58,0,0,27.73,51.99948
2025-05-28 21:06:58,0,0,27.73882,52.09403
2025-05-28 21:06:58,0,0,27.73882,52.09403
2025-05-28 21:06:58,0,0,27.74471,51.76621
2025-05-28 21:06:58,0,0,27.74471,51.76621
2025-05-28 21:06:58,0,0,27.73882,51.80328
2025-05-28 21:06:58,0,0,27.73882,51.80328
2025-05-28 21:06:58,0,0,27.74176,51.89669
2025-05-28 21:06:58,0,0,27.74176,51.89669
2025-05-28 21:06:58,0,0,27.73882,52.0394
2025-05-28 21:06:58,0,0,27.73882,52.0394
2025-05-28 21:06:59,0,0,27.73588,52.16911
2025-05-28 21:06:59,0,0,27.73588,52.16911
2025-05-28 21:06:59,0,0,27.74176,51.83205
2025-05-28 21:06:59,0,0,27.74176,51.83205
2025-05-28 21:06:59,0,0,27.73294,51.97445
2025-05-28 21:06:59,0,0,27.73294,51.97445
2025-05-28 21:06:59,0,0,27.73882,51.94565
2025-05-28 21:06:59,0,0,27.73882,51.94565
2025-05-28 21:06:59,0,0,27.73882,52.03239
2025-05-28 21:06:59,0,0,27.73882,52.03239
2025-05-28 21:06:59,0,0,27.73882,52.1102
2025-05-28 21:06:59,0,0,27.73882,52.1102
2025-05-28 21:07:00,0,0,27.72412,51.77048
2025-05-28 21:07:00,0,0,27.72412,51.77048
2025-05-28 21:07:00,0,0,27.74176,51.91841
2025-05-28 21:07:00,0,0,27.74176,51.91841
2025-05-28 21:07:00,0,0,27.72118,51.90819
2025-05-28 21:07:00,0,0,27.72118,51.90819
2025-05-28 21:07:00,0,0,27.72412,52.04635
2025-05-28 21:07:00,0,0,27.72412,52.04635
2025-05-28 21:07:00,0,0,27.72706,52.08744
2025-05-28 21:07:00,0,0,27.72706,52.08744
2025-05-28 21:07:00,0,0,27.73294,51.77353
2025-05-28 21:07:00,0,0,27.73294,51.77353
2025-05-28 21:07:00,0,0,27.75941,51.92186
2025-05-28 21:07:00,0,0,27.75941,51.92186
2025-05-28 21:07:01,0,0,27.74176,51.90903
2025-05-28 21:07:01,0,0,27.74176,51.90903
2025-05-28 21:08:29,0,0,27.5153,51.83514
2025-05-28 21:08:29,0,0,27.5153,51.83514
2025-05-28 21:08:29,0,0,27.54471,51.84494
2025-05-28 21:08:29,0,0,27.54177,51.84366
2025-05-28 21:08:29,0,0,27.54471,51.84494
2025-05-28 21:08:29,0,0,27.54177,51.84366
2025-05-28 21:08:29,0,0,27.54471,51.83459
2025-05-28 21:08:29,0,0,27.54471,51.83459
2025-05-28 21:08:30,0,0,27.54471,51.82745
2025-05-28 21:08:30,0,0,27.54471,51.82745
2025-05-28 21:08:30,0,0,27.55059,51.82711
2025-05-28 21:08:30,0,0,27.55059,51.82711
2025-05-28 21:08:30,0,0,27.56529,51.8537
2025-05-28 21:08:30,0,0,27.56529,51.8537
2025-05-28 21:08:30,0,0,27.57118,51.87183
2025-05-28 21:08:30,0,0,27.57118,51.87183
2025-05-28 21:08:30,0,0,27.58882,51.82489
2025-05-28 21:08:30,0,0,27.60353,51.86576
2025-05-28 21:08:30,0,0,27.58882,51.82489
2025-05-28 21:08:30,0,0,27.60353,51.86576
2025-05-28 21:08:31,0,0,27.58,51.85899
2025-05-28 21:08:31,0,0,27.58,51.85899
2025-05-28 21:08:31,0,0,27.59176,51.87675
2025-05-28 21:08:31,0,0,27.59176,51.87675
2025-05-28 21:08:31,0,0,27.58,51.84356
2025-05-28 21:08:31,0,0,27.58,51.84356
2025-05-28 21:08:31,0,0,27.58882,51.88144
2025-05-28 21:08:31,0,0,27.58882,51.88144
2025-05-28 21:08:31,0,0,27.58588,51.88184
2025-05-28 21:08:31,0,0,27.58588,51.88184
2025-05-28 21:08:31,0,0,27.60059,51.89523
2025-05-28 21:08:31,0,0,27.60059,51.89523
2025-05-28 21:08:31,0,0,27.58588,51.89207
2025-05-28 21:08:31,0,0,27.58588,51.89207
2025-05-28 21:08:32,0,0,27.59765,51.87864
2025-05-28 21:08:32,0,0,27.59765,51.87864
2025-05-28 21:08:32,0,0,27.60059,51.8802
2025-05-28 21:08:32,0,0,27.60059,51.8802
2025-05-28 21:08:32,0,0,27.59176,51.89805
2025-05-28 21:08:32,0,0,27.60059,51.90137
2025-05-28 21:08:32,0,0,27.59176,51.89805
2025-05-28 21:08:32,0,0,27.61823,51.87739
2025-05-28 21:08:32,0,0,27.60059,51.90137
2025-05-28 21:08:32,0,0,27.61823,51.87739
2025-05-28 21:08:32,0,0,27.62118,51.91559
2025-05-28 21:08:32,0,0,27.62118,51.91559
2025-05-28 21:08:33,0,0,27.61529,51.89976
2025-05-28 21:08:33,0,0,27.61529,51.89976
2025-05-28 21:08:33,0,0,27.61529,51.93088
2025-05-28 21:08:33,0,0,27.62706,51.91664
2025-05-28 21:08:33,0,0,27.61529,51.93088
2025-05-28 21:08:33,0,0,27.62706,51.91664
2025-05-28 21:08:33,0,0,27.62118,51.91634
2025-05-28 21:08:33,0,0,27.62118,51.91634
2025-05-28 21:08:33,0,0,27.61529,51.92144
2025-05-28 21:08:33,0,0,27.61529,51.92144
2025-05-28 21:08:33,0,0,27.60647,51.92769
2025-05-28 21:08:33,0,0,27.60647,51.92769
2025-05-28 21:08:34,0,0,27.61529,51.92319
2025-05-28 21:08:34,0,0,27.61529,51.92319
2025-05-28 21:08:34,0,0,27.62118,51.90905
2025-05-28 21:08:34,0,0,27.62118,51.90905
2025-05-28 21:08:34,0,0,27.63294,51.91819
2025-05-28 21:08:34,0,0,27.63294,51.91819
2025-05-28 21:08:34,0,0,27.61529,51.91735
2025-05-28 21:08:34,0,0,27.61529,51.91735
2025-05-28 21:08:34,0,0,27.62412,51.93961
2025-05-28 21:08:34,0,0,27.62412,51.93961
2025-05-28 21:08:34,0,0,27.63882,51.91857
2025-05-28 21:08:34,0,0,27.63882,51.91857
2025-05-28 21:08:35,0,0,27.63294,51.95631
2025-05-28 21:08:35,0,0,27.63294,51.95631
2025-05-28 21:08:35,0,0,27.63588,51.97196
2025-05-28 21:08:35,0,0,27.63588,51.97196
2025-05-28 21:08:35,0,0,27.63588,51.95275
2025-05-28 21:08:35,0,0,27.63588,51.95275
2025-05-28 21:08:35,0,0,27.63588,51.96552
2025-05-28 21:08:35,0,0,27.63882,51.92903
2025-05-28 21:08:35,0,0,27.63588,51.96552
2025-05-28 21:08:35,0,0,27.63882,51.92903
2025-05-28 21:08:35,0,0,27.63,51.96223
2025-05-28 21:08:35,0,0,27.63,51.96223
2025-05-28 21:08:36,0,0,27.63588,51.9536
2025-05-28 21:08:36,0,0,27.63588,51.9536
2025-05-28 21:08:36,0,0,27.64177,51.95013
2025-05-28 21:08:36,0,0,27.64177,51.95013
2025-05-28 21:08:36,0,0,27.64765,51.95824
2025-05-28 21:08:36,0,0,27.65059,51.98911
2025-05-28 21:08:36,0,0,27.64765,51.95824
2025-05-28 21:08:36,0,0,27.65059,51.98911
2025-05-28 21:08:36,0,0,27.66529,51.97007
2025-05-28 21:08:36,0,0,27.66529,51.97007
2025-05-28 21:08:36,0,0,27.66529,51.99516
2025-05-28 21:08:36,0,0,27.66529,51.99516
2025-05-28 21:08:36,0,0,27.66529,52.00597
2025-05-28 21:08:36,0,0,27.66529,52.00597
2025-05-28 21:08:37,0,0,27.67118,51.99998
2025-05-28 21:08:37,0,0,27.67118,51.99998
2025-05-28 21:08:37,0,0,27.67412,51.95933
2025-05-28 21:08:37,0,0,27.67412,51.95933
2025-05-28 21:08:37,0,0,27.66824,51.99797
2025-05-28 21:08:37,0,0,27.66824,51.99797
2025-05-28 21:08:37,0,0,27.67412,52.00366
2025-05-28 21:08:37,0,0,27.67412,52.00366
2025-05-28 21:08:37,0,0,27.67706,51.98635
2025-05-28 21:08:37,0,0,27.67706,51.98635
2025-05-28 21:08:37,0,0,27.66824,51.97764
2025-05-28 21:08:37,0,0,27.66824,51.97764
2025-05-28 21:08:38,0,0,27.66235,51.98042
2025-05-28 21:08:38,0,0,27.66235,51.98042
2025-05-28 21:08:38,0,0,27.68,51.98486
2025-05-28 21:08:38,0,0,27.68,51.98486
2025-05-28 21:08:38,0,0,27.68294,51.98491
2025-05-28 21:08:38,0,0,27.68294,51.98491
2025-05-28 21:08:38,0,0,27.67706,51.97461
2025-05-28 21:08:38,0,0,27.67706,51.97461
2025-05-28 21:08:38,0,0,27.68,51.99162
2025-05-28 21:08:38,0,0,27.68,51.99162
2025-05-28 21:08:38,0,0,27.67412,52.00711
2025-05-28 21:08:38,0,0,27.67412,52.00711
2025-05-28 21:08:39,0,0,27.68588,51.99073
2025-05-28 21:08:39,0,0,27.68588,51.99073
2025-05-28 21:08:39,0,0,27.67706,52.01194
2025-05-28 21:08:39,0,0,27.68294,52.01337
2025-05-28 21:08:39,0,0,27.67706,52.01194
2025-05-28 21:08:39,0,0,27.68294,52.01337
2025-05-28 21:08:39,0,0,27.68588,52.00458
2025-05-28 21:08:39,0,0,27.68588,52.00458
2025-05-28 21:08:39,0,0,27.69765,52.0222
2025-05-28 21:08:39,0,0,27.69765,52.0222
2025-05-28 21:08:39,0,0,27.68588,52.00508
2025-05-28 21:08:39,0,0,27.68588,52.00508
2025-05-28 21:08:40,0,0,27.69176,52.00314
2025-05-28 21:08:40,0,0,27.69176,52.00314
2025-05-28 21:08:40,0,0,27.71235,52.00293
2025-05-28 21:08:40,0,0,27.71235,52.00293
2025-05-28 21:08:40,0,0,27.72118,52.01394
2025-05-28 21:08:40,0,0,27.72118,52.01394
2025-05-28 21:08:40,0,0,27.71529,51.98976
2025-05-28 21:08:40,0,0,27.71529,51.98976
2025-05-28 21:08:40,0,0,27.70059,51.99607
2025-05-28 21:08:40,0,0,27.70059,51.99607
2025-05-28 21:08:40,0,0,27.69471,52.00935
2025-05-28 21:08:40,0,0,27.69471,52.00935
2025-05-28 21:08:40,0,0,27.69471,52.02467
2025-05-28 21:08:40,0,0,27.69471,52.02467
2025-05-28 21:08:41,0,0,27.69765,51.99062
2025-05-28 21:08:41,0,0,27.69765,51.99062
2025-05-28 21:08:41,0,0,27.70059,52.01831
2025-05-28 21:08:41,0,0,27.70059,52.01831
2025-05-28 21:08:41,0,0,27.70059,52.01009
2025-05-28 21:08:41,0,0,27.70059,52.01009
2025-05-28 21:08:41,0,0,27.70353,52.03621
2025-05-28 21:08:41,0,0,27.70353,52.03621
2025-05-28 21:08:41,0,0,27.69765,52.02449
2025-05-28 21:08:41,0,0,27.69765,52.02449
2025-05-28 21:08:41,0,0,27.69176,52.00839
2025-05-28 21:08:41,0,0,27.69176,52.00839
2025-05-28 21:08:42,0,0,27.69765,52.0311
2025-05-28 21:08:42,0,0,27.69765,52.0311
2025-05-28 21:08:42,0,0,27.70059,52.03963
2025-05-28 21:08:42,0,0,27.70059,52.03963
2025-05-28 21:08:42,0,0,27.70059,52.01594
2025-05-28 21:08:42,0,0,27.70059,52.01594
2025-05-28 21:08:42,0,0,27.70647,52.01706
2025-05-28 21:08:42,0,0,27.70647,52.01706
2025-05-28 21:08:42,0,0,27.69471,52.04287
2025-05-28 21:08:42,0,0,27.69471,52.04287
2025-05-28 21:08:42,0,0,27.70059,52.04286
2025-05-28 21:08:42,0,0,27.70059,52.04286
2025-05-28 21:08:43,0,0,27.68294,52.05187
2025-05-28 21:08:43,0,0,27.68294,52.05187
2025-05-28 21:08:43,0,0,27.68882,52.04824
2025-05-28 21:08:43,0,0,27.68882,52.04824
2025-05-28 21:08:43,0,0,27.68882,52.05454
2025-05-28 21:08:43,0,0,27.68882,52.05454
2025-05-28 21:08:43,0,0,27.68588,52.05064
2025-05-28 21:08:43,0,0,27.68588,52.05064
2025-05-28 21:08:43,0,0,27.70059,52.03393
2025-05-28 21:08:43,0,0,27.70647,52.02504
2025-05-28 21:08:43,0,0,27.70059,52.03393
2025-05-28 21:08:43,0,0,27.70647,52.02504
2025-05-28 21:08:44,0,0,27.71235,52.03859
2025-05-28 21:08:44,0,0,27.71235,52.03859
2025-05-28 21:08:44,0,0,27.70353,52.0631
2025-05-28 21:08:44,0,0,27.70353,52.0631
2025-05-28 21:08:44,0,0,27.71235,52.03123
2025-05-28 21:08:44,0,0,27.71235,52.03123
2025-05-28 21:08:44,0,0,27.71529,52.0629
2025-05-28 21:08:44,0,0,27.71529,52.0629
2025-05-28 21:08:44,0,0,27.71824,52.06854
2025-05-28 21:08:44,0,0,27.71824,52.06854
2025-05-28 21:08:44,0,0,27.72412,52.05424
2025-05-28 21:08:44,0,0,27.72412,52.05424
2025-05-28 21:08:45,0,0,27.72118,52.03533
2025-05-28 21:08:45,0,0,27.72118,52.03533
2025-05-28 21:08:45,0,0,27.72412,52.04478
2025-05-28 21:08:45,0,0,27.72412,52.04478
2025-05-28 21:08:45,0,0,27.71824,52.07256
2025-05-28 21:08:45,0,0,27.72706,52.05742
2025-05-28 21:08:45,0,0,27.71824,52.07256
2025-05-28 21:08:45,0,0,27.72706,52.05742
2025-05-28 21:08:45,0,0,27.73294,52.04645
2025-05-28 21:08:45,0,0,27.73294,52.04645
2025-05-28 21:08:45,0,0,27.72118,52.04043
2025-05-28 21:08:45,0,0,27.72118,52.04043
2025-05-28 21:08:45,0,0,27.72706,52.06881
2025-05-28 21:08:46,0,0,27.73882,52.06089
2025-05-28 21:08:45,0,0,27.72706,52.06881
2025-05-28 21:08:46,0,0,27.73882,52.06089
2025-05-28 21:08:46,0,0,27.73882,52.09145
2025-05-28 21:08:46,0,0,27.73882,52.09145
2025-05-28 21:08:46,0,0,27.74765,52.08396
2025-05-28 21:08:46,0,0,27.74765,52.08396
2025-05-28 21:08:46,0,0,27.73882,52.0725
2025-05-28 21:08:46,0,0,27.73882,52.0725
2025-05-28 21:08:46,0,0,27.75353,52.09659
2025-05-28 21:08:46,0,0,27.75353,52.09659
2025-05-28 21:08:46,0,0,27.75353,52.06688
2025-05-28 21:08:46,0,0,27.75353,52.06688
2025-05-28 21:08:47,0,0,27.74471,52.06398
2025-05-28 21:08:47,0,0,27.74471,52.06398
2025-05-28 21:08:47,0,0,27.73294,52.06456
2025-05-28 21:08:47,0,0,27.73294,52.06456
2025-05-28 21:08:47,0,0,27.74765,52.0826
2025-05-28 21:08:47,0,0,27.74471,52.09018
2025-05-28 21:08:47,0,0,27.74765,52.0826
2025-05-28 21:08:47,0,0,27.74471,52.09018
2025-05-28 21:08:47,0,0,27.75647,52.08319
2025-05-28 21:08:47,0,0,27.75647,52.08319
2025-05-28 21:08:47,0,0,27.75647,52.0758
2025-05-28 21:08:47,0,0,27.75647,52.0758
2025-05-28 21:08:48,0,0,27.75647,52.1153
2025-05-28 21:08:48,0,0,27.75647,52.1153
2025-05-28 21:08:48,0,0,27.76824,52.11618
2025-05-28 21:08:48,0,0,27.76824,52.11618
2025-05-28 21:08:48,0,0,27.75647,52.08031
2025-05-28 21:08:48,0,0,27.75647,52.08031
2025-05-28 21:08:48,0,0,27.74176,52.10073
2025-05-28 21:08:48,0,0,27.74176,52.10073
2025-05-28 21:08:48,0,0,27.74471,52.12139
2025-05-28 21:08:48,0,0,27.74471,52.12139
2025-05-28 21:08:48,0,0,27.73882,52.10574
2025-05-28 21:08:48,0,0,27.73882,52.10574
2025-05-28 21:08:49,0,0,27.76235,52.07854
2025-05-28 21:08:49,0,0,27.76235,52.07854
2025-05-28 21:08:49,0,0,27.75059,52.0904
2025-05-28 21:08:49,0,0,27.75059,52.0904
2025-05-28 21:08:49,0,0,27.75353,52.10625
2025-05-28 21:08:49,0,0,27.75353,52.10625
2025-05-28 21:08:49,0,0,27.75941,52.1421
2025-05-28 21:08:49,0,0,27.75941,52.1421
2025-05-28 21:08:49,0,0,27.75647,52.07901
2025-05-28 21:08:49,0,0,27.75941,52.11451
2025-05-28 21:08:49,0,0,27.75647,52.07901
2025-05-28 21:08:49,0,0,27.75941,52.11451
2025-05-28 21:08:49,0,0,27.75647,52.12029
2025-05-28 21:08:49,0,0,27.75647,52.12029
2025-05-28 21:08:50,0,0,27.7653,52.12234
2025-05-28 21:08:50,0,0,27.7653,52.12234
2025-05-28 21:08:50,0,0,27.7653,52.08486
2025-05-28 21:08:50,0,0,27.7653,52.08486
2025-05-28 21:08:50,0,0,27.7653,52.11029
2025-05-28 21:08:50,0,0,27.74176,52.10443
2025-05-28 21:08:50,0,0,27.7653,52.11029
2025-05-28 21:08:50,0,0,27.74176,52.10443
2025-05-28 21:08:50,0,0,27.74176,52.13222
2025-05-28 21:08:50,0,0,27.74176,52.13222
2025-05-28 21:08:50,0,0,27.75353,52.07537
2025-05-28 21:08:50,0,0,27.75353,52.07537
2025-05-28 21:08:51,0,0,27.75941,52.11951
2025-05-28 21:08:51,0,0,27.75941,52.11951
2025-05-28 21:08:51,0,0,27.76824,52.13047
2025-05-28 21:08:51,0,0,27.76824,52.13047
2025-05-28 21:08:51,0,0,27.75941,52.11442
2025-05-28 21:08:51,0,0,27.75941,52.11442
2025-05-28 21:08:51,0,0,27.7653,52.09997
2025-05-28 21:08:51,0,0,27.7653,52.09997
2025-05-28 21:08:51,0,0,27.7653,52.12206
2025-05-28 21:08:51,0,0,27.7653,52.12206
2025-05-28 21:08:51,0,0,27.76824,52.12449
2025-05-28 21:08:52,0,0,27.76235,52.116
2025-05-28 21:08:51,0,0,27.76824,52.12449
2025-05-28 21:08:52,0,0,27.76235,52.116
2025-05-28 21:08:52,0,0,27.77412,52.1176
2025-05-28 21:08:52,0,0,27.77412,52.1176
2025-05-28 21:08:52,0,0,27.77706,52.13258
2025-05-28 21:08:52,0,0,27.77706,52.13258
2025-05-28 21:08:52,0,0,27.77412,52.13027
2025-05-28 21:08:52,0,0,27.77412,52.13027
2025-05-28 21:08:52,0,0,27.78294,52.14056
2025-05-28 21:08:52,0,0,27.77118,52.10139
2025-05-28 21:08:52,0,0,27.78294,52.14056
2025-05-28 21:08:52,0,0,27.77118,52.10139
2025-05-28 21:08:53,0,0,27.77412,52.12633
2025-05-28 21:08:53,0,0,27.77412,52.12633
2025-05-28 21:08:53,0,0,27.77706,52.12603
2025-05-28 21:08:53,0,0,27.77706,52.12603
2025-05-28 21:08:53,0,0,27.77706,52.13199
2025-05-28 21:08:53,0,0,27.77706,52.13199
2025-05-28 21:08:53,0,0,27.77118,52.12704
2025-05-28 21:08:53,0,0,27.78,52.13522
2025-05-28 21:08:53,0,0,27.77118,52.12704
2025-05-28 21:08:53,0,0,27.78,52.13522
2025-05-28 21:08:53,0,0,27.77706,52.11901
2025-05-28 21:08:53,0,0,27.77706,52.11901
2025-05-28 21:08:54,0,0,27.77412,52.15721
2025-05-28 21:08:54,0,0,27.77412,52.15721
2025-05-28 21:08:54,0,0,27.78294,52.1736
2025-05-28 21:08:54,0,0,27.78588,52.14445
2025-05-28 21:08:54,0,0,27.78294,52.1736
2025-05-28 21:08:54,0,0,27.78588,52.14445
2025-05-28 21:08:54,0,0,27.79177,52.14849
2025-05-28 21:08:54,0,0,27.79177,52.14849
2025-05-28 21:08:54,0,0,27.78882,52.1356
2025-05-28 21:08:54,0,0,27.78882,52.1356
2025-05-28 21:08:54,0,0,27.78882,52.17225
2025-05-28 21:08:54,0,0,27.78882,52.17225
2025-05-28 21:08:54,0,0,27.79471,52.12026
2025-05-28 21:08:54,0,0,27.79471,52.12026
2025-05-28 21:08:55,0,0,27.79471,52.14251
2025-05-28 21:08:55,0,0,27.79471,52.14251
2025-05-28 21:08:55,0,0,27.79177,52.14878
2025-05-28 21:08:55,0,0,27.79177,52.14878
2025-05-28 21:08:55,0,0,27.79177,52.18278
2025-05-28 21:08:55,0,0,27.79177,52.18278
2025-05-28 21:08:55,0,0,27.79765,52.139
2025-05-28 21:08:55,0,0,27.79765,52.139
2025-05-28 21:08:55,0,0,27.79765,52.17722
2025-05-28 21:08:55,0,0,27.80647,52.18453
2025-05-28 21:08:55,0,0,27.79765,52.17722
2025-05-28 21:08:55,0,0,27.80647,52.18453
2025-05-28 21:08:56,0,0,27.80647,52.18409
2025-05-28 21:08:56,0,0,27.80647,52.18409
2025-05-28 21:08:56,0,0,27.81235,52.14252
2025-05-28 21:08:56,0,0,27.81235,52.14252
2025-05-28 21:08:56,0,0,27.80059,52.17934
2025-05-28 21:08:56,0,0,27.80059,52.17934
2025-05-28 21:08:56,0,0,27.80059,52.16692
2025-05-28 21:08:56,0,0,27.80059,52.16692
2025-05-28 21:08:56,0,0,27.79471,52.1623
2025-05-28 21:08:56,0,0,27.79471,52.1623
2025-05-28 21:08:56,0,0,27.80059,52.13457
2025-05-28 21:08:56,0,0,27.80059,52.13457
2025-05-28 21:08:57,0,0,27.79471,52.16214
2025-05-28 21:08:57,0,0,27.79471,52.16214
2025-05-28 21:08:57,0,0,27.81235,52.19112
2025-05-28 21:08:57,0,0,27.80647,52.16006
2025-05-28 21:08:57,0,0,27.81235,52.19112
2025-05-28 21:08:57,0,0,27.80647,52.16006
2025-05-28 21:08:57,0,0,27.81529,52.16781
2025-05-28 21:08:57,0,0,27.81529,52.16781
2025-05-28 21:08:57,0,0,27.80647,52.18495
2025-05-28 21:08:57,0,0,27.80647,52.18495
2025-05-28 21:08:57,0,0,27.79471,52.18675
2025-05-28 21:08:57,0,0,27.79471,52.18675
2025-05-28 21:08:58,0,0,27.80353,52.18857
2025-05-28 21:08:58,0,0,27.80353,52.18857
2025-05-28 21:08:58,0,0,27.80647,52.15956
2025-05-28 21:08:58,0,0,27.80647,52.15956
2025-05-28 21:08:58,0,0,27.80647,52.17056
2025-05-28 21:08:58,0,0,27.80647,52.17056
2025-05-28 21:08:58,0,0,27.80941,52.17089
2025-05-28 21:08:58,0,0,27.80941,52.17089
2025-05-28 21:08:58,0,0,27.80353,52.17803
2025-05-28 21:08:58,0,0,27.80353,52.17803
2025-05-28 21:08:58,0,0,27.80941,52.18704
2025-05-28 21:08:58,0,0,27.80941,52.18704
2025-05-28 21:08:58,0,0,27.82118,52.19223
2025-05-28 21:08:58,0,0,27.82118,52.19223
2025-05-28 21:08:59,0,0,27.80647,52.1683
2025-05-28 21:08:59,0,0,27.80647,52.1683
2025-05-28 21:08:59,0,0,27.81235,52.21023
2025-05-28 21:08:59,0,0,27.81235,52.21023
2025-05-28 21:08:59,0,0,27.81824,52.22744
2025-05-28 21:08:59,0,0,27.81235,52.17122
2025-05-28 21:08:59,0,0,27.81824,52.22744
2025-05-28 21:08:59,0,0,27.80353,52.19705
2025-05-28 21:08:59,0,0,27.81235,52.17122
2025-05-28 21:08:59,0,0,27.80353,52.19705
2025-05-28 21:08:59,0,0,27.82118,52.21047
2025-05-28 21:08:59,0,0,27.82118,52.21047
2025-05-28 21:09:00,0,0,27.81824,52.20525
2025-05-28 21:09:00,0,0,27.81824,52.20525
2025-05-28 21:09:00,0,0,27.81529,52.15135
2025-05-28 21:09:00,0,0,27.81529,52.15135
2025-05-28 21:09:00,0,0,27.82118,52.18129
2025-05-28 21:09:00,0,0,27.82118,52.18129
2025-05-28 21:09:00,0,0,27.81529,52.19162
2025-05-28 21:09:00,0,0,27.81529,52.19162
2025-05-28 21:09:00,0,0,27.81529,52.21542
2025-05-28 21:09:00,0,0,27.81529,52.21542
2025-05-28 21:09:00,0,0,27.82118,52.16065
2025-05-28 21:09:01,0,0,27.83,52.21248
2025-05-28 21:09:00,0,0,27.82118,52.16065
2025-05-28 21:09:01,0,0,27.83,52.21248
2025-05-28 21:09:01,0,0,27.82118,52.22504
2025-05-28 21:09:01,0,0,27.82118,52.22504
2025-05-28 21:09:01,0,0,27.82412,52.23042
2025-05-28 21:09:01,0,0,27.82412,52.23042
2025-05-28 21:09:01,0,0,27.83,52.19274
2025-05-28 21:09:01,0,0,27.83,52.19274
2025-05-28 21:09:01,0,0,27.82412,52.21027
2025-05-28 21:09:01,0,0,27.82412,52.21027
2025-05-28 21:09:01,0,0,27.82706,52.20578
2025-05-28 21:09:01,0,0,27.82706,52.20578
2025-05-28 21:09:02,0,0,27.82412,52.20176
2025-05-28 21:09:02,0,0,27.82412,52.20176
2025-05-28 21:09:02,0,0,27.83,52.2201
2025-05-28 21:09:02,0,0,27.83,52.2201
2025-05-28 21:09:02,0,0,27.81235,52.20071
2025-05-28 21:09:02,0,0,27.81235,52.20071
2025-05-28 21:09:02,0,0,27.82706,52.21732
2025-05-28 21:09:02,0,0,27.82706,52.21732
2025-05-28 21:09:02,0,0,27.82118,52.2497
2025-05-28 21:09:02,0,0,27.82118,52.2497
2025-05-28 21:09:02,0,0,27.80647,52.30568
2025-05-28 21:09:02,0,0,27.80647,52.30568
2025-05-28 21:09:03,0,0,27.81824,52.27596
2025-05-28 21:09:03,0,0,27.81824,52.27596
2025-05-28 21:09:03,0,0,27.82118,52.27377
2025-05-28 21:09:03,0,0,27.82118,52.27377
2025-05-28 21:09:03,0,0,27.82412,52.26693
2025-05-28 21:09:03,0,0,27.82412,52.26693
2025-05-28 21:09:03,0,0,27.82412,52.32372
2025-05-28 21:09:03,0,0,27.82412,52.32372
2025-05-28 21:09:03,0,0,27.83588,52.23046
2025-05-28 21:09:03,0,0,27.83588,52.23046
2025-05-28 21:09:03,0,0,27.83,52.23822
2025-05-28 21:09:03,0,0,27.83,52.23822
2025-05-28 21:09:03,0,0,27.83588,52.26244
2025-05-28 21:09:03,0,0,27.83588,52.26244
2025-05-28 21:09:04,0,0,27.83294,52.27211
2025-05-28 21:09:04,0,0,27.83294,52.27211
2025-05-28 21:09:04,0,0,27.83,52.24008
2025-05-28 21:09:04,0,0,27.83,52.24008
2025-05-28 21:09:04,0,0,27.85353,52.25103
2025-05-28 21:09:04,0,0,27.85353,52.25103
2025-05-28 21:09:04,0,0,27.84765,52.26549
2025-05-28 21:09:04,0,0,27.84176,52.25301
2025-05-28 21:09:04,0,0,27.84765,52.26549
2025-05-28 21:09:04,0,0,27.84176,52.25301
2025-05-28 21:09:04,0,0,27.86235,52.23405
2025-05-28 21:09:04,0,0,27.86235,52.23405
2025-05-28 21:09:05,0,0,27.85059,52.24517
2025-05-28 21:09:05,0,0,27.85059,52.24517
2025-05-28 21:09:05,0,0,27.85647,52.2465
2025-05-28 21:09:05,0,0,27.85647,52.2465
2025-05-28 21:09:05,0,0,27.85059,52.28326
2025-05-28 21:09:05,0,0,27.86235,52.24986
2025-05-28 21:09:05,0,0,27.85059,52.28326
2025-05-28 21:09:05,0,0,27.86235,52.24986
2025-05-28 21:09:05,0,0,27.87118,52.27862
2025-05-28 21:09:05,0,0,27.87118,52.27862
2025-05-28 21:09:05,0,0,27.86235,52.27813
2025-05-28 21:09:05,0,0,27.86235,52.27813
2025-05-28 21:09:06,0,0,27.85647,52.27003
2025-05-28 21:09:06,0,0,27.85647,52.27003
2025-05-28 21:09:06,0,0,27.84765,52.2275
2025-05-28 21:09:06,0,0,27.84765,52.2275
2025-05-28 21:09:06,0,0,27.85647,52.27227
2025-05-28 21:09:06,0,0,27.85647,52.27227
2025-05-28 21:09:06,0,0,27.85647,52.28393
2025-05-28 21:09:06,0,0,27.85647,52.28393
2025-05-28 21:09:06,0,0,27.85941,52.26489
2025-05-28 21:09:06,0,0,27.85941,52.26489
2025-05-28 21:09:06,0,0,27.86235,52.25063
2025-05-28 21:09:07,0,0,27.85941,52.26662
2025-05-28 21:09:06,0,0,27.86235,52.25063
2025-05-28 21:09:07,0,0,27.85941,52.26662
2025-05-28 21:09:07,0,0,27.86235,52.26065
2025-05-28 21:09:07,0,0,27.86235,52.26065
2025-05-28 21:09:07,0,0,27.86235,52.27276
2025-05-28 21:09:07,0,0,27.86235,52.27276
2025-05-28 21:09:07,0,0,27.86823,52.24239
2025-05-28 21:09:07,0,0,27.86823,52.24239
2025-05-28 21:09:07,0,0,27.86235,52.25205
2025-05-28 21:09:07,0,0,27.86529,52.251
2025-05-28 21:09:07,0,0,27.86235,52.25205
2025-05-28 21:09:07,0,0,27.86529,52.251
2025-05-28 21:09:07,0,0,27.86823,52.262
2025-05-28 21:09:07,0,0,27.86823,52.262
2025-05-28 21:09:08,0,0,27.87118,52.23547
2025-05-28 21:09:08,0,0,27.87118,52.23547
2025-05-28 21:09:08,0,0,27.86823,52.28284
2025-05-28 21:09:08,0,0,27.86823,52.28284
2025-05-28 21:09:08,0,0,27.86823,52.25502
2025-05-28 21:09:08,0,0,27.86823,52.25502
2025-05-28 21:09:08,0,0,27.86823,52.29071
2025-05-28 21:09:08,0,0,27.86823,52.29071
2025-05-28 21:09:08,0,0,27.86235,52.26654
2025-05-28 21:09:08,0,0,27.86235,52.26654
2025-05-28 21:09:08,0,0,27.85941,52.27924
2025-05-28 21:09:08,0,0,27.85941,52.27924
2025-05-28 21:09:09,0,0,27.86529,52.2859
2025-05-28 21:09:09,0,0,27.87412,52.28577
2025-05-28 21:09:09,0,0,27.86529,52.2859
2025-05-28 21:09:09,0,0,27.87412,52.28577
2025-05-28 21:09:09,0,0,27.86823,52.24524
2025-05-28 21:09:09,0,0,27.86823,52.24524
2025-05-28 21:09:09,0,0,27.86529,52.26471
2025-05-28 21:09:09,0,0,27.86529,52.26471
2025-05-28 21:09:09,0,0,27.86823,52.28054
2025-05-28 21:09:09,0,0,27.86823,52.28054
2025-05-28 21:09:09,0,0,27.87706,52.29325
2025-05-28 21:09:09,0,0,27.87706,52.29325
2025-05-28 21:09:10,0,0,27.88588,52.2818
2025-05-28 21:09:10,0,0,27.88588,52.2818
2025-05-28 21:09:10,0,0,27.86823,52.26991
2025-05-28 21:09:10,0,0,27.86823,52.26991
2025-05-28 21:09:10,0,0,27.87706,52.29467
2025-05-28 21:09:10,0,0,27.87706,52.29467
2025-05-28 21:09:10,0,0,27.87412,52.29839
2025-05-28 21:09:10,0,0,27.87412,52.29839
2025-05-28 21:09:10,0,0,27.88882,52.25267
2025-05-28 21:09:10,0,0,27.89177,52.2633
2025-05-28 21:09:11,0,0,27.88588,52.27522
2025-05-28 21:09:10,0,0,27.88882,52.25267
2025-05-28 21:09:10,0,0,27.89177,52.2633
2025-05-28 21:09:11,0,0,27.88588,52.27522
2025-05-28 21:09:11,0,0,27.88294,52.29351
2025-05-28 21:09:11,0,0,27.88294,52.29351
2025-05-28 21:09:11,0,0,27.88294,52.22741
2025-05-28 21:09:11,0,0,27.88588,52.29365
2025-05-28 21:09:11,0,0,27.88294,52.22741
2025-05-28 21:09:11,0,0,27.88588,52.29365
2025-05-28 21:09:11,0,0,27.88588,52.29943
2025-05-28 21:09:11,0,0,27.88588,52.29943
2025-05-28 21:09:11,0,0,27.87706,52.29161
2025-05-28 21:09:11,0,0,27.87706,52.29161
2025-05-28 21:09:12,0,0,27.89177,52.25587
2025-05-28 21:09:12,0,0,27.89177,52.25587
2025-05-28 21:09:12,0,0,27.88294,52.2803
2025-05-28 21:09:12,0,0,27.88588,52.2811
2025-05-28 21:09:12,0,0,27.89177,52.28318
2025-05-28 21:09:12,0,0,27.88294,52.2803
2025-05-28 21:09:12,0,0,27.88588,52.2811
2025-05-28 21:09:12,0,0,27.89177,52.28318
2025-05-28 21:09:12,0,0,27.88882,52.24809
2025-05-28 21:09:12,0,0,27.88882,52.24809
2025-05-28 21:09:12,0,0,27.87706,52.2667
2025-05-28 21:09:12,0,0,27.87706,52.2667
2025-05-28 21:09:12,0,0,27.88882,52.27532
2025-05-28 21:09:12,0,0,27.88882,52.27532
2025-05-28 21:09:13,0,0,27.88294,52.27885
2025-05-28 21:09:13,0,0,27.88294,52.27885
2025-05-28 21:09:13,0,0,27.88588,52.2282
2025-05-28 21:09:13,0,0,27.88588,52.2282
2025-05-28 21:09:13,0,0,27.89471,52.28102
2025-05-28 21:09:13,0,0,27.89471,52.28102
2025-05-28 21:09:13,0,0,27.88588,52.26875
2025-05-28 21:09:13,0,0,27.88882,52.30467
2025-05-28 21:09:13,0,0,27.88588,52.26875
2025-05-28 21:09:13,0,0,27.88882,52.30467
2025-05-28 21:09:13,0,0,27.89765,52.30922
2025-05-28 21:09:13,0,0,27.89765,52.30922
2025-05-28 21:09:14,0,0,27.89177,52.26377
2025-05-28 21:09:14,0,0,27.89177,52.26377
2025-05-28 21:09:14,0,0,27.88588,52.29639
2025-05-28 21:09:14,0,0,27.88588,52.29639
2025-05-28 21:09:14,0,0,27.89765,52.31126
2025-05-28 21:09:14,0,0,27.89471,52.30334
2025-05-28 21:09:14,0,0,27.89765,52.31126
2025-05-28 21:09:14,0,0,27.89471,52.30334
2025-05-28 21:09:14,0,0,27.88882,52.2401
2025-05-28 21:09:14,0,0,27.88882,52.2401
2025-05-28 21:09:14,0,0,27.88588,52.28942
2025-05-28 21:09:14,0,0,27.88588,52.28942
2025-05-28 21:09:15,0,0,27.88,52.29634
2025-05-28 21:09:15,0,0,27.88,52.29634
2025-05-28 21:09:15,0,0,27.88588,52.30929
2025-05-28 21:09:15,0,0,27.88588,52.30929
2025-05-28 21:09:15,0,0,27.88882,52.27408
2025-05-28 21:09:15,0,0,27.88882,52.27408
2025-05-28 21:09:15,0,0,27.89765,52.30179
2025-05-28 21:09:15,0,0,27.89765,52.30179
2025-05-28 21:09:15,0,0,27.89177,52.33831
2025-05-28 21:09:15,0,0,27.89177,52.33831
2025-05-28 21:09:15,0,0,27.90059,52.3237
2025-05-28 21:09:16,0,0,27.90059,52.33416
2025-05-28 21:09:15,0,0,27.90059,52.3237
2025-05-28 21:09:16,0,0,27.90059,52.33416
2025-05-28 21:09:16,0,0,27.89471,52.31545
2025-05-28 21:09:16,0,0,27.89471,52.31545
2025-05-28 21:09:16,0,0,27.90059,52.32604
2025-05-28 21:09:16,0,0,27.90059,52.32604
2025-05-28 21:09:16,0,0,27.89177,52.34489
2025-05-28 21:09:16,0,0,27.89471,52.30239
2025-05-28 21:09:16,0,0,27.90353,52.33308
2025-05-28 21:09:16,0,0,27.88294,52.31557
2025-05-28 21:09:17,0,0,27.89177,52.36323
2025-05-28 21:09:16,0,0,27.89177,52.34489
2025-05-28 21:09:16,0,0,27.89471,52.30239
2025-05-28 21:09:16,0,0,27.90353,52.33308
2025-05-28 21:09:16,0,0,27.88294,52.31557
2025-05-28 21:09:17,0,0,27.89177,52.36323
2025-05-28 21:09:17,0,0,27.88588,52.37202
2025-05-28 21:09:17,0,0,27.88588,52.37202
2025-05-28 21:09:17,0,0,27.89471,52.352
2025-05-28 21:09:17,0,0,27.89471,52.352
2025-05-28 21:09:17,0,0,27.88882,52.36066
2025-05-28 21:09:17,0,0,27.88882,52.36066
2025-05-28 21:09:17,0,0,27.89765,52.33523
2025-05-28 21:09:17,0,0,27.89765,52.33523
2025-05-28 21:09:17,0,0,27.89471,52.33832
2025-05-28 21:09:17,0,0,27.89471,52.33832
2025-05-28 21:09:18,0,0,27.89765,52.31663
2025-05-28 21:09:18,0,0,27.89765,52.31663
2025-05-28 21:09:18,0,0,27.89471,52.33728
2025-05-28 21:09:18,0,0,27.89471,52.33728
2025-05-28 21:09:18,0,0,27.90059,52.34093
2025-05-28 21:09:18,0,0,27.90059,52.34093
2025-05-28 21:09:18,0,0,27.89765,52.35788
2025-05-28 21:09:18,0,0,27.89765,52.35788
2025-05-28 21:09:18,0,0,27.89765,52.32186
2025-05-28 21:09:18,0,0,27.89765,52.32186
2025-05-28 21:09:18,0,0,27.89177,52.34689
2025-05-28 21:09:18,0,0,27.89177,52.34689
2025-05-28 21:09:19,0,0,27.89471,52.36125
2025-05-28 21:09:19,0,0,27.89471,52.36125
2025-05-28 21:09:19,0,0,27.89177,52.35148
2025-05-28 21:09:19,0,0,27.89177,52.35148
2025-05-28 21:09:19,0,0,27.88882,52.32711
2025-05-28 21:09:19,0,0,27.88882,52.32711
2025-05-28 21:09:19,0,0,27.89471,52.34901
2025-05-28 21:09:19,0,0,27.89471,52.34901
2025-05-28 21:09:19,0,0,27.88588,52.34072
2025-05-28 21:09:19,0,0,27.89177,52.33961
2025-05-28 21:09:19,0,0,27.88588,52.34072
2025-05-28 21:09:20,0,0,27.89765,52.31313
2025-05-28 21:09:19,0,0,27.89177,52.33961
2025-05-28 21:09:20,0,0,27.89471,52.33886
2025-05-28 21:09:20,0,0,27.89765,52.31313
2025-05-28 21:09:20,0,0,27.90353,52.36673
2025-05-28 21:09:20,0,0,27.89471,52.33886
2025-05-28 21:09:20,0,0,27.91529,52.33902
2025-05-28 21:09:20,0,0,27.90353,52.36673
2025-05-28 21:09:20,0,0,27.90941,52.35342
2025-05-28 21:09:20,0,0,27.91529,52.33902
2025-05-28 21:09:20,0,0,27.90647,52.35506
2025-05-28 21:09:20,0,0,27.90941,52.35342
2025-05-28 21:09:20,0,0,27.90647,52.35506
2025-05-28 21:09:21,0,0,27.91824,52.34956
2025-05-28 21:09:21,0,0,27.91824,52.34956
2025-05-28 21:09:21,0,0,27.90941,52.33724
2025-05-28 21:09:21,0,0,27.90941,52.33724
2025-05-28 21:09:21,0,0,27.93,52.35248
2025-05-28 21:09:21,0,0,27.93,52.35248
2025-05-28 21:09:21,0,0,27.90647,52.33034
2025-05-28 21:09:21,0,0,27.90647,52.33034
2025-05-28 21:09:21,0,0,27.90941,52.3511
2025-05-28 21:09:21,0,0,27.90941,52.3511
2025-05-28 21:09:21,0,0,27.92118,52.31491
2025-05-28 21:09:21,0,0,27.92118,52.31491
2025-05-28 21:09:21,0,0,27.91235,52.3429
2025-05-28 21:09:21,0,0,27.91235,52.3429
2025-05-28 21:09:22,0,0,27.91235,52.36697
2025-05-28 21:09:22,0,0,27.91235,52.36697
2025-05-28 21:09:22,0,0,27.91824,52.35038
2025-05-28 21:09:22,0,0,27.91824,52.35038
2025-05-28 21:09:22,0,0,27.91824,52.32194
2025-05-28 21:09:22,0,0,27.91824,52.32194
2025-05-28 21:09:22,0,0,27.91824,52.3545
2025-05-28 21:09:22,0,0,27.91824,52.3545
2025-05-28 21:09:22,0,0,27.92706,52.34691
2025-05-28 21:09:22,0,0,27.92706,52.34691
2025-05-28 21:09:22,0,0,27.90941,52.34989
2025-05-28 21:09:22,0,0,27.90941,52.34989
2025-05-28 21:09:23,0,0,27.92706,52.3047
2025-05-28 21:09:23,0,0,27.92706,52.3047
2025-05-28 21:09:23,0,0,27.90647,52.33059
2025-05-28 21:09:23,0,0,27.90647,52.33059
2025-05-28 21:09:23,0,0,27.91824,52.34912
2025-05-28 21:09:23,0,0,27.91824,52.34912
2025-05-28 21:09:26,0,0,27.92412,52.37816
2025-05-28 21:09:26,0,0,27.92412,52.37816
2025-05-28 21:09:26,0,0,27.92412,52.33064
2025-05-28 21:09:26,0,0,27.92412,52.33064
2025-05-28 21:09:26,0,0,27.91824,52.36476
2025-05-28 21:09:26,0,0,27.91824,52.36476
2025-05-28 21:09:26,0,0,27.91529,52.36857
2025-05-28 21:09:26,0,0,27.91529,52.36857
2025-05-28 21:09:26,0,0,27.90941,52.39408
2025-05-28 21:09:26,0,0,27.90941,52.39408
2025-05-28 21:09:27,0,0,27.90941,52.32025
2025-05-28 21:09:27,0,0,27.90941,52.32025
2025-05-28 21:09:27,0,0,27.90353,52.36164
2025-05-28 21:09:27,0,0,27.90353,52.36164
2025-05-28 21:09:27,0,0,27.92118,52.35677
2025-05-28 21:09:27,0,0,27.92118,52.35677
2025-05-28 21:09:27,0,0,27.90353,52.37476
2025-05-28 21:09:27,0,0,27.90353,52.37476
2025-05-28 21:09:27,0,0,27.90353,52.30328
2025-05-28 21:09:27,0,0,27.90353,52.30328
2025-05-28 21:09:27,0,0,27.91235,52.37765
2025-05-28 21:09:27,0,0,27.91235,52.37765
2025-05-28 21:09:28,0,0,27.91235,52.35782
2025-05-28 21:09:28,0,0,27.91235,52.35782
2025-05-28 21:09:28,0,0,27.91235,52.40341
2025-05-28 21:09:28,0,0,27.91824,52.31284
2025-05-28 21:09:29,0,0,27.92118,52.37588
2025-05-28 21:09:29,0,0,27.91529,52.37728
2025-05-28 21:09:29,0,0,27.91824,52.38837
2025-05-28 21:09:29,0,0,27.90941,52.35061
2025-05-28 21:09:29,0,0,27.91235,52.34849
2025-05-28 21:09:29,0,0,27.92412,52.37304
2025-05-28 21:09:30,0,0,27.92118,52.40857
2025-05-28 21:09:30,0,0,27.91235,52.3969
2025-05-28 21:09:30,0,0,27.90059,52.41674
2025-05-28 21:09:30,0,0,27.91235,52.44297
2025-05-28 21:09:30,0,0,27.90353,52.4169
2025-05-28 21:09:30,0,0,27.90353,52.41556
2025-05-28 21:09:28,0,0,27.91235,52.40341
2025-05-28 21:09:28,0,0,27.91824,52.31284
2025-05-28 21:09:29,0,0,27.92118,52.37588
2025-05-28 21:09:29,0,0,27.91529,52.37728
2025-05-28 21:09:29,0,0,27.91824,52.38837
2025-05-28 21:09:29,0,0,27.90941,52.35061
2025-05-28 21:09:29,0,0,27.91235,52.34849
2025-05-28 21:09:29,0,0,27.92412,52.37304
2025-05-28 21:09:30,0,0,27.92118,52.40857
2025-05-28 21:09:30,0,0,27.91235,52.3969
2025-05-28 21:09:30,0,0,27.90059,52.41674
2025-05-28 21:09:30,0,0,27.91235,52.44297
2025-05-28 21:09:30,0,0,27.90353,52.4169
2025-05-28 21:09:30,0,0,27.90353,52.41556
2025-05-28 21:09:31,0,0,27.90647,52.41921
2025-05-28 21:09:31,0,0,27.91235,52.39704
2025-05-28 21:09:31,0,0,27.90647,52.41921
2025-05-28 21:09:31,0,0,27.91235,52.39704
2025-05-28 21:09:31,0,0,27.90941,52.40744
2025-05-28 21:09:31,0,0,27.91235,52.42183
2025-05-28 21:09:31,0,0,27.90941,52.40744
2025-05-28 21:09:31,0,0,27.91235,52.42183
2025-05-28 21:09:31,0,0,27.90353,52.37714
2025-05-28 21:09:31,0,0,27.90353,52.37714
2025-05-28 21:09:31,0,0,27.89765,52.41364
2025-05-28 21:09:31,0,0,27.89765,52.41364
2025-05-28 21:09:31,0,0,27.90941,52.39644
2025-05-28 21:09:31,0,0,27.90941,52.39644
2025-05-28 21:09:32,0,0,27.91529,52.40919
2025-05-28 21:09:32,0,0,27.91529,52.40919
2025-05-28 21:09:32,0,0,27.90353,52.38908
2025-05-28 21:09:32,0,0,27.90353,52.38908
2025-05-28 21:09:32,0,0,27.90353,52.39527
2025-05-28 21:09:32,0,0,27.90353,52.39527
2025-05-28 21:09:32,0,0,27.90059,52.40517
2025-05-28 21:09:32,0,0,27.90059,52.42355
2025-05-28 21:09:32,0,0,27.90059,52.40517
2025-05-28 21:09:32,0,0,27.90059,52.42355
2025-05-28 21:09:32,0,0,27.91235,52.42426
2025-05-28 21:09:32,0,0,27.91235,52.42426
2025-05-28 21:09:33,0,0,27.90647,52.40613
2025-05-28 21:09:33,0,0,27.90647,52.40613
2025-05-28 21:09:33,0,0,27.90647,52.4305
2025-05-28 21:09:33,0,0,27.90647,52.4305
2025-05-28 21:09:33,0,0,27.90941,52.42265
2025-05-28 21:09:33,0,0,27.90941,52.42265
2025-05-28 21:09:33,0,0,27.91824,52.40982
2025-05-28 21:09:33,0,0,27.91824,52.40982
2025-05-28 21:09:33,0,0,27.90647,52.4032
2025-05-28 21:09:33,0,0,27.90647,52.4032
2025-05-28 21:09:33,0,0,27.90941,52.44014
2025-05-28 21:09:33,0,0,27.90941,52.44014
2025-05-28 21:09:34,0,0,27.91235,52.43977
2025-05-28 21:09:34,0,0,27.91235,52.43977
2025-05-28 21:09:34,0,0,27.92118,52.41619
2025-05-28 21:09:34,0,0,27.92118,52.41619
2025-05-28 21:09:34,0,0,27.91529,52.41603
2025-05-28 21:09:34,0,0,27.91529,52.41603
2025-05-28 21:09:34,0,0,27.92706,52.47161
2025-05-28 21:09:34,0,0,27.92706,52.47161
2025-05-28 21:09:34,0,0,27.92706,52.4388
2025-05-28 21:09:34,0,0,27.92706,52.4388
2025-05-28 21:09:34,0,0,27.91824,52.418
2025-05-28 21:09:34,0,0,27.91824,52.418
2025-05-28 21:09:35,0,0,27.93,52.42982
2025-05-28 21:09:35,0,0,27.93,52.42982
2025-05-28 21:09:35,0,0,27.92412,52.43771
2025-05-28 21:09:35,0,0,27.92412,52.43771
2025-05-28 21:09:35,0,0,27.92118,52.46201
2025-05-28 21:09:35,0,0,27.92118,52.46201
2025-05-28 21:09:35,0,0,27.91824,52.41429
2025-05-28 21:09:35,0,0,27.91824,52.41429
2025-05-28 21:09:35,0,0,27.91529,52.45069
2025-05-28 21:09:35,0,0,27.91529,52.45069
2025-05-28 21:09:35,0,0,27.92706,52.46711
2025-05-28 21:09:35,0,0,27.92706,52.46711
2025-05-28 21:09:36,0,0,27.92706,52.45417
2025-05-28 21:09:36,0,0,27.92706,52.45417
2025-05-28 21:09:36,0,0,27.92118,52.401
2025-05-28 21:09:36,0,0,27.92118,52.401
2025-05-28 21:09:36,0,0,27.91824,52.45304
2025-05-28 21:09:36,0,0,27.91824,52.45304
2025-05-28 21:09:36,0,0,27.90647,52.4453
2025-05-28 21:09:36,0,0,27.90647,52.4453
2025-05-28 21:09:36,0,0,27.91529,52.45455
2025-05-28 21:09:36,0,0,27.91529,52.45455
2025-05-28 21:09:36,0,0,27.90647,52.42082
2025-05-28 21:09:36,0,0,27.90647,52.42082
2025-05-28 21:09:36,0,0,27.91824,52.43052
2025-05-28 21:09:36,0,0,27.91824,52.43052
2025-05-28 21:09:37,0,0,27.90941,52.42516
2025-05-28 21:09:37,0,0,27.90941,52.42516
2025-05-28 21:09:37,0,0,27.91529,52.42913
2025-05-28 21:09:37,0,0,27.91529,52.42913
2025-05-28 21:09:37,0,0,27.90647,52.43118
2025-05-28 21:09:37,0,0,27.90647,52.43118
2025-05-28 21:09:37,0,0,27.90941,52.41384
2025-05-28 21:09:37,0,0,27.90941,52.41384
2025-05-28 21:09:37,0,0,27.90647,52.42942
2025-05-28 21:09:37,0,0,27.90647,52.42942
2025-05-28 21:09:37,0,0,27.91235,52.43171
2025-05-28 21:09:37,0,0,27.91235,52.43171
2025-05-28 21:09:38,0,0,27.91235,52.41961
2025-05-28 21:09:38,0,0,27.91235,52.41961
2025-05-28 21:09:38,0,0,27.91235,52.42895
2025-05-28 21:09:38,0,0,27.91235,52.42895
2025-05-28 21:09:38,0,0,27.90647,52.43294
2025-05-28 21:09:38,0,0,27.90647,52.43294
2025-05-28 21:09:38,0,0,27.91235,52.43843
2025-05-28 21:09:38,0,0,27.91235,52.43843
2025-05-28 21:09:38,0,0,27.90353,52.41985
2025-05-28 21:09:38,0,0,27.90353,52.41985
2025-05-28 21:09:38,0,0,27.90647,52.41378
2025-05-28 21:09:38,0,0,27.90647,52.41378
2025-05-28 21:09:39,0,0,27.89765,52.41819
2025-05-28 21:09:39,0,0,27.89765,52.41819
2025-05-28 21:09:39,0,0,27.90353,52.42501
2025-05-28 21:09:39,0,0,27.90353,52.42501
2025-05-28 21:09:39,0,0,27.90059,52.39509
2025-05-28 21:09:39,0,0,27.90059,52.39509
2025-05-28 21:09:39,0,0,27.90647,52.42527
2025-05-28 21:09:39,0,0,27.90647,52.42527
2025-05-28 21:09:39,0,0,27.89765,52.40798
2025-05-28 21:09:39,0,0,27.89765,52.40798
2025-05-28 21:09:39,0,0,27.90353,52.4557
2025-05-28 21:09:39,0,0,27.90353,52.4557
2025-05-28 21:09:40,0,0,27.91235,52.4293
2025-05-28 21:09:40,0,0,27.92118,52.42306
2025-05-28 21:09:40,0,0,27.91235,52.4293
2025-05-28 21:09:40,0,0,27.92118,52.42306
2025-05-28 21:09:40,0,0,27.91529,52.44247
2025-05-28 21:09:40,0,0,27.91529,52.44247
2025-05-28 21:09:40,0,0,27.91529,52.44778
2025-05-28 21:09:40,0,0,27.91529,52.44778
2025-05-28 21:09:40,0,0,27.90647,52.39365
2025-05-28 21:09:40,0,0,27.90647,52.39365
2025-05-28 21:09:40,0,0,27.91235,52.36903
2025-05-28 21:09:40,0,0,27.92412,52.23628
2025-05-28 21:09:40,0,0,27.91235,52.36903
2025-05-28 21:09:40,0,0,27.92412,52.23628
2025-05-28 21:09:41,0,0,27.91529,51.89693
2025-05-28 21:09:41,0,0,27.91529,51.89693
2025-05-28 21:09:41,0,0,27.91529,51.67648
2025-05-28 21:09:41,0,0,27.91529,51.67648
2025-05-28 21:09:41,0,0,27.90059,51.38467
2025-05-28 21:09:41,0,0,27.90059,51.38467
2025-05-28 21:09:41,0,0,27.90941,51.31147
2025-05-28 21:09:41,0,0,27.90941,51.31147
2025-05-28 21:09:41,0,0,27.91235,50.9055
2025-05-28 21:09:41,0,0,27.91235,50.9055
2025-05-28 21:09:41,0,0,27.92118,50.27668
2025-05-28 21:09:41,0,0,27.92118,50.27668
2025-05-28 21:09:42,0,0,27.91235,49.75804
2025-05-28 21:09:42,0,0,27.91235,49.75804
2025-05-28 21:09:42,0,0,27.91824,49.44122
2025-05-28 21:09:42,0,0,27.91824,49.44122
2025-05-28 21:09:42,0,0,27.92412,49.51501
2025-05-28 21:09:42,0,0,27.92412,49.51501
2025-05-28 21:09:42,0,0,27.91824,50.32436
2025-05-28 21:09:42,0,0,27.91824,50.32436
2025-05-28 21:09:42,0,0,27.91529,48.20801
2025-05-28 21:09:42,0,0,27.91529,48.20801
2025-05-28 21:09:42,0,0,27.92118,50.76039
2025-05-28 21:09:42,0,0,27.92118,50.76039
2025-05-28 21:09:43,0,0,27.89765,51.03054
2025-05-28 21:09:43,0,0,27.89765,51.03054
2025-05-28 21:09:43,0,0,27.90941,51.01247
2025-05-28 21:09:43,0,0,27.90941,51.01247
2025-05-28 21:09:43,0,0,27.92706,50.81504
2025-05-28 21:09:43,0,0,27.92706,50.81504
2025-05-28 21:09:43,0,0,27.92412,50.72752
2025-05-28 21:09:43,0,0,27.92412,50.72752
2025-05-28 21:09:43,0,0,27.91824,50.51854
2025-05-28 21:09:43,0,0,27.91824,50.51854
2025-05-28 21:09:43,0,0,27.91529,50.69838
2025-05-28 21:09:44,0,0,27.91529,50.73268
2025-05-28 21:09:43,0,0,27.91529,50.69838
2025-05-28 21:09:44,0,0,27.91529,50.73268
2025-05-28 21:09:44,0,0,27.91824,50.3972
2025-05-28 21:09:44,0,0,27.91824,50.3972
2025-05-28 21:09:44,0,0,27.92412,50.37707
2025-05-28 21:09:44,0,0,27.92412,50.37707
2025-05-28 21:09:44,0,0,27.91529,50.46995
2025-05-28 21:09:44,0,0,27.91529,50.46995
2025-05-28 21:09:44,0,0,27.91529,50.69084
2025-05-28 21:09:44,0,0,27.91529,50.69084
2025-05-28 21:09:44,0,0,27.91824,50.434
2025-05-28 21:09:44,0,0,27.91824,50.434
2025-05-28 21:09:45,0,0,27.91824,50.47152
2025-05-28 21:09:45,0,0,27.91824,50.47152
2025-05-28 21:09:45,0,0,27.92412,50.49446
2025-05-28 21:09:45,0,0,27.92412,50.49446
2025-05-28 21:09:45,0,0,27.90059,50.59867
2025-05-28 21:09:45,0,0,27.90059,50.59867
2025-05-28 21:09:45,0,0,27.91235,50.37899
2025-05-28 21:09:45,0,0,27.91235,50.37899
2025-05-28 21:09:45,0,0,27.91824,50.37428
2025-05-28 21:09:45,0,0,27.91824,50.37428
2025-05-28 21:09:45,0,0,27.92706,50.4426
2025-05-28 21:09:45,0,0,27.92706,50.4426
2025-05-28 21:09:45,0,0,27.93,50.59236
2025-05-28 21:09:45,0,0,27.93,50.59236
2025-05-28 21:09:46,0,0,27.93882,50.58274
2025-05-28 21:09:46,0,0,27.93882,50.58274
2025-05-28 21:09:46,0,0,27.93882,50.49059
2025-05-28 21:09:46,0,0,27.93882,50.49059
2025-05-28 21:09:46,0,0,27.92412,50.58587
2025-05-28 21:09:46,0,0,27.92412,50.58587
2025-05-28 21:09:46,0,0,27.93882,50.65696
2025-05-28 21:09:46,0,0,27.93882,50.65696
2025-05-28 21:09:46,0,0,27.93588,50.66922
2025-05-28 21:09:46,0,0,27.93588,50.66922
2025-05-28 21:09:46,0,0,27.92706,50.43752
2025-05-28 21:09:46,0,0,27.92706,50.43752
2025-05-28 21:09:47,0,0,27.93294,50.47559
2025-05-28 21:09:47,0,0,27.93294,50.47559
2025-05-28 21:09:47,0,0,27.94176,50.54913
2025-05-28 21:09:47,0,0,27.94176,50.54913
2025-05-28 21:09:47,0,0,27.93294,50.50408
2025-05-28 21:09:47,0,0,27.93294,50.50408
2025-05-28 21:09:47,0,0,27.92412,50.47969
2025-05-28 21:09:47,0,0,27.92412,50.47969
2025-05-28 21:09:47,0,0,27.92706,50.62646
2025-05-28 21:09:47,0,0,27.92706,50.62646
2025-05-28 21:09:47,0,0,27.93,50.69099
2025-05-28 21:09:47,0,0,27.93,50.69099
2025-05-28 21:09:48,0,0,27.93,50.61348
2025-05-28 21:09:48,0,0,27.93,50.61348
2025-05-28 21:09:48,0,0,27.93294,50.55453
2025-05-28 21:09:48,0,0,27.93294,50.55453
2025-05-28 21:09:48,0,0,27.92706,50.68077
2025-05-28 21:09:48,0,0,27.92706,50.68077
2025-05-28 21:09:48,0,0,27.92706,50.80529
2025-05-28 21:09:48,0,0,27.92706,50.80529
2025-05-28 21:09:48,0,0,27.93588,50.46695
2025-05-28 21:09:48,0,0,27.93588,50.46695
2025-05-28 21:09:48,0,0,27.92412,50.67934
2025-05-28 21:09:48,0,0,27.92412,50.67934
2025-05-28 21:09:49,0,0,27.92118,50.80397
2025-05-28 21:09:49,0,0,27.92118,50.80397
2025-05-28 21:09:49,0,0,27.93,50.93104
2025-05-28 21:09:49,0,0,27.93,50.93104
2025-05-28 21:09:49,0,0,27.93294,50.9356
2025-05-28 21:09:49,0,0,27.94471,50.75766
2025-05-28 21:09:49,0,0,27.93294,50.9356
2025-05-28 21:09:49,0,0,27.94471,50.75766
2025-05-28 21:09:49,0,0,27.93,50.88159
2025-05-28 21:09:49,0,0,27.93,50.88159
2025-05-28 21:09:49,0,0,27.93588,51.00758
2025-05-28 21:09:49,0,0,27.93588,51.00758
2025-05-28 21:09:50,0,0,27.93882,50.73254
2025-05-28 21:09:50,0,0,27.93882,50.73254
2025-05-28 21:09:50,0,0,27.93588,50.8749
2025-05-28 21:09:50,0,0,27.93588,50.8749
2025-05-28 21:09:50,0,0,27.94471,51.02983
2025-05-28 21:09:50,0,0,27.94471,51.02983
2025-05-28 21:09:50,0,0,27.93294,51.17815
2025-05-28 21:09:50,0,0,27.93294,51.17815
2025-05-28 21:09:50,0,0,27.94471,51.25514
2025-05-28 21:09:50,0,0,27.94471,51.25514
2025-05-28 21:09:50,0,0,27.93588,50.95179
2025-05-28 21:09:50,0,0,27.93588,50.95179
2025-05-28 21:09:50,0,0,27.93294,50.99139
2025-05-28 21:09:50,0,0,27.93294,50.99139
2025-05-28 21:09:51,0,0,27.93294,51.06458
2025-05-28 21:09:51,0,0,27.93294,51.06458
2025-05-28 21:09:51,0,0,27.93,51.36559
2025-05-28 21:09:51,0,0,27.93,51.36559
2025-05-28 21:09:51,0,0,27.94765,50.82386
2025-05-28 21:09:51,0,0,27.94765,50.82386
2025-05-28 21:09:51,0,0,27.93882,50.98213
2025-05-28 21:09:51,0,0,27.93882,50.98213
2025-05-28 21:09:51,0,0,27.93294,51.0039
2025-05-28 21:09:51,0,0,27.93294,51.0039
2025-05-28 21:09:51,0,0,27.92412,51.07457
2025-05-28 21:09:51,0,0,27.92412,51.07457
2025-05-28 21:09:52,0,0,27.93,50.8438
2025-05-28 21:09:52,0,0,27.93,50.8438
2025-05-28 21:09:52,0,0,27.93,50.8039
2025-05-28 21:09:52,0,0,27.93,50.8039
2025-05-28 21:09:52,0,0,27.93,50.8647
2025-05-28 21:09:52,0,0,27.93,50.8647
2025-05-28 21:09:52,0,0,27.93,50.78299
2025-05-28 21:09:52,0,0,27.93,50.78299
2025-05-28 21:09:52,0,0,27.91824,50.57748
2025-05-28 21:09:52,0,0,27.93294,50.68264
2025-05-28 21:09:52,0,0,27.91824,50.57748
2025-05-28 21:09:52,0,0,27.93294,50.68264
2025-05-28 21:09:53,0,0,27.94471,50.7351
2025-05-28 21:09:53,0,0,27.94471,50.7351
2025-05-28 21:09:53,0,0,27.94471,50.57355
2025-05-28 21:09:53,0,0,27.94471,50.57355
2025-05-28 21:09:53,0,0,27.93,50.6204
2025-05-28 21:09:53,0,0,27.93,50.6204
2025-05-28 21:09:53,0,0,27.93,50.62537
2025-05-28 21:09:53,0,0,27.93588,50.67583
2025-05-28 21:09:53,0,0,27.93,50.62537
2025-05-28 21:09:53,0,0,27.93588,50.67583
2025-05-28 21:09:53,0,0,27.93882,50.40318
2025-05-28 21:09:53,0,0,27.93882,50.40318
2025-05-28 21:09:54,0,0,27.92706,50.50105
2025-05-28 21:09:54,0,0,27.92706,50.50105
2025-05-28 21:09:54,0,0,27.94176,50.54813
2025-05-28 21:09:54,0,0,27.94176,50.54813
2025-05-28 21:09:54,0,0,27.93588,50.67216
2025-05-28 21:09:54,0,0,27.93588,50.67216
2025-05-28 21:09:54,0,0,27.93588,50.28715
2025-05-28 21:09:54,0,0,27.93588,50.28715
2025-05-28 21:09:54,0,0,27.93588,50.36631
2025-05-28 21:09:54,0,0,27.93588,50.36631
2025-05-28 21:09:54,0,0,27.93588,50.47126
2025-05-28 21:09:54,0,0,27.93588,50.47126
2025-05-28 21:09:54,0,0,27.93882,50.54435
2025-05-28 21:09:54,0,0,27.93882,50.54435
2025-05-28 21:09:55,0,0,27.92706,50.38515
2025-05-28 21:09:55,0,0,27.92706,50.38515
2025-05-28 21:09:55,0,0,27.92412,50.32244
2025-05-28 21:09:55,0,0,27.92412,50.32244
2025-05-28 21:09:55,0,0,27.93882,50.41381
2025-05-28 21:09:55,0,0,27.93882,50.41381
2025-05-28 21:09:55,0,0,27.94765,50.54136
2025-05-28 21:09:55,0,0,27.94765,50.54136
2025-05-28 21:09:55,0,0,27.93,50.70975
2025-05-28 21:09:55,0,0,27.93,50.70975
2025-05-28 21:09:55,0,0,27.94176,50.55993
2025-05-28 21:09:55,0,0,27.94176,50.55993
2025-05-28 21:09:56,0,0,27.93588,50.05048
2025-05-28 21:09:56,0,0,27.93588,50.05048
2025-05-28 21:09:56,0,0,27.94176,51.0729
2025-05-28 21:09:56,0,0,27.94176,51.0729
2025-05-28 21:09:56,0,0,27.92412,51.14856
2025-05-28 21:09:56,0,0,27.92412,51.14856
2025-05-28 21:09:56,0,0,27.93882,50.87495
2025-05-28 21:09:56,0,0,27.93882,50.87495
2025-05-28 21:09:56,0,0,27.93588,50.99234
2025-05-28 21:09:56,0,0,27.93588,50.99234
2025-05-28 21:09:56,0,0,27.93588,51.00507
2025-05-28 21:09:56,0,0,27.93588,51.00507
2025-05-28 21:09:57,0,0,27.93588,51.07342
2025-05-28 21:09:57,0,0,27.93588,51.07342
2025-05-28 21:09:57,0,0,27.93882,50.89721
2025-05-28 21:09:57,0,0,27.94471,50.98683
2025-05-28 21:09:57,0,0,27.93882,50.89721
2025-05-28 21:09:57,0,0,27.94471,50.98683
2025-05-28 21:09:57,0,0,27.92706,51.0479
2025-05-28 21:09:57,0,0,27.92706,51.0479
2025-05-28 21:09:57,0,0,27.93,51.11745
2025-05-28 21:09:57,0,0,27.93,51.11745
2025-05-28 21:09:57,0,0,27.93882,50.85252
2025-05-28 21:09:57,0,0,27.93882,50.85252
2025-05-28 21:09:58,0,0,27.94471,50.91635
2025-05-28 21:09:58,0,0,27.94471,50.91635
2025-05-28 21:09:58,0,0,27.93588,51.00171
2025-05-28 21:09:58,0,0,27.93588,51.00171
2025-05-28 21:09:58,0,0,27.92706,51.0787
2025-05-28 21:09:58,0,0,27.92706,51.0787
2025-05-28 21:09:58,0,0,27.93294,51.17563
2025-05-28 21:09:58,0,0,27.93588,50.90018
2025-05-28 21:09:58,0,0,27.93294,51.05511
2025-05-28 21:09:59,0,0,27.93882,51.11588
2025-05-28 21:09:58,0,0,27.93294,51.17563
2025-05-28 21:09:59,0,0,27.93882,51.20678
2025-05-28 21:09:58,0,0,27.93588,50.90018
2025-05-28 21:09:58,0,0,27.93294,51.05511
2025-05-28 21:09:59,0,0,27.93882,51.11588
2025-05-28 21:09:59,0,0,27.93882,51.20678
2025-05-28 21:09:59,0,0,27.93588,50.94798
2025-05-28 21:09:59,0,0,27.93588,50.94798
2025-05-28 21:09:59,0,0,27.94765,51.06793
2025-05-28 21:09:59,0,0,27.94765,51.06793
2025-05-28 21:09:59,0,0,27.95059,51.10493
2025-05-28 21:09:59,0,0,27.95059,51.10493
2025-05-28 21:09:59,0,0,27.93882,51.23737
2025-05-28 21:09:59,0,0,27.93882,51.23737
2025-05-28 21:09:59,0,0,27.93882,51.0821
2025-05-28 21:09:59,0,0,27.93882,51.0821
2025-05-28 21:10:00,0,0,27.94176,50.97104
2025-05-28 21:10:00,0,0,27.94176,50.97104
2025-05-28 21:10:00,0,0,27.92706,51.05212
2025-05-28 21:10:00,0,0,27.92706,51.05212
2025-05-28 21:10:00,0,0,27.93882,51.13514
2025-05-28 21:10:00,0,0,27.93882,51.13514
2025-05-28 21:10:00,0,0,27.93,51.25245
2025-05-28 21:10:00,0,0,27.93,51.25245
2025-05-28 21:10:00,0,0,27.93882,50.95543
2025-05-28 21:10:00,0,0,27.93882,50.95543
2025-05-28 21:10:00,0,0,27.94176,51.10999
2025-05-28 21:10:00,0,0,27.94176,51.10999
2025-05-28 21:10:01,0,0,27.94176,51.18554
2025-05-28 21:10:01,0,0,27.94176,51.18554
2025-05-28 21:10:01,0,0,27.93294,51.24348
2025-05-28 21:10:01,0,0,27.93294,51.24348
2025-05-28 21:10:01,0,0,27.94471,51.01332
2025-05-28 21:10:01,0,0,27.94471,51.01332
2025-05-28 21:10:01,0,0,27.93588,51.08192
2025-05-28 21:10:01,0,0,27.93588,51.08192
2025-05-28 21:10:01,0,0,27.94176,51.16813
2025-05-28 21:10:01,0,0,27.94471,51.25713
2025-05-28 21:10:01,0,0,27.94176,51.16813
2025-05-28 21:10:01,0,0,27.94471,51.25713
2025-05-28 21:10:02,0,0,27.94471,51.00972
2025-05-28 21:10:02,0,0,27.94471,51.00972
2025-05-28 21:10:02,0,0,27.94176,51.16924
2025-05-28 21:10:02,0,0,27.94176,51.16924
2025-05-28 21:10:02,0,0,27.95059,51.20091
2025-05-28 21:10:02,0,0,27.95059,51.20091
2025-05-28 21:10:02,0,0,27.93882,51.25665
2025-05-28 21:10:02,0,0,27.94176,51.0113
2025-05-28 21:10:02,0,0,27.94765,51.13567
2025-05-28 21:10:02,0,0,27.93882,51.25665
2025-05-28 21:10:02,0,0,27.94176,51.0113
2025-05-28 21:10:02,0,0,27.94765,51.13567
2025-05-28 21:10:03,0,0,27.94176,51.16832
2025-05-28 21:10:03,0,0,27.94176,51.16832
2025-05-28 21:10:03,0,0,27.93882,51.23671
2025-05-28 21:10:03,0,0,27.93882,51.23671
2025-05-28 21:10:03,0,0,27.93882,51.02238
2025-05-28 21:10:03,0,0,27.93882,51.02238
2025-05-28 21:10:03,0,0,27.93294,51.11745
2025-05-28 21:10:03,0,0,27.93294,51.11745
2025-05-28 21:10:03,0,0,27.93588,51.17944
2025-05-28 21:10:03,0,0,27.93588,51.17944
2025-05-28 21:10:03,0,0,27.94765,51.2507
2025-05-28 21:10:03,0,0,27.94765,51.2507
2025-05-28 21:10:03,0,0,27.94176,51.0785
2025-05-28 21:10:03,0,0,27.94176,51.0785
2025-05-28 21:10:04,0,0,27.95353,51.17706
2025-05-28 21:10:04,0,0,27.95353,51.17706
2025-05-28 21:10:04,0,0,27.94176,51.17369
2025-05-28 21:10:04,0,0,27.94176,51.17369
2025-05-28 21:10:04,0,0,27.93882,51.25606
2025-05-28 21:10:04,0,0,27.93882,51.25606
2025-05-28 21:10:04,0,0,27.93588,51.0484
2025-05-28 21:10:04,0,0,27.94765,51.15457
2025-05-28 21:10:04,0,0,27.93588,51.0484
2025-05-28 21:10:04,0,0,27.94765,51.15457
2025-05-28 21:10:04,0,0,27.94176,51.17692
2025-05-28 21:10:04,0,0,27.94176,51.17692
2025-05-28 21:10:05,0,0,27.96529,51.24535
2025-05-28 21:10:05,0,0,27.96529,51.24535
2025-05-28 21:10:05,0,0,27.96529,51.02739
2025-05-28 21:10:05,0,0,27.96529,51.02739
2025-05-28 21:10:05,0,0,27.96235,51.12429
2025-05-28 21:10:05,0,0,27.93588,51.13827
2025-05-28 21:10:05,0,0,27.96235,51.12429
2025-05-28 21:10:05,0,0,27.93588,51.13827
2025-05-28 21:10:05,0,0,27.95941,51.23888
2025-05-28 21:10:05,0,0,27.95941,51.23888
2025-05-28 21:10:05,0,0,27.93,51.03694
2025-05-28 21:10:05,0,0,27.93,51.03694
2025-05-28 21:10:06,0,0,27.93,51.13698
2025-05-28 21:10:06,0,0,27.93,51.13698
2025-05-28 21:10:06,0,0,27.94176,51.17587
2025-05-28 21:10:06,0,0,27.94176,51.17587
2025-05-28 21:10:06,0,0,27.95647,51.19906
2025-05-28 21:10:06,0,0,27.95647,51.19906
2025-05-28 21:10:06,0,0,27.94765,51.06605
2025-05-28 21:10:06,0,0,27.94765,51.06605
2025-05-28 21:10:06,0,0,27.96235,51.15655
2025-05-28 21:10:06,0,0,27.96235,51.15655
2025-05-28 21:10:06,0,0,27.96529,51.18171
2025-05-28 21:10:06,0,0,27.96529,51.18171
2025-05-28 21:10:07,0,0,27.95059,51.26194
2025-05-28 21:10:07,0,0,27.95059,51.26194
2025-05-28 21:10:07,0,0,27.94471,51.05896
2025-05-28 21:10:07,0,0,27.94471,51.05896
2025-05-28 21:10:07,0,0,27.94471,51.17028
2025-05-28 21:10:07,0,0,27.94471,51.17028
2025-05-28 21:10:07,0,0,27.93588,51.21812
2025-05-28 21:10:07,0,0,27.93588,51.21812
2025-05-28 21:10:07,0,0,27.95059,51.30151
2025-05-28 21:10:07,0,0,27.95647,51.02
2025-05-28 21:10:07,0,0,27.95059,51.30151
2025-05-28 21:10:07,0,0,27.95647,51.02
2025-05-28 21:10:08,0,0,27.94765,51.12045
2025-05-28 21:10:08,0,0,27.94765,51.12045
2025-05-28 21:10:08,0,0,27.93588,51.27647
2025-05-28 21:10:08,0,0,27.93588,51.27647
2025-05-28 21:10:08,0,0,27.94765,51.23166
2025-05-28 21:10:08,0,0,27.94765,51.23166
2025-05-28 21:10:08,0,0,27.94765,51.01332
2025-05-28 21:10:08,0,0,27.94765,51.01332
2025-05-28 21:10:08,0,0,27.94765,51.08088
2025-05-28 21:10:08,0,0,27.94765,51.08088
2025-05-28 21:10:08,0,0,27.94765,51.17064
2025-05-28 21:10:08,0,0,27.94765,51.17064
2025-05-28 21:10:08,0,0,27.94765,51.12551
2025-05-28 21:10:08,0,0,27.94765,51.12551
2025-05-28 21:10:09,0,0,27.95059,51.05215
2025-05-28 21:10:09,0,0,27.95059,51.05215
2025-05-28 21:10:09,0,0,27.95353,51.11259
2025-05-28 21:10:09,0,0,27.95353,51.11259
2025-05-28 21:10:09,0,0,27.94471,51.18148
2025-05-28 21:10:09,0,0,27.94471,51.18148
2025-05-28 21:10:09,0,0,27.94176,51.03938
2025-05-28 21:10:09,0,0,27.94176,51.03938
2025-05-28 21:10:09,0,0,27.92706,51.03149
2025-05-28 21:10:09,0,0,27.92706,51.03149
2025-05-28 21:10:09,0,0,27.94765,51.08834
2025-05-28 21:10:10,0,0,27.95059,51.15296
2025-05-28 21:10:09,0,0,27.94765,51.08834
2025-05-28 21:10:10,0,0,27.95059,51.15296
2025-05-28 21:10:10,0,0,27.95059,50.99278
2025-05-28 21:10:10,0,0,27.95059,50.99278
2025-05-28 21:10:10,0,0,27.95941,50.98618
2025-05-28 21:10:10,0,0,27.93882,51.10523
2025-05-28 21:10:10,0,0,27.95941,50.98618
2025-05-28 21:10:10,0,0,27.93882,51.10523
2025-05-28 21:10:10,0,0,27.93294,51.10491
2025-05-28 21:10:10,0,0,27.93294,51.10491
2025-05-28 21:10:10,0,0,27.93294,51.13942
2025-05-28 21:10:10,0,0,27.93294,51.13942
2025-05-28 21:10:11,0,0,27.92412,50.91293
2025-05-28 21:10:11,0,0,27.92412,50.91293
2025-05-28 21:10:11,0,0,27.93294,51.02386
2025-05-28 21:10:11,0,0,27.93294,51.02386
2025-05-28 21:10:11,0,0,27.95059,51.10976
2025-05-28 21:10:11,0,0,27.95059,51.10976
2025-05-28 21:10:11,0,0,27.95353,51.20068
2025-05-28 21:10:11,0,0,27.95353,51.20068
2025-05-28 21:10:11,0,0,27.94471,50.95099
2025-05-28 21:10:11,0,0,27.94471,50.95099
2025-05-28 21:10:11,0,0,27.94765,51.05087
2025-05-28 21:10:11,0,0,27.94765,51.05087
2025-05-28 21:10:12,0,0,27.93,51.09816
2025-05-28 21:10:12,0,0,27.93,51.09816
2025-05-28 21:10:12,0,0,27.93,51.16341
2025-05-28 21:10:12,0,0,27.93,50.92066
2025-05-28 21:10:12,0,0,27.93,51.16341
2025-05-28 21:10:12,0,0,27.93588,51.02232
2025-05-28 21:10:12,0,0,27.93,50.92066
2025-05-28 21:10:12,0,0,27.93588,51.02232
2025-05-28 21:10:12,0,0,27.95059,51.09685
2025-05-28 21:10:12,0,0,27.95059,51.09685
2025-05-28 21:10:12,0,0,27.95059,51.14689
2025-05-28 21:10:12,0,0,27.95059,51.14689
2025-05-28 21:10:12,0,0,27.95059,51.00706
2025-05-28 21:10:12,0,0,27.95059,51.00706
2025-05-28 21:10:13,0,0,27.95647,51.03019
2025-05-28 21:10:13,0,0,27.95647,51.03019
2025-05-28 21:10:13,0,0,27.96235,51.07839
2025-05-28 21:10:13,0,0,27.94471,51.14557
2025-05-28 21:10:13,0,0,27.96235,51.07839
2025-05-28 21:10:13,0,0,27.94471,51.14557
2025-05-28 21:10:13,0,0,27.95647,50.97874
2025-05-28 21:10:13,0,0,27.95647,50.97874
2025-05-28 21:10:13,0,0,27.94176,51.00842
2025-05-28 21:10:13,0,0,27.94176,51.00842
2025-05-28 21:10:13,0,0,27.93882,51.0445
2025-05-28 21:10:13,0,0,27.93882,51.0445
2025-05-28 21:10:14,0,0,27.94176,51.12494
2025-05-28 21:10:14,0,0,27.94765,50.96304
2025-05-28 21:10:14,0,0,27.94176,51.12494
2025-05-28 21:10:14,0,0,27.94765,50.96304
2025-05-28 21:10:14,0,0,27.95353,51.03598
2025-05-28 21:10:14,0,0,27.95353,51.03598
2025-05-28 21:10:14,0,0,27.93882,51.04435
2025-05-28 21:10:14,0,0,27.93882,51.04435
2025-05-28 21:10:14,0,0,27.94765,51.15452
2025-05-28 21:10:14,0,0,27.94765,51.15452
2025-05-28 21:10:14,0,0,27.95647,50.93206
2025-05-28 21:10:14,0,0,27.95647,50.93206
2025-05-28 21:10:15,0,0,27.94176,50.99976
2025-05-28 21:10:15,0,0,27.94176,50.99976
2025-05-28 21:10:15,0,0,27.94176,51.04017
2025-05-28 21:10:15,0,0,27.94176,51.04017
2025-05-28 21:10:15,0,0,27.94765,51.16246
2025-05-28 21:10:15,0,0,27.94765,51.16246
2025-05-28 21:10:15,0,0,27.94176,50.88718
2025-05-28 21:10:15,0,0,27.94176,50.88718
2025-05-28 21:10:15,0,0,27.94765,50.9762
2025-05-28 21:10:15,0,0,27.94765,50.9762
2025-05-28 21:10:15,0,0,27.93294,51.00142
2025-05-28 21:10:15,0,0,27.93294,51.00142
2025-05-28 21:10:16,0,0,27.93588,51.11073
2025-05-28 21:10:16,0,0,27.93588,51.11073
2025-05-28 21:10:16,0,0,27.93294,50.90788
2025-05-28 21:10:16,0,0,27.93294,50.90788
2025-05-28 21:10:16,0,0,27.92118,50.97572
2025-05-28 21:10:16,0,0,27.92118,50.97572
2025-05-28 21:10:16,0,0,27.92706,51.02074
2025-05-28 21:10:16,0,0,27.92706,51.02074
2025-05-28 21:10:16,0,0,27.92706,51.10214
2025-05-28 21:10:16,0,0,27.92706,51.10214
2025-05-28 21:10:16,0,0,27.93588,50.93666
2025-05-28 21:10:16,0,0,27.93588,50.93666
2025-05-28 21:10:17,0,0,27.93294,50.99655
2025-05-28 21:10:17,0,0,27.93294,50.99655
2025-05-28 21:10:17,0,0,27.93882,51.05679
2025-05-28 21:10:17,0,0,27.93882,51.05679
2025-05-28 21:10:17,0,0,27.93882,51.14521
2025-05-28 21:10:17,0,0,27.93882,51.14521
2025-05-28 21:10:17,0,0,27.93882,50.91439
2025-05-28 21:10:17,0,0,27.93882,50.91439
2025-05-28 21:10:17,0,0,27.93294,51.05428
2025-05-28 21:10:17,0,0,27.93294,51.05428
2025-05-28 21:10:17,0,0,27.93,50.99195
2025-05-28 21:10:17,0,0,27.93,50.99195
2025-05-28 21:10:17,0,0,27.93,51.17242
2025-05-28 21:10:17,0,0,27.93,51.17242
2025-05-28 21:10:18,0,0,27.93294,50.93457
2025-05-28 21:10:18,0,0,27.92412,51.026
2025-05-28 21:10:18,0,0,27.93294,50.93457
2025-05-28 21:10:18,0,0,27.92412,51.026
2025-05-28 21:10:18,0,0,27.93,51.05177
2025-05-28 21:10:18,0,0,27.93,51.05177
2025-05-28 21:10:18,0,0,27.93294,51.15907
2025-05-28 21:10:18,0,0,27.93294,51.15907
2025-05-28 21:10:18,0,0,27.93882,50.92993
2025-05-28 21:10:18,0,0,27.93882,50.92993
2025-05-28 21:10:18,0,0,27.94176,51.00739
2025-05-28 21:10:18,0,0,27.94176,51.00739
2025-05-28 21:10:19,0,0,27.92118,51.0355
2025-05-28 21:10:19,0,0,27.92118,51.0355
2025-05-28 21:10:19,0,0,27.93882,51.11818
2025-05-28 21:10:19,0,0,27.93882,51.11818
2025-05-28 21:10:19,0,0,27.92118,51.0013
2025-05-28 21:10:19,0,0,27.92118,51.0013
2025-05-28 21:10:19,0,0,27.92412,51.00368
2025-05-28 21:10:19,0,0,27.92412,51.00368
2025-05-28 21:10:19,0,0,27.91824,51.0491
2025-05-28 21:10:19,0,0,27.91824,51.0491
2025-05-28 21:10:19,0,0,27.91529,51.14952
2025-05-28 21:10:19,0,0,27.91529,51.14952
2025-05-28 21:10:20,0,0,27.92118,51.0332
2025-05-28 21:10:20,0,0,27.92118,51.0332
2025-05-28 21:10:20,0,0,27.93,51.00636
2025-05-28 21:10:20,0,0,27.93,51.00636
2025-05-28 21:10:20,0,0,27.91824,51.06539
2025-05-28 21:10:20,0,0,27.91824,51.06539
2025-05-28 21:10:20,0,0,27.93,51.21204
2025-05-28 21:10:20,0,0,27.93,51.21204
2025-05-28 21:10:20,0,0,27.92412,51.77911
2025-05-28 21:10:20,0,0,27.93,52.05369
2025-05-28 21:10:20,0,0,27.92412,51.77911
2025-05-28 21:10:20,0,0,27.93,52.05369
2025-05-28 21:10:21,0,0,27.92706,51.97531
2025-05-28 21:10:21,0,0,27.92706,51.97531
2025-05-28 21:10:21,0,0,27.93294,51.96783
2025-05-28 21:10:21,0,0,27.93294,51.96783
2025-05-28 21:10:21,0,0,27.93,51.90691
2025-05-28 21:10:21,0,0,27.93,51.90691
2025-05-28 21:10:21,0,0,27.92706,51.90257
2025-05-28 21:10:21,0,0,27.92706,51.90257
2025-05-28 21:10:21,0,0,27.93294,51.92912
2025-05-28 21:10:21,0,0,27.93294,51.92912
2025-05-28 21:10:21,0,0,27.92706,51.92647
2025-05-28 21:10:21,0,0,27.92706,51.92647
2025-05-28 21:10:21,0,0,27.93882,51.9381
2025-05-28 21:10:21,0,0,27.93882,51.9381
2025-05-28 21:10:22,0,0,27.95059,51.96111
2025-05-28 21:10:22,0,0,27.95059,51.96111
2025-05-28 21:10:22,0,0,27.95353,51.84982
2025-05-28 21:10:22,0,0,27.95353,51.84982
2025-05-28 21:10:22,0,0,27.93294,51.88054
2025-05-28 21:10:22,0,0,27.93294,51.88054
2025-05-28 21:10:22,0,0,27.93294,51.9054
2025-05-28 21:10:22,0,0,27.93294,51.9054
2025-05-28 21:10:22,0,0,27.93,51.85189
2025-05-28 21:10:22,0,0,27.93,51.85189
2025-05-28 21:10:22,0,0,27.93294,51.89825
2025-05-28 21:10:22,0,0,27.93294,51.89825
2025-05-28 21:10:23,0,0,27.93588,51.90609
2025-05-28 21:10:23,0,0,27.93588,51.90609
2025-05-28 21:10:23,0,0,27.93882,51.92612
2025-05-28 21:10:23,0,0,27.93882,51.92612
2025-05-28 21:10:23,0,0,27.94176,51.8264
2025-05-28 21:10:23,0,0,27.94176,51.8264
2025-05-28 21:10:23,0,0,27.94765,51.88859
2025-05-28 21:10:23,0,0,27.94765,51.88859
2025-05-28 21:10:23,0,0,27.95353,51.87621
2025-05-28 21:10:23,0,0,27.95941,51.91973
2025-05-28 21:10:23,0,0,27.95353,51.87621
2025-05-28 21:10:24,0,0,27.96235,51.77337
2025-05-28 21:10:23,0,0,27.95941,51.91973
2025-05-28 21:10:24,0,0,27.95353,51.86086
2025-05-28 21:10:24,0,0,27.96235,51.77337
2025-05-28 21:10:24,0,0,27.95353,51.86086
2025-05-28 21:10:24,0,0,27.95941,51.87749
2025-05-28 21:10:24,0,0,27.95941,51.90979
2025-05-28 21:10:24,0,0,27.95941,51.87749
2025-05-28 21:10:24,0,0,27.95353,51.83948
2025-05-28 21:10:24,0,0,27.95941,51.90979
2025-05-28 21:10:24,0,0,27.95059,51.87187
2025-05-28 21:10:24,0,0,27.95353,51.83948
2025-05-28 21:10:25,0,0,27.94765,51.88425
2025-05-28 21:10:24,0,0,27.95059,51.87187
2025-05-28 21:10:25,0,0,27.94765,51.88425
2025-05-28 21:10:25,0,0,27.97118,51.9453
2025-05-28 21:10:25,0,0,27.97118,51.9453
2025-05-28 21:10:25,0,0,27.95353,51.98134
2025-05-28 21:10:25,0,0,27.95353,51.98134
2025-05-28 21:10:25,0,0,27.96235,51.86244
2025-05-28 21:10:25,0,0,27.96235,51.86244
2025-05-28 21:10:25,0,0,27.95941,51.9086
2025-05-28 21:10:25,0,0,27.95941,51.9086
2025-05-28 21:10:25,0,0,27.95647,51.93092
2025-05-28 21:10:25,0,0,27.95647,51.93092
2025-05-28 21:10:26,0,0,27.95353,51.95527
2025-05-28 21:10:26,0,0,27.95353,51.95527
2025-05-28 21:10:26,0,0,27.96529,51.82305
2025-05-28 21:10:26,0,0,27.96529,51.82305
2025-05-28 21:10:26,0,0,27.96529,51.90202
2025-05-28 21:10:26,0,0,27.96529,51.90202
2025-05-28 21:10:26,0,0,27.97706,51.95848
2025-05-28 21:10:26,0,0,27.97706,51.95848
2025-05-28 21:10:26,0,0,27.96824,51.99862
2025-05-28 21:10:26,0,0,27.97118,51.82812
2025-05-28 21:10:26,0,0,27.96824,51.99862
2025-05-28 21:10:26,0,0,27.97118,51.82812
2025-05-28 21:10:26,0,0,27.96824,51.93003
2025-05-28 21:10:26,0,0,27.96824,51.93003
2025-05-28 21:10:27,0,0,27.97706,51.97122
2025-05-28 21:10:27,0,0,27.97706,51.97122
2025-05-28 21:10:27,0,0,27.97706,51.96192
2025-05-28 21:10:27,0,0,27.97706,51.96192
2025-05-28 21:10:27,0,0,27.95059,51.87623
2025-05-28 21:10:27,0,0,27.96235,51.92344
2025-05-28 21:10:27,0,0,27.95059,51.87623
2025-05-28 21:10:27,0,0,27.96235,51.92344
2025-05-28 21:10:27,0,0,27.96529,51.926
2025-05-28 21:10:27,0,0,27.94765,52.00105
2025-05-28 21:10:28,0,0,27.94765,51.92841
2025-05-28 21:10:27,0,0,27.96529,51.926
2025-05-28 21:10:27,0,0,27.94765,52.00105
2025-05-28 21:10:28,0,0,27.94765,51.92841
2025-05-28 21:10:28,0,0,27.94765,51.92394
2025-05-28 21:10:28,0,0,27.94176,51.98481
2025-05-28 21:10:28,0,0,27.94765,51.92394
2025-05-28 21:10:28,0,0,27.94176,51.98481
2025-05-28 21:10:28,0,0,27.93588,52.07704
2025-05-28 21:10:28,0,0,27.93588,52.07704
2025-05-28 21:10:28,0,0,27.93588,52.10894
2025-05-28 21:10:28,0,0,27.93588,52.10894
2025-05-28 21:10:28,0,0,27.93,52.01335
2025-05-28 21:10:28,0,0,27.93,52.01335
2025-05-28 21:10:29,0,0,27.93,52.00787
2025-05-28 21:10:29,0,0,27.93,52.00787
2025-05-28 21:10:29,0,0,27.92412,52.03856
2025-05-28 21:10:29,0,0,27.92412,52.03856
2025-05-28 21:10:29,0,0,27.93882,52.02662
2025-05-28 21:10:29,0,0,27.94765,51.93644
2025-05-28 21:10:29,0,0,27.94471,52.0149
2025-05-28 21:10:29,0,0,27.95353,52.01257
2025-05-28 21:10:29,0,0,27.93882,52.02662
2025-05-28 21:10:29,0,0,27.94765,51.93644
2025-05-28 21:10:29,0,0,27.94471,52.0149
2025-05-28 21:10:29,0,0,27.95353,52.01257
2025-05-28 21:10:30,0,0,27.94471,52.04037
2025-05-28 21:10:30,0,0,27.94471,52.04037
2025-05-28 21:10:30,0,0,27.93882,51.94337
2025-05-28 21:10:30,0,0,27.93882,51.94337
2025-05-28 21:10:30,0,0,27.95353,52.00865
2025-05-28 21:10:30,0,0,27.95353,52.00865
2025-05-28 21:10:30,0,0,27.93882,52.00468
2025-05-28 21:10:30,0,0,27.93882,52.00468
2025-05-28 21:10:30,0,0,27.94765,52.03196
2025-05-28 21:10:30,0,0,27.94471,52.02961
2025-05-28 21:10:30,0,0,27.94765,52.03196
2025-05-28 21:10:30,0,0,27.96529,52.01962
2025-05-28 21:10:30,0,0,27.94471,52.02961
2025-05-28 21:10:30,0,0,27.96529,52.01962
2025-05-28 21:10:31,0,0,27.94471,51.9968
2025-05-28 21:10:31,0,0,27.95353,52.04632
2025-05-28 21:10:31,0,0,27.94471,51.9968
2025-05-28 21:10:31,0,0,27.95353,52.04632
2025-05-28 21:10:31,0,0,27.96235,52.10326
2025-05-28 21:10:31,0,0,27.96235,52.10326
2025-05-28 21:10:31,0,0,27.95059,52.02277
2025-05-28 21:10:31,0,0,27.95353,52.04948
2025-05-28 21:10:31,0,0,27.95059,52.02277
2025-05-28 21:10:31,0,0,27.95353,52.04948
2025-05-28 21:10:31,0,0,27.96235,51.98975
2025-05-28 21:10:31,0,0,27.96235,51.98975
2025-05-28 21:10:32,0,0,27.95647,52.05087
2025-05-28 21:10:32,0,0,27.97118,51.55396
2025-05-28 21:10:32,0,0,27.95647,52.05087
2025-05-28 21:10:32,0,0,27.97118,51.55396
2025-05-28 21:10:32,0,0,27.96529,82.12583
2025-05-28 21:10:32,0,0,27.96529,82.12583
2025-05-28 21:10:32,0,0,27.96235,61.18001
2025-05-28 21:10:32,0,0,27.96235,61.18001
2025-05-28 21:10:32,0,0,27.95941,54.5392
2025-05-28 21:10:32,0,0,27.95941,54.5392
2025-05-28 21:10:32,0,0,27.95059,60.86524
2025-05-28 21:10:32,0,0,27.95059,60.86524
2025-05-28 21:10:33,0,0,27.94471,56.67656
2025-05-28 21:10:33,0,0,27.94471,56.67656
2025-05-28 21:10:33,0,0,27.95647,46.60121
2025-05-28 21:10:33,0,0,27.95647,46.60121
2025-05-28 21:10:33,0,0,27.95647,46.25323
2025-05-28 21:10:33,0,0,27.95647,46.25323
2025-05-28 21:10:33,0,0,27.95353,45.70475
2025-05-28 21:10:33,0,0,27.95353,45.70475
2025-05-28 21:10:33,0,0,27.96235,47.80908
2025-05-28 21:10:33,0,0,27.96235,47.80908
2025-05-28 21:10:33,0,0,27.96529,45.49618
2025-05-28 21:10:33,0,0,27.96529,45.49618
2025-05-28 21:10:34,0,0,27.95059,47.82934
2025-05-28 21:10:34,0,0,27.95647,44.83019
2025-05-28 21:10:34,0,0,27.95059,47.82934
2025-05-28 21:10:34,0,0,27.95647,44.83019
2025-05-28 21:10:34,0,0,27.95353,47.96238
2025-05-28 21:10:34,0,0,27.95353,47.96238
2025-05-28 21:10:34,0,0,27.95353,45.78402
2025-05-28 21:10:34,0,0,27.95353,45.78402
2025-05-28 21:10:34,0,0,27.96529,47.78947
2025-05-28 21:10:34,0,0,27.96529,47.78947
2025-05-28 21:10:34,0,0,27.95647,49.08953
2025-05-28 21:10:34,0,0,27.95647,49.08953
2025-05-28 21:10:35,0,0,27.95059,43.55872
2025-05-28 21:10:35,0,0,27.95059,43.55872
2025-05-28 21:10:35,0,0,27.94765,47.14588
2025-05-28 21:10:35,0,0,27.94765,47.14588
2025-05-28 21:10:35,0,0,27.96529,46.54219
2025-05-28 21:10:35,0,0,27.96235,43.96166
2025-05-28 21:10:35,0,0,27.96529,46.54219
2025-05-28 21:10:35,0,0,27.96235,43.96166
2025-05-28 21:10:35,0,0,27.95647,46.67097
2025-05-28 21:10:35,0,0,27.95647,46.67097
2025-05-28 21:10:35,0,0,27.96824,48.85931
2025-05-28 21:10:35,0,0,27.96824,48.85931
2025-05-28 21:10:35,0,0,27.97412,45.43179
2025-05-28 21:10:35,0,0,27.97412,45.43179
2025-05-28 21:10:36,0,0,27.96529,48.48689
2025-05-28 21:10:36,0,0,27.96529,48.48689
2025-05-28 21:10:36,0,0,27.96529,46.98953
2025-05-28 21:10:36,0,0,27.96529,46.98953
2025-05-28 21:10:36,0,0,27.96824,46.12903
2025-05-28 21:10:36,0,0,27.96824,46.12903
2025-05-28 21:10:36,0,0,27.97412,44.78567
2025-05-28 21:10:36,0,0,27.97412,44.78567
2025-05-28 21:10:36,0,0,27.95353,46.03381
2025-05-28 21:10:36,0,0,27.95941,45.97484
2025-05-28 21:10:36,0,0,27.95353,46.03381
2025-05-28 21:10:36,0,0,27.95941,45.97484
2025-05-28 21:10:37,0,0,27.95353,46.86469
2025-05-28 21:10:37,0,0,27.95353,46.86469
2025-05-28 21:10:37,0,0,27.93882,47.05497
2025-05-28 21:10:37,0,0,27.93882,47.05497
2025-05-28 21:10:37,0,0,27.94176,45.78236
2025-05-28 21:10:37,0,0,27.94176,45.78236
2025-05-28 21:10:37,0,0,27.94176,46.05516
2025-05-28 21:10:37,0,0,27.94176,46.05516
2025-05-28 21:10:37,0,0,27.95353,44.26752
2025-05-28 21:10:37,0,0,27.95353,44.05063
2025-05-28 21:10:37,0,0,27.95353,44.26752
2025-05-28 21:10:37,0,0,27.95353,44.05063
2025-05-28 21:10:38,0,0,27.95647,47.45025
2025-05-28 21:10:38,0,0,27.95647,47.45025
2025-05-28 21:10:38,0,0,27.95059,46.67527
2025-05-28 21:10:38,0,0,27.95059,46.67527
2025-05-28 21:10:38,0,0,27.95353,47.95469
2025-05-28 21:10:38,0,0,27.93882,47.54386
2025-05-28 21:10:38,0,0,27.95353,47.95469
2025-05-28 21:10:38,0,0,27.93882,47.54386
2025-05-28 21:10:38,0,0,27.94765,47.7169
2025-05-28 21:10:38,0,0,27.94765,47.7169
2025-05-28 21:10:38,0,0,27.95059,47.82609
2025-05-28 21:10:38,0,0,27.95059,47.82609
2025-05-28 21:10:39,0,0,27.95353,47.47253
2025-05-28 21:10:39,0,0,27.95353,47.47253
2025-05-28 21:10:39,0,0,27.94176,47.22984
2025-05-28 21:10:39,0,0,27.94176,47.22984
2025-05-28 21:10:39,0,0,27.94471,48.07481
2025-05-28 21:10:39,0,0,27.94471,48.07481
2025-05-28 21:10:39,0,0,27.95059,44.35028
2025-05-28 21:10:39,0,0,27.95059,44.35028
2025-05-28 21:10:39,0,0,27.95647,46.86019
2025-05-28 21:10:39,0,0,27.95647,46.86019
2025-05-28 21:10:39,0,0,27.95941,47.65432
2025-05-28 21:10:39,0,0,27.95941,47.65432
2025-05-28 21:10:39,0,0,27.96235,46.86701
2025-05-28 21:10:39,0,0,27.96235,46.86701
2025-05-28 21:10:40,0,0,27.96824,45.24496
2025-05-28 21:10:40,0,0,27.96824,45.24496
2025-05-28 21:10:40,0,0,27.96235,45.93272
2025-05-28 21:10:40,0,0,27.96235,45.93272
2025-05-28 21:10:40,0,0,27.96235,45.98406
2025-05-28 21:10:40,0,0,27.96235,45.98406
2025-05-28 21:10:40,0,0,27.95353,47.14549
2025-05-28 21:10:40,0,0,27.95353,47.14549
2025-05-28 21:10:40,0,0,27.95941,44.37835
2025-05-28 21:10:40,0,0,27.95941,44.37835
2025-05-28 21:10:40,0,0,27.95647,46.0761
2025-05-28 21:10:40,0,0,27.95647,46.0761
2025-05-28 21:10:41,0,0,27.95941,46.46154
2025-05-28 21:10:41,0,0,27.95941,46.46154
2025-05-28 21:10:41,0,0,27.95059,44.52174
2025-05-28 21:10:41,0,0,27.95059,44.52174
2025-05-28 21:10:41,0,0,27.95059,46.4907
2025-05-28 21:10:41,0,0,27.95059,46.4907
2025-05-28 21:10:41,0,0,27.94471,46.82216
2025-05-28 21:10:41,0,0,27.94471,46.82216
2025-05-28 21:10:41,0,0,27.94471,44.41325
2025-05-28 21:10:41,0,0,27.94471,44.41325
2025-05-28 21:10:41,0,0,27.94471,46.01019
2025-05-28 21:10:41,0,0,27.94471,46.01019
2025-05-28 21:10:42,0,0,27.95647,47.51258
2025-05-28 21:10:42,0,0,27.95647,47.51258
2025-05-28 21:10:42,0,0,27.96529,45.55097
2025-05-28 21:10:42,0,0,27.96529,45.55097
2025-05-28 21:10:42,0,0,27.95647,44.54054
2025-05-28 21:10:42,0,0,27.95647,44.54054
2025-05-28 21:10:42,0,0,27.96235,45.99888
2025-05-28 21:10:42,0,0,27.96235,45.99888
2025-05-28 21:10:42,0,0,27.96529,47.88183
2025-05-28 21:10:42,0,0,27.96529,47.88183
2025-05-28 21:10:42,0,0,27.95059,47.8236
2025-05-28 21:10:42,0,0,27.95059,47.8236
2025-05-28 21:10:43,0,0,27.94765,48.21933
2025-05-28 21:10:43,0,0,27.94765,48.21933
2025-05-28 21:10:43,0,0,27.95647,46.90411
2025-05-28 21:10:43,0,0,27.95647,46.90411
2025-05-28 21:10:43,0,0,27.96235,48.34225
2025-05-28 21:10:43,0,0,27.96235,48.34225
2025-05-28 21:10:43,0,0,27.96529,45.67099
2025-05-28 21:10:43,0,0,27.96529,45.67099
2025-05-28 21:10:43,0,0,27.95647,47.42268
2025-05-28 21:10:43,0,0,27.95647,47.42268
2025-05-28 21:10:43,0,0,27.95647,47.95454
2025-05-28 21:10:43,0,0,27.95647,47.95454
2025-05-28 21:10:44,0,0,27.96235,46.49491
2025-05-28 21:10:44,0,0,27.96235,46.49491
2025-05-28 21:10:44,0,0,27.95647,47.35562
2025-05-28 21:10:44,0,0,27.95647,47.35562
2025-05-28 21:10:44,0,0,27.96824,44.73315
2025-05-28 21:10:44,0,0,27.96824,44.73315
2025-05-28 21:10:44,0,0,27.96235,44.66403
2025-05-28 21:10:44,0,0,27.96235,44.66403
2025-05-28 21:10:44,0,0,27.97118,39.65375
2025-05-28 21:10:44,0,0,27.97118,39.65375
2025-05-28 21:10:44,0,0,27.96529,38.93377
2025-05-28 21:10:44,0,0,27.96529,38.93377
2025-05-28 21:10:44,0,0,27.97706,43.40391
2025-05-28 21:10:45,0,0,27.96529,42.62023
2025-05-28 21:10:44,0,0,27.97706,43.40391
2025-05-28 21:10:45,0,0,27.96529,42.62023
2025-05-28 21:10:45,0,0,27.96235,43.78109
2025-05-28 21:10:45,0,0,27.96235,43.78109
2025-05-28 21:10:45,0,0,27.96529,40.86956
2025-05-28 21:10:45,0,0,27.96529,40.86956
2025-05-28 21:10:45,0,0,27.96824,43.30645
2025-05-28 21:10:45,0,0,27.96824,43.30645
2025-05-28 21:10:45,0,0,27.96529,43.23873
2025-05-28 21:10:45,0,0,27.96529,43.23873
2025-05-28 21:10:45,0,0,27.97118,39.22652
2025-05-28 21:10:45,0,0,27.97118,39.22652
2025-05-28 21:10:46,0,0,27.97706,42.10091
2025-05-28 21:10:46,0,0,27.97706,42.10091
2025-05-28 21:10:46,0,0,27.98,43.25889
2025-05-28 21:10:46,0,0,27.98,43.25889
2025-05-28 21:10:46,0,0,27.96235,41.50198
2025-05-28 21:10:46,0,0,27.96235,41.50198
2025-05-28 21:10:46,0,0,27.97412,38.42444
2025-05-28 21:10:46,0,0,27.97412,43.81743
2025-05-28 21:10:46,0,0,27.97412,38.42444
2025-05-28 21:10:46,0,0,27.97412,43.81743
2025-05-28 21:10:46,0,0,27.98294,42.52298
2025-05-28 21:10:46,0,0,27.98294,42.52298
2025-05-28 21:10:47,0,0,27.96235,39.585
2025-05-28 21:10:47,0,0,27.96235,39.585
2025-05-28 21:10:47,0,0,27.96529,42.33937
2025-05-28 21:10:47,0,0,27.96529,42.33937
2025-05-28 21:10:47,0,0,27.96529,44.20881
2025-05-28 21:10:47,0,0,27.96529,44.20881
2025-05-28 21:10:47,0,0,27.96529,40.76175
2025-05-28 21:10:47,0,0,27.96529,40.76175
2025-05-28 21:10:47,0,0,27.96235,44.78897
2025-05-28 21:10:47,0,0,27.96235,44.78897
2025-05-28 21:10:47,0,0,27.96529,42.53916
2025-05-28 21:10:47,0,0,27.96529,42.53916
2025-05-28 21:10:48,0,0,27.97706,43.35778
2025-05-28 21:10:48,0,0,27.97706,43.35778
2025-05-28 21:10:48,0,0,27.96824,41.354
2025-05-28 21:10:48,0,0,27.96824,41.354
2025-05-28 21:10:48,0,0,27.95941,41.03773
2025-05-28 21:10:48,0,0,27.95941,41.03773
2025-05-28 21:10:48,0,0,27.96529,43.17817
2025-05-28 21:10:48,0,0,27.96529,43.17817
2025-05-28 21:10:48,0,0,27.96824,43.43776
2025-05-28 21:10:48,0,0,27.96824,43.43776
2025-05-28 21:10:48,0,0,27.96529,43.85382
2025-05-28 21:10:48,0,0,27.96824,42.96
2025-05-28 21:10:48,0,0,27.96529,43.85382
2025-05-28 21:10:48,0,0,27.96824,42.96
2025-05-28 21:10:49,0,0,27.96529,42.72498
2025-05-28 21:10:49,0,0,27.96529,42.72498
2025-05-28 21:10:49,0,0,27.96235,42.03363
2025-05-28 21:10:49,0,0,27.96235,42.03363
2025-05-28 21:10:49,0,0,27.95353,43.25889
2025-05-28 21:10:49,0,0,27.95353,43.25889
2025-05-28 21:10:49,0,0,27.95941,44.90628
2025-05-28 21:10:49,0,0,27.95941,44.90628
2025-05-28 21:10:49,0,0,27.95647,41.04478
2025-05-28 21:10:49,0,0,27.95647,41.04478
2025-05-28 21:10:49,0,0,27.96529,39.92278
2025-05-28 21:10:49,0,0,27.96529,39.92278
2025-05-28 21:10:50,0,0,27.96235,42.61905
2025-05-28 21:10:50,0,0,27.96235,42.61905
2025-05-28 21:10:50,0,0,27.96529,44.39902
2025-05-28 21:10:50,0,0,27.96529,44.39902
2025-05-28 21:10:50,0,0,27.95353,44.71195
2025-05-28 21:10:50,0,0,27.95353,44.71195
2025-05-28 21:10:50,0,0,27.95941,42.72652
2025-05-28 21:10:50,0,0,27.95941,42.72652
2025-05-28 21:10:50,0,0,27.96529,41.88742
2025-05-28 21:10:50,0,0,27.96529,41.88742
2025-05-28 21:10:50,0,0,27.94471,42.95246
2025-05-28 21:10:50,0,0,27.94471,42.95246
2025-05-28 21:10:51,0,0,27.95647,39.89156
2025-05-28 21:10:51,0,0,27.95647,39.89156
2025-05-28 21:10:51,0,0,27.94765,42.72876
2025-05-28 21:10:51,0,0,27.94765,42.72876
2025-05-28 21:10:51,0,0,27.94471,42.80992
2025-05-28 21:10:51,0,0,27.94471,42.80992
2025-05-28 21:10:51,0,0,27.95941,41.79343
2025-05-28 21:10:51,0,0,27.95941,41.79343
2025-05-28 21:10:51,0,0,27.95941,39.08507
2025-05-28 21:10:51,0,0,27.95941,39.08507
2025-05-28 21:10:51,0,0,27.94765,44.23236
2025-05-28 21:10:51,0,0,27.94765,44.23236
2025-05-28 21:10:52,0,0,27.96824,43.85965
2025-05-28 21:10:52,0,0,27.96824,43.85965
2025-05-28 21:10:52,0,0,27.96529,43.17804
2025-05-28 21:10:52,0,0,27.96529,43.17804
2025-05-28 21:10:52,0,0,27.95059,40.51037
2025-05-28 21:10:52,0,0,27.95059,40.51037
2025-05-28 21:10:52,0,0,27.95647,42.92604
2025-05-28 21:10:52,0,0,27.95647,42.92604
2025-05-28 21:10:52,0,0,27.95059,43.53234
2025-05-28 21:10:52,0,0,27.95059,43.53234
2025-05-28 21:10:52,0,0,27.94471,44.31725
2025-05-28 21:10:52,0,0,27.94471,44.31725
2025-05-28 21:10:53,0,0,27.93588,42.03363
2025-05-28 21:10:53,0,0,27.93588,42.03363
2025-05-28 21:10:53,0,0,27.93882,44.21657
2025-05-28 21:10:53,0,0,27.93882,44.21657
2025-05-28 21:10:53,0,0,27.94471,43.7063
2025-05-28 21:10:53,0,0,27.94471,43.7063
2025-05-28 21:10:53,0,0,27.95059,42.89256
2025-05-28 21:10:53,0,0,27.95059,42.89256
2025-05-28 21:10:53,0,0,27.93294,41.75642
2025-05-28 21:10:53,0,0,27.93294,41.75642
2025-05-28 21:10:53,0,0,27.93,43.87417
2025-05-28 21:10:53,0,0,27.93,43.87417
2025-05-28 21:10:53,0,0,27.93588,39.04163
2025-05-28 21:10:53,0,0,27.93588,39.04163
2025-05-28 21:10:54,0,0,27.94176,42.46914
2025-05-28 21:10:54,0,0,27.94176,42.46914
2025-05-28 21:10:54,0,0,27.95353,42.82095
2025-05-28 21:10:54,0,0,27.95353,42.82095
2025-05-28 21:10:54,0,0,27.95353,41.88862
2025-05-28 21:10:54,0,0,27.95353,41.88862
2025-05-28 21:10:54,0,0,27.93588,44.01993
2025-05-28 21:10:54,0,0,27.93588,44.01993
2025-05-28 21:10:54,0,0,27.93588,44.44444
2025-05-28 21:10:54,0,0,27.93588,44.44444
2025-05-28 21:10:54,0,0,27.93588,41.02564
2025-05-28 21:10:54,0,0,27.93588,41.02564
2025-05-28 21:10:55,0,0,27.94471,39.92064
2025-05-28 21:10:55,0,0,27.94471,39.92064
2025-05-28 21:10:55,0,0,27.94176,42.57188
2025-05-28 21:10:55,0,0,27.94176,42.57188
2025-05-28 21:10:55,0,0,27.94176,43.61269
2025-05-28 21:10:55,0,0,27.94176,43.61269
2025-05-28 21:10:55,0,0,27.94471,44.65938
2025-05-28 21:10:55,0,0,27.94471,44.65938
2025-05-28 21:10:55,0,0,27.94176,39.88898
2025-05-28 21:10:55,0,0,27.94176,39.88898
2025-05-28 21:10:55,0,0,27.93588,43.82207
2025-05-28 21:10:55,0,0,27.93588,43.82207
2025-05-28 21:10:56,0,0,27.94471,42.80936
2025-05-28 21:10:56,0,0,27.94471,42.80936
2025-05-28 21:10:56,0,0,27.93588,43.0223
2025-05-28 21:10:56,0,0,27.93588,43.0223
2025-05-28 21:10:56,0,0,27.93294,42.18362
2025-05-28 21:10:56,0,0,27.93294,42.18362
2025-05-28 21:10:56,0,0,27.93294,42.26721
2025-05-28 21:10:56,0,0,27.93294,42.26721
2025-05-28 21:10:56,0,0,27.93588,44.21315
2025-05-28 21:10:56,0,0,27.93588,44.21315
2025-05-28 21:10:56,0,0,27.93882,40.51322
2025-05-28 21:10:56,0,0,27.93882,40.51322
2025-05-28 21:10:57,0,0,27.93882,42.74062
2025-05-28 21:10:57,0,0,27.93882,42.74062
2025-05-28 21:10:57,0,0,27.93882,43.73943
2025-05-28 21:10:57,0,0,27.93882,43.73943
2025-05-28 21:10:57,0,0,27.94765,44.89083
2025-05-28 21:10:57,0,0,27.94765,44.89083
2025-05-28 21:10:57,0,0,27.94765,42.86885
2025-05-28 21:10:57,0,0,27.94765,42.86885
2025-05-28 21:10:57,0,0,27.93,44.97569
2025-05-28 21:10:57,0,0,27.93,44.97569
2025-05-28 21:10:57,0,0,27.93588,41.27378
2025-05-28 21:10:57,0,0,27.93588,39.6063
2025-05-28 21:10:57,0,0,27.93588,41.27378
2025-05-28 21:10:57,0,0,27.93588,39.6063
2025-05-28 21:10:58,0,0,27.93588,42.7668
2025-05-28 21:10:58,0,0,27.93588,42.7668
2025-05-28 21:10:58,0,0,27.92706,45.49959
2025-05-28 21:10:58,0,0,27.92706,45.49959
2025-05-28 21:10:58,0,0,27.93882,44.54855
2025-05-28 21:10:58,0,0,27.93882,44.54855
2025-05-28 21:10:58,0,0,27.94471,39.73144
2025-05-28 21:10:58,0,0,27.92412,43.73957
2025-05-28 21:10:58,0,0,27.94471,39.73144
2025-05-28 21:10:58,0,0,27.92412,43.73957
2025-05-28 21:10:58,0,0,27.94176,43.0602
2025-05-28 21:10:58,0,0,27.94176,43.0602
2025-05-28 21:10:59,0,0,27.93588,43.11475
2025-05-28 21:10:59,0,0,27.93588,43.11475
2025-05-28 21:10:59,0,0,27.93294,42.67617
2025-05-28 21:10:59,0,0,27.93294,42.67617
2025-05-28 21:10:59,0,0,27.94176,43.20586
2025-05-28 21:10:59,0,0,27.94176,43.20586
2025-05-28 21:10:59,0,0,27.94471,42.21698
2025-05-28 21:10:59,0,0,27.94471,42.21698
2025-05-28 21:10:59,0,0,27.95059,43.97993
2025-05-28 21:10:59,0,0,27.95059,43.97993
2025-05-28 21:10:59,0,0,27.93588,44.09318
2025-05-28 21:10:59,0,0,27.93588,44.09318
2025-05-28 21:11:00,0,0,27.94176,42.33637
2025-05-28 21:11:00,0,0,27.94176,42.33637
2025-05-28 21:11:00,0,0,27.95647,43.63929
2025-05-28 21:11:00,0,0,27.95647,43.63929
2025-05-28 21:11:00,0,0,27.94765,42.88066
2025-05-28 21:11:00,0,0,27.94765,42.88066
2025-05-28 21:11:00,0,0,27.93882,44.24192
2025-05-28 21:11:00,0,0,27.93882,44.24192
2025-05-28 21:11:00,0,0,27.93588,45.22821
2025-05-28 21:11:00,0,0,27.93588,45.22821
2025-05-28 21:11:00,0,0,27.93,41.43731
2025-05-28 21:11:00,0,0,27.93,41.43731
2025-05-28 21:11:01,0,0,27.93294,42.76262
2025-05-28 21:11:01,0,0,27.93294,42.76262
2025-05-28 21:11:01,0,0,27.93588,43.54067
2025-05-28 21:11:01,0,0,27.93588,43.54067
2025-05-28 21:11:01,0,0,27.93588,43.74496
2025-05-28 21:11:01,0,0,27.93588,43.74496
2025-05-28 21:11:01,0,0,27.93882,42.3756
2025-05-28 21:11:01,0,0,27.93882,42.3756
2025-05-28 21:11:01,0,0,27.93588,43.42857
2025-05-28 21:11:01,0,0,27.93588,43.42857
2025-05-28 21:11:01,0,0,27.94471,44.38819
2025-05-28 21:11:01,0,0,27.94471,44.38819
2025-05-28 21:11:02,0,0,27.94471,44.55696
2025-05-28 21:11:02,0,0,27.94471,44.55696
2025-05-28 21:11:02,0,0,27.94765,42.59719
2025-05-28 21:11:02,0,0,27.94765,42.59719
2025-05-28 21:11:02,0,0,27.94765,42.62429
2025-05-28 21:11:02,0,0,27.94765,42.62429
2025-05-28 21:11:02,0,0,27.94176,40.6683
2025-05-28 21:11:02,0,0,27.94176,40.6683
2025-05-28 21:11:02,0,0,27.95059,41.55629
2025-05-28 21:11:02,0,0,27.95059,41.55629
2025-05-28 21:11:02,0,0,27.95059,41.85855
2025-05-28 21:11:02,0,0,27.95059,41.85855
2025-05-28 21:11:02,0,0,27.94471,42.32299
2025-05-28 21:11:02,0,0,27.94471,42.32299
2025-05-28 21:11:03,0,0,27.94471,43.62583
2025-05-28 21:11:03,0,0,27.94471,43.62583
2025-05-28 21:11:03,0,0,27.93882,41.63987
2025-05-28 21:11:03,0,0,27.93882,41.63987
2025-05-28 21:11:03,0,0,27.94765,43.77049
2025-05-28 21:11:03,0,0,27.94765,43.77049
2025-05-28 21:11:03,0,0,27.94765,44.03748
2025-05-28 21:11:03,0,0,27.94765,44.03748
2025-05-28 21:11:03,0,0,27.94176,42.60941
2025-05-28 21:11:03,0,0,27.94176,42.60941
2025-05-28 21:11:03,0,0,27.94471,44.21824
2025-05-28 21:11:03,0,0,27.94471,44.21824
2025-05-28 21:11:04,0,0,27.95353,42.91632
2025-05-28 21:11:04,0,0,27.95353,42.91632
2025-05-28 21:11:04,0,0,27.94471,43.02982
2025-05-28 21:11:04,0,0,27.94471,43.02982
2025-05-28 21:11:04,0,0,27.95059,42.61084
2025-05-28 21:11:04,0,0,27.95059,42.61084
2025-05-28 21:11:04,0,0,27.95353,44
2025-05-28 21:11:04,0,0,27.95353,44
2025-05-28 21:11:04,0,0,27.94765,44.03748
2025-05-28 21:11:04,0,0,27.94765,44.03748
2025-05-28 21:11:04,0,0,27.94176,41.14022
2025-05-28 21:11:04,0,0,27.94176,41.14022
2025-05-28 21:11:05,0,0,27.94176,42.73859
2025-05-28 21:11:05,0,0,27.94176,42.73859
2025-05-28 21:11:05,0,0,27.93882,42.88052
2025-05-28 21:11:05,0,0,27.93882,42.88052
2025-05-28 21:11:05,0,0,27.94176,39.8719
2025-05-28 21:11:05,0,0,27.94176,39.8719
2025-05-28 21:11:05,0,0,27.94176,40.91991
2025-05-28 21:11:05,0,0,27.94176,40.91991
2025-05-28 21:11:05,0,0,27.94176,44.74739
2025-05-28 21:11:05,0,0,27.94176,44.74739
2025-05-28 21:11:05,0,0,27.93,43.30244
2025-05-28 21:11:05,0,0,27.93,43.30244
2025-05-28 21:11:06,0,0,27.93588,44.72789
2025-05-28 21:11:06,0,0,27.93588,44.72789
2025-05-28 21:11:06,0,0,27.93882,43.09346
2025-05-28 21:11:06,0,0,27.93882,43.09346
2025-05-28 21:11:06,0,0,27.93588,43.23432
2025-05-28 21:11:06,0,0,27.93588,43.23432
2025-05-28 21:11:06,0,0,27.94765,39.5122
2025-05-28 21:11:06,0,0,27.94765,39.5122
2025-05-28 21:11:06,0,0,27.93294,42.42175
2025-05-28 21:11:06,0,0,27.93294,42.42175
2025-05-28 21:11:06,0,0,27.93,44.31818
2025-05-28 21:11:06,0,0,27.93,44.31818
2025-05-28 21:11:06,0,0,27.94471,43.23873
2025-05-28 21:11:06,0,0,27.94471,43.23873
2025-05-28 21:11:07,0,0,27.93588,45.06224
2025-05-28 21:11:07,0,0,27.93588,45.06224
2025-05-28 21:11:07,0,0,27.93294,42.32978
2025-05-28 21:11:07,0,0,27.93294,42.32978
2025-05-28 21:11:07,0,0,27.95353,42.64585
2025-05-28 21:11:07,0,0,27.95353,42.64585
2025-05-28 21:11:07,0,0,27.93,43.47826
2025-05-28 21:11:07,0,0,27.93,43.47826
2025-05-28 21:11:07,0,0,27.93294,41.76904
2025-05-28 21:11:07,0,0,27.93294,41.76904
2025-05-28 21:11:07,0,0,27.94176,41.81524
2025-05-28 21:11:07,0,0,27.94176,41.81524
2025-05-28 21:11:08,0,0,27.93882,42.51781
2025-05-28 21:11:08,0,0,27.93882,42.51781
2025-05-28 21:11:08,0,0,27.94176,39.14421
2025-05-28 21:11:08,0,0,27.94176,39.14421
2025-05-28 21:11:08,0,0,27.94176,42.10104
2025-05-28 21:11:08,0,0,27.94176,42.10104
2025-05-28 21:11:08,0,0,27.94176,43.08466
2025-05-28 21:11:08,0,0,27.94176,43.08466
2025-05-28 21:11:08,0,0,27.93294,41.73291
2025-05-28 21:11:08,0,0,27.93294,41.73291
2025-05-28 21:11:08,0,0,27.94176,40.44481
2025-05-28 21:11:08,0,0,27.94176,40.44481
2025-05-28 21:11:09,0,0,27.95353,44.23236
2025-05-28 21:11:09,0,0,27.95353,44.23236
2025-05-28 21:11:09,0,0,27.94471,43.47826
2025-05-28 21:11:09,0,0,27.94471,43.47826
2025-05-28 21:11:09,0,0,27.93882,44.78193
2025-05-28 21:11:09,0,0,27.93882,44.78193
2025-05-28 21:11:09,0,0,27.92706,44.23929
2025-05-28 21:11:09,0,0,27.93,52.95736
2025-05-28 21:11:09,0,0,27.93,45.53049
2025-05-28 21:11:09,0,0,27.92706,44.23929
2025-05-28 21:11:09,0,0,27.93,52.95736
2025-05-28 21:11:09,0,0,27.93,45.53049
2025-05-28 21:11:10,0,0,27.94176,44.81054
2025-05-28 21:11:10,0,0,27.93882,45.27687
2025-05-28 21:11:10,0,0,27.94176,44.81054
2025-05-28 21:11:10,0,0,27.93882,45.27687
2025-05-28 21:11:10,0,0,27.94471,46.1231
2025-05-28 21:11:10,0,0,27.94471,46.1231
2025-05-28 21:11:10,0,0,27.93588,53.6369
2025-05-28 21:11:10,0,0,27.93588,53.6369
2025-05-28 21:11:10,0,0,27.93294,53.36253
2025-05-28 21:11:10,0,0,27.93294,53.36253
2025-05-28 21:11:10,0,0,27.92706,47.71341
2025-05-28 21:11:10,0,0,27.92706,47.71341
2025-05-28 21:11:11,0,0,27.94176,47.19397
2025-05-28 21:11:11,0,0,27.94176,47.19397
2025-05-28 21:11:11,0,0,27.94765,46.24457
2025-05-28 21:11:11,0,0,27.94765,46.24457
2025-05-28 21:11:11,0,0,27.93294,48.84793
2025-05-28 21:11:11,0,0,27.93294,48.84793
2025-05-28 21:11:11,0,0,27.93294,50.82409
2025-05-28 21:11:11,0,0,27.93294,50.82409
2025-05-28 21:11:11,0,0,27.94176,49.70626
2025-05-28 21:11:11,0,0,27.94176,49.70626
2025-05-28 21:11:11,0,0,27.93588,47.45583
2025-05-28 21:11:11,0,0,27.93588,47.45583
2025-05-28 21:11:11,0,0,27.94176,47.56739
2025-05-28 21:11:11,0,0,27.94176,47.56739
2025-05-28 21:11:12,0,0,27.94471,47.38255
2025-05-28 21:11:12,0,0,27.94471,47.38255
2025-05-28 21:11:12,0,0,27.94471,49.83639
2025-05-28 21:11:12,0,0,27.94471,49.83639
2025-05-28 21:11:12,0,0,27.93588,51.91816
2025-05-28 21:11:12,0,0,27.93588,51.91816
2025-05-28 21:11:12,0,0,27.94471,57.54766
2025-05-28 21:11:12,0,0,27.94471,57.54766
2025-05-28 21:11:12,0,0,27.93294,51.63952
2025-05-28 21:11:12,0,0,27.93294,51.63952
2025-05-28 21:11:12,0,0,27.93,50.34413
2025-05-28 21:11:12,0,0,27.93,50.34413
2025-05-28 21:11:13,0,0,27.93,41.5348
2025-05-28 21:11:13,0,0,27.93,41.5348
2025-05-28 21:11:13,0,0,27.91824,69.03357
2025-05-28 21:11:13,0,0,27.91824,69.03357
2025-05-28 21:11:13,0,0,27.91529,51.15178
2025-05-28 21:11:13,0,0,27.91529,51.15178
2025-05-28 21:11:13,0,0,27.90647,53.70732
2025-05-28 21:11:13,0,0,27.90647,53.70732
2025-05-28 21:11:13,0,0,27.92412,44.71644
2025-05-28 21:11:13,0,0,27.92412,44.71644
2025-05-28 21:11:13,0,0,27.93,51.59656
2025-05-28 21:11:13,0,0,27.93,51.59656
2025-05-28 21:11:14,0,0,27.93,48.47961
2025-05-28 21:11:14,0,0,27.93,48.47961
2025-05-28 21:11:14,0,0,27.92706,55.6821
2025-05-28 21:11:14,0,0,27.92706,55.6821
2025-05-28 21:11:14,0,0,27.92118,48.22632
2025-05-28 21:11:14,0,0,27.92118,48.22632
2025-05-28 21:11:14,0,0,27.94176,59.20033
2025-05-28 21:11:14,0,0,27.94176,59.20033
2025-05-28 21:11:14,0,0,27.94765,51.85703
2025-05-28 21:11:14,0,0,27.94765,51.85703
2025-05-28 21:11:14,0,0,27.93294,51.50786
2025-05-28 21:11:14,0,0,27.93294,51.50786
2025-05-28 21:11:15,0,0,27.93,51.04295
2025-05-28 21:11:15,0,0,27.93,51.04295
2025-05-28 21:11:15,0,0,27.94765,49.60134
2025-05-28 21:11:15,0,0,27.94765,49.60134
2025-05-28 21:11:15,0,0,27.95941,59.15707
2025-05-28 21:11:15,0,0,27.95941,59.15707
2025-05-28 21:11:15,0,0,27.95941,57.00261
2025-05-28 21:11:15,0,0,27.95941,57.00261
2025-05-28 21:11:15,0,0,27.95647,43.89919
2025-05-28 21:11:15,0,0,27.95647,43.89919
2025-05-28 21:11:15,0,0,27.94471,47.72786
2025-05-28 21:11:15,0,0,27.94471,47.72786
2025-05-28 21:11:15,0,0,27.92412,47.06704
2025-05-28 21:11:15,0,0,27.92412,47.06704
2025-05-28 21:11:16,0,0,27.93882,48.04189
2025-05-28 21:11:16,0,0,27.93882,48.04189
2025-05-28 21:11:16,0,0,27.94176,48.61282
2025-05-28 21:11:16,0,0,27.94176,48.61282
2025-05-28 21:11:16,0,0,27.94471,50.22409
2025-05-28 21:11:16,0,0,27.94471,50.22409
2025-05-28 21:11:16,0,0,27.94471,45.71429
2025-05-28 21:11:16,0,0,27.94471,45.71429
2025-05-28 21:11:16,0,0,27.96235,46.30393
2025-05-28 21:11:16,0,0,27.96235,46.30393
2025-05-28 21:11:16,0,0,27.94765,49.92901
2025-05-28 21:11:16,0,0,27.94765,49.92901
2025-05-28 21:11:17,0,0,27.93882,54.83029
2025-05-28 21:11:17,0,0,27.93882,54.83029
2025-05-28 21:11:17,0,0,27.95647,49.76315
2025-05-28 21:11:17,0,0,27.95647,49.76315
2025-05-28 21:11:17,0,0,27.96529,49.17127
2025-05-28 21:11:17,0,0,27.96529,49.17127
2025-05-28 21:11:17,0,0,27.95059,48.67257
2025-05-28 21:11:17,0,0,27.95059,48.67257
2025-05-28 21:11:17,0,0,27.95941,49.8349
2025-05-28 21:11:17,0,0,27.95941,49.8349
2025-05-28 21:11:17,0,0,27.97118,49.65533
2025-05-28 21:11:17,0,0,27.97118,49.65533
2025-05-28 21:11:18,0,0,27.97118,50.71079
2025-05-28 21:11:18,0,0,27.97118,50.71079
2025-05-28 21:11:18,0,0,27.95941,50.79065
2025-05-28 21:11:18,0,0,27.95941,50.79065
2025-05-28 21:11:18,0,0,27.95941,47.69081
2025-05-28 21:11:18,0,0,27.95941,47.69081
2025-05-28 21:11:18,0,0,27.96235,51.67719
2025-05-28 21:11:18,0,0,27.96235,51.67719
2025-05-28 21:11:18,0,0,27.96529,49.77284
2025-05-28 21:11:18,0,0,27.96529,49.77284
2025-05-28 21:11:18,0,0,27.96235,46.79539
2025-05-28 21:11:18,0,0,27.96235,46.79539
2025-05-28 21:11:19,0,0,27.97412,47.05882
2025-05-28 21:11:19,0,0,27.97412,47.05882
2025-05-28 21:11:19,0,0,27.97412,30.25166
2025-05-28 21:11:19,0,0,27.97412,30.25166
2025-05-28 21:11:19,0,0,27.97706,40.51163
2025-05-28 21:11:19,0,0,27.97706,40.51163
2025-05-28 21:11:19,0,0,27.98882,58.74757
2025-05-28 21:11:19,0,0,27.98882,58.74757
2025-05-28 21:11:19,0,0,27.98294,49.22547
2025-05-28 21:11:19,0,0,27.98294,49.22547
2025-05-28 21:11:19,0,0,27.97412,45.64687
2025-05-28 21:11:19,0,0,27.97412,45.64687
2025-05-28 21:11:20,0,0,27.97412,47.2807
2025-05-28 21:11:20,0,0,27.97412,47.2807
2025-05-28 21:11:20,0,0,27.98294,87.4766
2025-05-28 21:11:20,0,0,27.98294,87.4766
2025-05-28 21:11:20,0,0,27.97412,43.5216
2025-05-28 21:11:20,0,0,27.97412,43.5216
2025-05-28 21:11:20,0,0,27.98,44.22151
2025-05-28 21:11:20,0,0,27.98,44.22151
2025-05-28 21:11:20,0,0,27.98,39.50617
2025-05-28 21:11:20,0,0,27.98,39.50617
2025-05-28 21:11:20,0,0,27.97706,42.60163
2025-05-28 21:11:20,0,0,27.97706,42.60163
2025-05-28 21:11:20,0,0,27.97706,44.18797
2025-05-28 21:11:20,0,0,27.97706,44.18797
2025-05-28 21:11:21,0,0,27.98294,45.13044
2025-05-28 21:11:21,0,0,27.98294,45.13044
2025-05-28 21:11:21,0,0,27.98294,41.09483
2025-05-28 21:11:21,0,0,27.98294,41.09483
2025-05-28 21:11:21,0,0,27.99471,44.88449
2025-05-28 21:11:21,0,0,27.99471,44.88449
2025-05-28 21:11:21,0,0,27.98294,42.12696
2025-05-28 21:11:21,0,0,27.98294,42.12696
2025-05-28 21:11:21,0,0,27.98294,40
2025-05-28 21:11:21,0,0,27.98294,40
2025-05-28 21:11:21,0,0,27.98294,42.36334
2025-05-28 21:11:21,0,0,27.98294,42.36334
2025-05-28 21:11:22,0,0,27.98588,44.92155
2025-05-28 21:11:22,0,0,27.98588,44.92155
2025-05-28 21:11:22,0,0,27.99176,44.33164
2025-05-28 21:11:22,0,0,27.99176,44.33164
2025-05-28 21:11:22,0,0,27.99176,45.92346
2025-05-28 21:11:22,0,0,27.99176,45.92346
2025-05-28 21:11:22,0,0,27.99471,43.69478
2025-05-28 21:11:22,0,0,27.99471,43.69478
2025-05-28 21:11:22,0,0,27.98294,43.7037
2025-05-28 21:11:22,0,0,27.98294,43.7037
2025-05-28 21:11:22,0,0,28.00059,44.86956
2025-05-28 21:11:22,0,0,28.00059,44.86956
2025-05-28 21:11:23,0,0,27.99471,42.00459
2025-05-28 21:11:23,0,0,27.99471,42.00459
2025-05-28 21:11:23,0,0,28.00647,43.09927
2025-05-28 21:11:23,0,0,28.00647,43.09927
2025-05-28 21:11:23,0,0,28.00059,43.66197
2025-05-28 21:11:23,0,0,28.00059,43.66197
2025-05-28 21:11:23,0,0,27.99765,44.13905
2025-05-28 21:11:23,0,0,27.99765,44.13905
2025-05-28 21:11:23,0,0,28.00059,43.00813
2025-05-28 21:11:23,0,0,28.00059,43.00813
2025-05-28 21:11:23,0,0,28.00941,43.09764
2025-05-28 21:11:24,0,0,28.00353,44.7644
2025-05-28 21:11:23,0,0,28.00941,43.09764
2025-05-28 21:11:24,0,0,28.00353,44.7644
2025-05-28 21:11:24,0,0,28.00059,44.62151
2025-05-28 21:11:24,0,0,28.00059,44.62151
2025-05-28 21:11:24,0,0,28.00647,45.02876
2025-05-28 21:11:24,0,0,28.00647,45.02876
2025-05-28 21:11:24,0,0,28.01235,41.16681
2025-05-28 21:11:24,0,0,28.01235,41.16681
2025-05-28 21:11:24,0,0,28.00059,39.19874
2025-05-28 21:11:24,0,0,28.00059,39.19874
2025-05-28 21:11:24,0,0,28.00353,42.86866
2025-05-28 21:11:24,0,0,28.00353,42.86866
2025-05-28 21:11:24,0,0,27.99765,44.31438
2025-05-28 21:11:24,0,0,27.99765,44.31438
2025-05-28 21:11:25,0,0,27.99471,40.03241
2025-05-28 21:11:25,0,0,27.99471,40.03241
2025-05-28 21:11:25,0,0,27.98882,43.43435
2025-05-28 21:11:25,0,0,27.98882,43.43435
2025-05-28 21:11:25,0,0,28.01235,43.78554
2025-05-28 21:11:25,0,0,28.01235,43.78554
2025-05-28 21:11:25,0,0,28.00353,42.80908
2025-05-28 21:11:25,0,0,28.00353,42.80908
2025-05-28 21:11:25,0,0,28.00059,43.35778
2025-05-28 21:11:25,0,0,28.00059,43.35778
2025-05-28 21:11:25,0,0,28.00059,43.28969
2025-05-28 21:11:25,0,0,28.00059,43.28969
2025-05-28 21:11:26,0,0,28.00059,42.69949
2025-05-28 21:11:26,0,0,28.00059,44.92628
2025-05-28 21:11:26,0,0,28.00059,42.69949
2025-05-28 21:11:26,0,0,28.00059,44.92628
2025-05-28 21:11:26,0,0,28.00059,41.86047
2025-05-28 21:11:26,0,0,28.00059,41.86047
2025-05-28 21:11:26,0,0,28.00353,41.69408
2025-05-28 21:11:26,0,0,28.00353,41.69408
2025-05-28 21:11:26,0,0,28.00941,42.28028
2025-05-28 21:11:26,0,0,28.00941,42.28028
2025-05-28 21:11:26,0,0,27.99176,39.7561
2025-05-28 21:11:26,0,0,27.99176,39.7561
2025-05-28 21:11:27,0,0,27.99471,43.09657
2025-05-28 21:11:27,0,0,27.99471,43.09657
2025-05-28 21:11:27,0,0,28.01235,43.13409
2025-05-28 21:11:27,0,0,28.01235,43.13409
2025-05-28 21:11:27,0,0,28.00941,40.83266
2025-05-28 21:11:27,0,0,28.00941,40.83266
2025-05-28 21:11:27,0,0,28.00647,41.60524
2025-05-28 21:11:27,0,0,28.00647,41.60524
2025-05-28 21:11:27,0,0,27.99471,42.16867
2025-05-28 21:11:27,0,0,27.99471,42.16867
2025-05-28 21:11:27,0,0,28.00647,42.52153
2025-05-28 21:11:27,0,0,28.00647,42.52153
2025-05-28 21:11:28,0,0,28.00647,39.80816
2025-05-28 21:11:28,0,0,28.00647,39.80816
2025-05-28 21:11:28,0,0,28.00647,43.06335
2025-05-28 21:11:28,0,0,28.00647,43.06335
2025-05-28 21:11:28,0,0,28.01235,42.91598
2025-05-28 21:11:28,0,0,28.00647,44.73909
2025-05-28 21:11:28,0,0,28.01235,42.91598
2025-05-28 21:11:28,0,0,28.00647,44.73909
2025-05-28 21:11:28,0,0,28.00647,43.1405
2025-05-28 21:11:28,0,0,28.00647,43.1405
2025-05-28 21:11:28,0,0,28.01824,41.60401
2025-05-28 21:11:28,0,0,28.01824,41.60401
2025-05-28 21:11:29,0,0,28.00353,43.36775
2025-05-28 21:11:29,0,0,28.00353,43.36775
2025-05-28 21:11:29,0,0,28.00059,40.70232
2025-05-28 21:11:29,0,0,28.00059,40.70232
2025-05-28 21:11:29,0,0,28.00353,42.38683
2025-05-28 21:11:29,0,0,28.00353,42.38683
2025-05-28 21:11:29,0,0,28.00647,42.08835
2025-05-28 21:11:29,0,0,28.00647,42.08835
2025-05-28 21:11:29,0,0,28.01235,41.9279
2025-05-28 21:11:29,0,0,28.01235,41.9279
2025-05-28 21:11:29,0,0,28.00941,39.90385
2025-05-28 21:11:29,0,0,28.00941,39.90385
2025-05-28 21:11:29,0,0,28.01235,42.76527
2025-05-28 21:11:29,0,0,28.01235,42.76527
2025-05-28 21:11:30,0,0,27.99765,43.64687
2025-05-28 21:11:30,0,0,27.99765,43.64687
2025-05-28 21:11:30,0,0,28.00353,40.14901
2025-05-28 21:11:30,0,0,28.00353,40.14901
2025-05-28 21:11:30,0,0,28.00941,39.85623
2025-05-28 21:11:30,0,0,28.00941,39.85623
2025-05-28 21:11:30,0,0,28.00647,43.59184
2025-05-28 21:11:30,0,0,28.00647,43.59184
2025-05-28 21:11:30,0,0,28.00647,43.17804
2025-05-28 21:11:30,0,0,28.00647,43.17804
2025-05-28 21:11:30,0,0,27.98882,43.78029
2025-05-28 21:11:30,0,0,27.98882,43.78029
2025-05-28 21:11:31,0,0,27.99176,43.19098
2025-05-28 21:11:31,0,0,27.99176,43.19098
2025-05-28 21:11:31,0,0,28.00647,42.88093
2025-05-28 21:11:31,0,0,28.00647,42.88093
2025-05-28 21:11:31,0,0,28.00647,41.13419
2025-05-28 21:11:31,0,0,28.00647,41.13419
2025-05-28 21:11:31,0,0,28.00353,42.99917
2025-05-28 21:11:31,0,0,28.00353,42.99917
2025-05-28 21:11:31,0,0,28.01235,41.95402
2025-05-28 21:11:31,0,0,28.01235,41.95402
2025-05-28 21:11:31,0,0,28.0153,43.22527
2025-05-28 21:11:31,0,0,28.0153,43.22527
2025-05-28 21:11:32,0,0,28.00353,39.92278
2025-05-28 21:11:32,0,0,28.00353,39.92278
2025-05-28 21:11:32,0,0,27.98882,41.96933
2025-05-28 21:11:32,0,0,27.98882,41.96933
2025-05-28 21:11:32,0,0,27.99471,43.02325
2025-05-28 21:11:32,0,0,27.99471,43.02325
2025-05-28 21:11:32,0,0,28.00353,41.46538
2025-05-28 21:11:32,0,0,28.00353,41.46538
2025-05-28 21:11:32,0,0,27.98882,39.88719
2025-05-28 21:11:32,0,0,27.98882,39.88719
2025-05-28 21:11:32,0,0,28.00353,44.19355
2025-05-28 21:11:32,0,0,28.00353,44.19355
2025-05-28 21:11:33,0,0,28.00353,43.25
2025-05-28 21:11:33,0,0,28.00353,43.25
2025-05-28 21:11:33,0,0,28.0153,40.3289
2025-05-28 21:11:33,0,0,28.0153,40.3289
2025-05-28 21:11:33,0,0,28.00353,42.83414
2025-05-28 21:11:33,0,0,28.00353,42.83414
2025-05-28 21:11:33,0,0,28.00647,43.83224
2025-05-28 21:11:33,0,0,28.00647,43.83224
2025-05-28 21:11:33,0,0,28.00353,43.72437
2025-05-28 21:11:33,0,0,28.00353,43.72437
2025-05-28 21:11:33,0,0,27.99765,41.05595
2025-05-28 21:11:33,0,0,27.99765,41.05595
2025-05-28 21:11:33,0,0,28.00647,42.98176
2025-05-28 21:11:33,0,0,28.00647,42.98176
2025-05-28 21:11:34,0,0,27.99176,44.22915
2025-05-28 21:11:34,0,0,27.99176,44.22915
2025-05-28 21:11:34,0,0,28.00353,40.9056
2025-05-28 21:11:34,0,0,28.00353,40.9056
2025-05-28 21:11:34,0,0,28.00059,42.91564
2025-05-28 21:11:34,0,0,28.00059,42.91564
2025-05-28 21:11:34,0,0,27.99765,42.18241
2025-05-28 21:11:34,0,0,27.99765,42.18241
2025-05-28 21:11:34,0,0,27.99765,43.93939
2025-05-28 21:11:34,0,0,27.99765,43.93939
2025-05-28 21:11:34,0,0,27.99471,43.45426
2025-05-28 21:11:34,0,0,27.99471,43.45426
2025-05-28 21:11:35,0,0,27.99765,43.32248
2025-05-28 21:11:35,0,0,27.99765,43.32248
2025-05-28 21:11:35,0,0,27.99471,45.4776
2025-05-28 21:11:35,0,0,27.99471,45.4776
2025-05-28 21:11:35,0,0,27.98588,46.10867
2025-05-28 21:11:35,0,0,27.98588,46.10867
2025-05-28 21:11:35,0,0,27.98882,45.73353
2025-05-28 21:11:35,0,0,27.98882,45.73353
2025-05-28 21:11:35,0,0,27.98882,45.73585
2025-05-28 21:11:35,0,0,27.98882,45.73585
2025-05-28 21:11:35,0,0,28.01235,39.73249
2025-05-28 21:11:35,0,0,28.01235,39.73249
2025-05-28 21:11:36,0,0,27.99765,42.76527
2025-05-28 21:11:36,0,0,27.99765,42.76527
2025-05-28 21:11:36,0,0,28.01235,42.69006
2025-05-28 21:11:36,0,0,28.01235,42.69006
2025-05-28 21:11:36,0,0,28.00647,43.39315
2025-05-28 21:11:36,0,0,28.00647,43.39315
2025-05-28 21:11:36,0,0,28.01235,40.72612
2025-05-28 21:11:36,0,0,28.01235,40.72612
2025-05-28 21:11:36,0,0,28.00353,43.08681
2025-05-28 21:11:36,0,0,28.00353,43.08681
2025-05-28 21:11:36,0,0,28.00941,42.14743
2025-05-28 21:11:36,0,0,28.00941,42.14743
2025-05-28 21:11:37,0,0,28.00647,44.55696
2025-05-28 21:11:37,0,0,28.00647,44.55696
2025-05-28 21:11:37,0,0,28.00647,42.63114
2025-05-28 21:11:37,0,0,28.00647,42.63114
2025-05-28 21:11:37,0,0,28.01235,43.28479
2025-05-28 21:11:37,0,0,28.01235,43.19868
2025-05-28 21:11:37,0,0,28.01235,43.28479
2025-05-28 21:11:37,0,0,28.01235,43.19868
2025-05-28 21:11:37,0,0,28.0153,41.92751
2025-05-28 21:11:37,0,0,28.0153,41.92751
2025-05-28 21:11:37,0,0,28.01235,42.78481
2025-05-28 21:11:37,0,0,28.01235,42.78481
2025-05-28 21:11:38,0,0,28.01824,41.71383
2025-05-28 21:11:38,0,0,28.01824,41.71383
2025-05-28 21:11:38,0,0,28.0153,40.52969
2025-05-28 21:11:38,0,0,28.0153,40.52969
2025-05-28 21:11:38,0,0,28.02118,43.0056
2025-05-28 21:11:38,0,0,28.02118,43.0056
2025-05-28 21:11:38,0,0,28.01235,41.98718
2025-05-28 21:11:38,0,0,28.01235,41.98718
2025-05-28 21:11:38,0,0,28.02412,45.0764
2025-05-28 21:11:38,0,0,28.02412,45.0764
2025-05-28 21:11:38,0,0,28.00941,43.84237
2025-05-28 21:11:38,0,0,28.00941,43.84237
2025-05-28 21:11:38,0,0,28.00647,41.54229
2025-05-28 21:11:38,0,0,28.00647,41.54229
2025-05-28 21:11:39,0,0,27.99765,43.94801
2025-05-28 21:11:39,0,0,27.99765,43.94801
2025-05-28 21:11:39,0,0,28.00647,41.43692
2025-05-28 21:11:39,0,0,28.00647,41.43692
2025-05-28 21:11:39,0,0,28.01824,43.81271
2025-05-28 21:11:39,0,0,28.0153,42.64359
2025-05-28 21:11:39,0,0,28.01824,43.81271
2025-05-28 21:11:39,0,0,28.0153,42.64359
2025-05-28 21:11:39,0,0,28.00941,38.36834
2025-05-28 21:11:39,0,0,28.00941,38.36834
2025-05-28 21:11:39,0,0,28.00941,43.20786
2025-05-28 21:11:39,0,0,28.00941,43.20786
2025-05-28 21:11:40,0,0,28.00353,43.68291
2025-05-28 21:11:40,0,0,28.00353,43.68291
2025-05-28 21:11:40,0,0,27.99471,41.2481
2025-05-28 21:11:40,0,0,27.99471,41.2481
2025-05-28 21:11:40,0,0,28.00059,42.37013
2025-05-28 21:11:40,0,0,28.00059,42.37013
2025-05-28 21:11:40,0,0,28.00647,43.90244
2025-05-28 21:11:40,0,0,28.00647,43.90244
2025-05-28 21:11:40,0,0,27.98882,39.54061
2025-05-28 21:11:40,0,0,27.98882,39.54061
2025-05-28 21:11:40,0,0,27.97706,41.97839
2025-05-28 21:11:40,0,0,27.97706,41.97839
2025-05-28 21:11:41,0,0,27.98588,43.93204
2025-05-28 21:11:41,0,0,27.98588,43.93204
2025-05-28 21:11:41,0,0,27.99176,40.51864
2025-05-28 21:11:41,0,0,27.99176,40.51864
2025-05-28 21:11:41,0,0,27.98,43.99323
2025-05-28 21:11:41,0,0,27.98,43.99323
2025-05-28 21:11:41,0,0,27.98588,43.63342
2025-05-28 21:11:41,0,0,27.98588,43.63342
2025-05-28 21:11:41,0,0,27.99176,43.08466
2025-05-28 21:11:41,0,0,27.99176,43.08466
2025-05-28 21:11:41,0,0,27.98882,44.30177
2025-05-28 21:11:41,0,0,27.98882,44.30177
2025-05-28 21:11:42,0,0,27.99471,42.23652
2025-05-28 21:11:42,0,0,27.99471,42.23652
2025-05-28 21:11:42,0,0,28.00059,43.69818
2025-05-28 21:11:46,0,0,28.00647,39.61353
2025-05-28 21:11:47,0,0,28.00941,41.36292
2025-05-28 21:11:47,0,0,27.99765,44.11048
2025-05-28 21:11:47,0,0,28.00059,44.18999
2025-05-28 21:11:47,0,0,28.00059,44.18999
2025-05-28 21:11:47,0,0,27.99471,44.62052
2025-05-28 21:11:47,0,0,27.99471,44.62052
2025-05-28 21:11:47,0,0,27.99471,42.03503
2025-05-28 21:11:47,0,0,27.99471,42.03503
2025-05-28 21:11:47,0,0,27.99176,42.73021
2025-05-28 21:11:47,0,0,27.99176,42.73021
2025-05-28 21:11:47,0,0,27.99176,42.91531
2025-05-28 21:11:47,0,0,27.99176,42.91531
2025-05-28 21:11:48,0,0,28.00059,40.78073
2025-05-28 21:11:48,0,0,28.00059,40.78073
2025-05-28 21:11:48,0,0,27.99176,42.69572
2025-05-28 21:11:48,0,0,27.99176,42.69572
2025-05-28 21:11:48,0,0,28.00059,42.54489
2025-05-28 21:11:48,0,0,28.00059,42.54489
2025-05-28 21:11:48,0,0,28.00647,44.61153
2025-05-28 21:11:48,0,0,28.00647,44.61153
2025-05-28 21:11:48,0,0,27.98882,42.34905
2025-05-28 21:11:48,0,0,27.98882,42.34905
2025-05-28 21:11:48,0,0,27.99471,42.72727
2025-05-28 21:11:48,0,0,27.99471,42.72727
2025-05-28 21:11:49,0,0,28.00941,43.29218
2025-05-28 21:11:49,0,0,28.00941,43.29218
2025-05-28 21:11:49,0,0,27.99765,42.42424
2025-05-28 21:11:49,0,0,27.99765,42.42424
2025-05-28 21:11:49,0,0,27.99176,44.37299
2025-05-28 21:11:49,0,0,27.99176,44.37299
2025-05-28 21:11:49,0,0,27.99471,41.46538
2025-05-28 21:11:49,0,0,27.99471,41.46538
2025-05-28 21:11:49,0,0,27.99176,43.89217
2025-05-28 21:11:49,0,0,27.99176,43.89217
2025-05-28 21:11:49,0,0,27.99176,42.37979
2025-05-28 21:11:49,0,0,27.99176,42.37979
2025-05-28 21:11:50,0,0,27.98,43.21285
2025-05-28 21:11:50,0,0,27.98,43.21285
2025-05-28 21:11:50,0,0,27.98882,39.96777
2025-05-28 21:11:50,0,0,27.98882,39.96777
2025-05-28 21:11:50,0,0,28.00059,44.00318
2025-05-28 21:11:50,0,0,28.00059,44.00318
2025-05-28 21:11:50,0,0,28.00059,43.89845
2025-05-28 21:11:50,0,0,28.00059,43.89845
2025-05-28 21:11:50,0,0,28.00941,41.14332
2025-05-28 21:11:50,0,0,28.00647,38.4984
2025-05-28 21:11:50,0,0,28.00941,41.14332
2025-05-28 21:11:50,0,0,28.00647,38.4984
2025-05-28 21:11:51,0,0,27.99765,43.67245
2025-05-28 21:11:51,0,0,27.99765,43.67245
2025-05-28 21:11:51,0,0,28.00647,42.4544
2025-05-28 21:11:51,0,0,28.00647,42.4544
2025-05-28 21:11:51,0,0,28.00647,43.89652
2025-05-28 21:11:51,0,0,28.00647,43.89652
2025-05-28 21:11:51,0,0,28.00647,41.96503
2025-05-28 21:11:51,0,0,28.00647,41.96503
2025-05-28 21:11:51,0,0,28.0153,42.91564
2025-05-28 21:11:51,0,0,28.0153,42.91564
2025-05-28 21:11:51,0,0,28.00941,42.67617
2025-05-28 21:11:51,0,0,28.00941,42.67617
2025-05-28 21:11:51,0,0,28.00647,43.75
2025-05-28 21:11:51,0,0,28.00647,43.75
2025-05-28 21:11:52,0,0,28.00647,42.19269
2025-05-28 21:11:52,0,0,28.00647,42.19269
2025-05-28 21:11:52,0,0,28.0153,42.89157
2025-05-28 21:11:52,0,0,28.0153,42.89157
2025-05-28 21:11:52,0,0,28.0153,40.01566
2025-05-28 21:11:52,0,0,28.0153,40.01566
2025-05-28 21:11:52,0,0,28.01824,42.5
2025-05-28 21:11:52,0,0,28.01824,42.5
2025-05-28 21:11:52,0,0,28.00941,43.08202
2025-05-28 21:11:52,0,0,28.00941,43.08202
2025-05-28 21:11:52,0,0,28.0153,43.7043
2025-05-28 21:11:52,0,0,28.0153,43.7043
2025-05-28 21:11:53,0,0,28.02706,40.99526
2025-05-28 21:11:53,0,0,28.02706,40.99526
2025-05-28 21:11:53,0,0,28.02118,44.8718
2025-05-28 21:11:53,0,0,28.02118,44.8718
2025-05-28 21:11:53,0,0,28.01824,44.89112
2025-05-28 21:11:53,0,0,28.01824,44.89112
2025-05-28 21:11:53,0,0,28.02706,41.25767
2025-05-28 21:11:53,0,0,28.02706,41.25767
2025-05-28 21:11:53,0,0,28.01824,42.96358
2025-05-28 21:11:53,0,0,28.01824,42.96358
2025-05-28 21:11:53,0,0,28.03,42.75062
2025-05-28 21:11:53,0,0,28.03,42.75062
2025-05-28 21:11:54,0,0,28.02412,43.63929
2025-05-28 21:11:54,0,0,28.02412,43.63929
2025-05-28 21:11:54,0,0,28.02706,41.93038
2025-05-28 21:11:54,0,0,28.02706,41.93038
2025-05-28 21:11:54,0,0,28.0153,43.69332
2025-05-28 21:11:54,0,0,28.0153,43.69332
2025-05-28 21:11:54,0,0,28.03588,45.75107
2025-05-28 21:11:54,0,0,28.03588,45.75107
2025-05-28 21:11:54,0,0,28.02118,40.94862
2025-05-28 21:11:54,0,0,28.02118,40.94862
2025-05-28 21:11:54,0,0,28.0153,44.09385
2025-05-28 21:11:54,0,0,28.0153,44.09385
2025-05-28 21:12:18,0,0,27.97412,53.06252
2025-05-28 21:12:18,0,0,27.97412,53.06252
2025-05-28 21:12:18,0,0,27.97706,52.67029
2025-05-28 21:12:18,0,0,27.97706,52.67029
2025-05-28 21:12:19,0,0,27.96824,52.98407
2025-05-28 21:12:19,0,0,27.96824,52.98407
2025-05-28 21:12:19,0,0,27.98294,53.00739
2025-05-28 21:12:19,0,0,27.98294,53.00739
2025-05-28 21:12:19,0,0,27.98,53.02274
2025-05-28 21:12:19,0,0,27.98,53.02274
2025-05-28 21:12:19,0,0,27.98,53.05991
2025-05-28 21:12:19,0,0,27.98,53.05991
2025-05-28 21:12:19,0,0,27.96824,52.98519
2025-05-28 21:12:19,0,0,27.96824,52.98519
2025-05-28 21:12:19,0,0,27.99176,53.02259
2025-05-28 21:12:19,0,0,27.99176,53.02259
2025-05-28 21:12:20,0,0,28.00059,53.0467
2025-05-28 21:12:20,0,0,28.00059,53.0467
2025-05-28 21:12:20,0,0,28.00059,53.04663
2025-05-28 21:12:20,0,0,28.00059,53.04663
2025-05-28 21:12:20,0,0,28.00059,52.98872
2025-05-28 21:12:20,0,0,28.00059,52.98872
2025-05-28 21:12:20,0,0,27.99765,53.04694
2025-05-28 21:12:20,0,0,27.99765,53.04694
2025-05-28 21:12:20,0,0,27.98588,53.0131
2025-05-28 21:12:20,0,0,27.98588,53.0131
2025-05-28 21:12:20,0,0,28.00353,53.06583
2025-05-28 21:12:20,0,0,28.00353,53.06583
2025-05-28 21:12:21,0,0,27.99765,53.07148
2025-05-28 21:12:21,0,0,27.99765,53.07148
2025-05-28 21:12:21,0,0,27.99471,52.88208
2025-05-28 21:12:21,0,0,27.99471,52.88208
2025-05-28 21:12:21,0,0,27.99765,52.91136
2025-05-28 21:12:21,0,0,27.99765,52.91136
2025-05-28 21:12:21,0,0,28.00941,53.16246
2025-05-28 21:12:21,0,0,28.00941,53.16246
2025-05-28 21:12:21,0,0,28.00353,53.03549
2025-05-28 21:12:21,0,0,28.00353,53.03549
2025-05-28 21:12:21,0,0,28.00353,53.06841
2025-05-28 21:12:21,0,0,28.00353,53.06841
2025-05-28 21:12:21,0,0,28.00647,53.08339
2025-05-28 21:12:21,0,0,28.00647,53.08339
2025-05-28 21:12:22,0,0,28.00353,53.35587
2025-05-28 21:12:22,0,0,28.00353,53.35587
2025-05-28 21:12:22,0,0,27.98882,52.95233
2025-05-28 21:12:22,0,0,27.98882,52.95233
2025-05-28 21:12:22,0,0,27.98882,53.03276
2025-05-28 21:12:22,0,0,27.98882,53.03276
2025-05-28 21:12:22,0,0,27.99765,53.06225
2025-05-28 21:12:22,0,0,27.99765,53.06225
2025-05-28 21:12:22,0,0,28.00059,53.09041
2025-05-28 21:12:22,0,0,28.00059,53.09041
2025-05-28 21:12:22,0,0,27.98882,52.8338
2025-05-28 21:12:22,0,0,27.98882,52.8338
2025-05-28 21:12:23,0,0,28.00353,53.04699
2025-05-28 21:12:23,0,0,28.00353,53.04699
2025-05-28 21:12:23,0,0,27.99765,53.0158
2025-05-28 21:12:23,0,0,27.99765,53.0158
2025-05-28 21:12:23,0,0,28.00941,53.08391
2025-05-28 21:12:23,0,0,28.00941,53.08391
2025-05-28 21:12:23,0,0,28.00353,53.10336
2025-05-28 21:12:23,0,0,28.00353,53.10336
2025-05-28 21:12:23,0,0,28.00059,52.62076
2025-05-28 21:12:23,0,0,28.00059,52.62076
2025-05-28 21:12:23,0,0,28.00059,52.89067
2025-05-28 21:12:23,0,0,28.00059,52.89067
2025-05-28 21:12:24,0,0,27.99765,52.92881
2025-05-28 21:12:24,0,0,27.99765,52.92881
2025-05-28 21:12:24,0,0,28.02118,53.05758
2025-05-28 21:12:24,0,0,28.02118,53.05758
2025-05-28 21:12:24,0,0,28.00941,53.09837
2025-05-28 21:12:24,0,0,28.00941,53.09837
2025-05-28 21:12:24,0,0,28.00941,52.74128
2025-05-28 21:12:24,0,0,28.00941,52.74128
2025-05-28 21:12:24,0,0,28.00941,52.98453
2025-05-28 21:12:24,0,0,28.00941,52.98453
2025-05-28 21:12:24,0,0,28.00059,52.99778
2025-05-28 21:12:24,0,0,28.00059,52.99778
2025-05-28 21:12:25,0,0,28.00353,53.08319
2025-05-28 21:12:25,0,0,28.00353,53.08319
2025-05-28 21:12:25,0,0,28.00059,53.11861
2025-05-28 21:12:25,0,0,28.00059,53.11861
2025-05-28 21:12:25,0,0,28.00647,52.9918
2025-05-28 21:12:25,0,0,28.00647,52.9918
2025-05-28 21:12:25,0,0,28.00059,52.97557
2025-05-28 21:12:25,0,0,28.00059,52.97557
2025-05-28 21:12:25,0,0,28.00059,53.00359
2025-05-28 21:12:25,0,0,28.00059,53.00359
2025-05-28 21:12:25,0,0,27.99471,53.0694
2025-05-28 21:12:25,0,0,27.99471,53.0694
2025-05-28 21:12:26,0,0,28.00647,53.12329
2025-05-28 21:12:26,0,0,28.00647,53.12329
2025-05-28 21:12:26,0,0,28.00353,52.95891
2025-05-28 21:12:26,0,0,28.00353,52.95891
2025-05-28 21:12:26,0,0,28.00647,53.08493
2025-05-28 21:12:26,0,0,28.00647,53.08493
2025-05-28 21:12:26,0,0,27.99765,53.08205
2025-05-28 21:12:26,0,0,27.99765,53.08205
2025-05-28 21:12:26,0,0,28.00353,53.13022
2025-05-28 21:12:26,0,0,28.00353,53.13022
2025-05-28 21:12:26,0,0,27.99765,53.1381
2025-05-28 21:12:26,0,0,27.99765,53.1381
2025-05-28 21:12:26,0,0,28.00647,53.00114
2025-05-28 21:12:26,0,0,28.00647,53.00114
2025-05-28 21:12:27,0,0,28.00353,52.93159
2025-05-28 21:12:27,0,0,28.00353,52.93159
2025-05-28 21:12:27,0,0,28.0153,53.0762
2025-05-28 21:12:27,0,0,28.0153,53.0762
2025-05-28 21:12:27,0,0,28.01235,53.09833
2025-05-28 21:12:27,0,0,28.01235,53.09833
2025-05-28 21:12:27,0,0,28.01235,53.12677
2025-05-28 21:12:27,0,0,28.01235,53.12677
2025-05-28 21:12:27,0,0,28.00941,53.17936
2025-05-28 21:12:27,0,0,28.00941,53.17936
2025-05-28 21:12:27,0,0,28.02118,52.88071
2025-05-28 21:12:27,0,0,28.02118,52.88071
2025-05-28 21:12:28,0,0,28.00941,53.10414
2025-05-28 21:12:28,0,0,28.00941,53.10414
2025-05-28 21:12:28,0,0,28.0153,53.10279
2025-05-28 21:12:28,0,0,28.0153,53.10279
2025-05-28 21:12:28,0,0,28.00353,53.1484
2025-05-28 21:12:28,0,0,28.00353,53.1484
2025-05-28 21:12:28,0,0,28.00647,53.16888
2025-05-28 21:12:28,0,0,28.00647,53.16888
2025-05-28 21:12:28,0,0,28.01235,52.87692
2025-05-28 21:12:28,0,0,28.01235,52.87692
2025-05-28 21:12:28,0,0,28.01235,53.11284
2025-05-28 21:12:28,0,0,28.01235,53.11284
2025-05-28 21:12:29,0,0,28.02118,53.10217
2025-05-28 21:12:29,0,0,28.02118,53.10217
2025-05-28 21:12:29,0,0,28.01824,53.13523
2025-05-28 21:12:29,0,0,28.01824,53.13523
2025-05-28 21:12:29,0,0,28.02706,53.17289
2025-05-28 21:12:29,0,0,28.02706,53.17289
2025-05-28 21:12:29,0,0,28.03588,52.76048
2025-05-28 21:12:29,0,0,28.03588,52.76048
2025-05-28 21:12:29,0,0,28.01824,53.059
2025-05-28 21:12:29,0,0,28.01824,53.059
2025-05-28 21:12:29,0,0,28.03294,52.99355
2025-05-28 21:12:29,0,0,28.03294,52.99355
2025-05-28 21:12:30,0,0,28.02706,53.14543
2025-05-28 21:12:30,0,0,28.02706,53.14543
2025-05-28 21:12:30,0,0,28.02118,53.18075
2025-05-28 21:12:30,0,0,28.02118,53.18075
2025-05-28 21:12:30,0,0,28.02412,52.84111
2025-05-28 21:12:30,0,0,28.02412,52.84111
2025-05-28 21:12:30,0,0,28.03294,53.08929
2025-05-28 21:12:30,0,0,28.03294,53.08929
2025-05-28 21:12:30,0,0,28.04765,53.17327
2025-05-28 21:12:30,0,0,28.04765,53.17327
2025-05-28 21:12:30,0,0,28.03882,53.16937
2025-05-28 21:12:30,0,0,28.03882,53.16937
2025-05-28 21:12:30,0,0,28.03294,53.18822
2025-05-28 21:12:30,0,0,28.03294,53.18822
2025-05-28 21:12:31,0,0,28.02706,52.71709
2025-05-28 21:12:31,0,0,28.02706,52.71709
2025-05-28 21:12:31,0,0,28.03,53.11445
2025-05-28 21:12:31,0,0,28.03,53.11445
2025-05-28 21:12:31,0,0,28.04471,53.15697
2025-05-28 21:12:31,0,0,28.04471,53.15697
2025-05-28 21:12:31,0,0,28.03294,53.18142
2025-05-28 21:12:31,0,0,28.03294,53.18142
2025-05-28 21:12:31,0,0,28.04471,53.20881
2025-05-28 21:12:31,0,0,28.04471,53.20881
2025-05-28 21:12:31,0,0,28.03588,52.95326
2025-05-28 21:12:31,0,0,28.03588,52.95326
2025-05-28 21:12:32,0,0,28.03882,53.1522
2025-05-28 21:12:32,0,0,28.03882,53.1522
2025-05-28 21:12:32,0,0,28.03294,53.12233
2025-05-28 21:12:32,0,0,28.03294,53.12233
2025-05-28 21:12:32,0,0,28.03588,53.21241
2025-05-28 21:12:32,0,0,28.03588,53.21241
2025-05-28 21:12:32,0,0,28.02706,53.20946
2025-05-28 21:12:32,0,0,28.02706,53.20946
2025-05-28 21:12:32,0,0,28.03588,52.85195
2025-05-28 21:12:32,0,0,28.03588,52.85195
2025-05-28 21:12:32,0,0,28.03588,53.08354
2025-05-28 21:12:32,0,0,28.03588,53.08354
2025-05-28 21:12:33,0,0,28.03294,53.07734
2025-05-28 21:12:33,0,0,28.03294,53.07734
2025-05-28 21:12:33,0,0,28.04471,53.148
2025-05-28 21:12:33,0,0,28.04471,53.148
2025-05-28 21:12:33,0,0,28.03294,53.17536
2025-05-28 21:12:33,0,0,28.03294,53.17536
2025-05-28 21:12:33,0,0,28.04471,52.70009
2025-05-28 21:12:33,0,0,28.04471,52.70009
2025-05-28 21:12:33,0,0,28.03294,53.03874
2025-05-28 21:12:33,0,0,28.03294,53.03874
2025-05-28 21:12:33,0,0,28.03882,53.01872
2025-05-28 21:12:33,0,0,28.03882,53.01872
2025-05-28 21:12:34,0,0,28.03882,53.12142
2025-05-28 21:12:34,0,0,28.03882,53.12142
2025-05-28 21:12:34,0,0,28.04471,53.15665
2025-05-28 21:12:34,0,0,28.04471,53.15665
2025-05-28 21:12:34,0,0,28.03588,52.92975
2025-05-28 21:12:34,0,0,28.03588,52.92975
2025-05-28 21:12:34,0,0,28.02706,53.03929
2025-05-28 21:12:34,0,0,28.02706,53.03929
2025-05-28 21:12:34,0,0,28.04471,53.05539
2025-05-28 21:12:34,0,0,28.04471,53.05539
2025-05-28 21:12:34,0,0,28.04471,53.14489
2025-05-28 21:12:34,0,0,28.04471,53.14489
2025-05-28 21:12:35,0,0,28.05059,53.22049
2025-05-28 21:12:35,0,0,28.04177,53.25169
2025-05-28 21:12:35,0,0,28.03882,52.97656
2025-05-28 21:12:35,0,0,28.04177,53.13781
2025-05-28 21:12:35,0,0,28.05059,53.22049
2025-05-28 21:12:35,0,0,28.04177,53.25169
2025-05-28 21:12:35,0,0,28.03588,53.16354
2025-05-28 21:12:35,0,0,28.03882,52.97656
2025-05-28 21:12:35,0,0,28.04177,53.13781
2025-05-28 21:12:35,0,0,28.03588,53.16354
2025-05-28 21:12:35,0,0,28.03588,53.21428
2025-05-28 21:12:35,0,0,28.03588,53.21428
2025-05-28 21:12:35,0,0,28.04177,53.22231
2025-05-28 21:12:35,0,0,28.04177,53.22231
2025-05-28 21:12:36,0,0,28.03294,52.82787
2025-05-28 21:12:36,0,0,28.03294,52.82787
2025-05-28 21:12:36,0,0,28.04177,53.13567
2025-05-28 21:12:36,0,0,28.04177,53.13567
2025-05-28 21:12:36,0,0,28.02412,53.07505
2025-05-28 21:12:36,0,0,28.02412,53.07505
2025-05-28 21:12:36,0,0,28.02706,53.18919
2025-05-28 21:12:36,0,0,28.02706,53.18919
2025-05-28 21:12:36,0,0,28.02118,53.21826
2025-05-28 21:12:36,0,0,28.02118,53.21826
2025-05-28 21:12:36,0,0,28.01824,52.7511
2025-05-28 21:12:36,0,0,28.01824,52.7511
2025-05-28 21:12:37,0,0,28.02706,53.08081
2025-05-28 21:12:37,0,0,28.02706,53.08081
2025-05-28 21:12:37,0,0,28.0153,53.05776
2025-05-28 21:12:37,0,0,28.0153,53.05776
2025-05-28 21:12:37,0,0,28.00941,53.16278
2025-05-28 21:12:37,0,0,28.00941,53.16278
2025-05-28 21:12:37,0,0,28.0153,53.1893
2025-05-28 21:12:37,0,0,28.0153,53.1893
2025-05-28 21:12:37,0,0,28.01235,52.68346
2025-05-28 21:12:37,0,0,28.01235,52.68346
2025-05-28 21:12:37,0,0,28.00059,53.01278
2025-05-28 21:12:37,0,0,28.00059,53.01278
2025-05-28 21:12:38,0,0,28.00059,53.05053
2025-05-28 21:12:38,0,0,28.00059,53.05053
2025-05-28 21:12:38,0,0,27.99471,53.17067
2025-05-28 21:12:38,0,0,27.99471,53.17067
2025-05-28 21:12:38,0,0,28.00059,53.19324
2025-05-28 21:12:38,0,0,28.00059,53.19324
2025-05-28 21:12:38,0,0,27.99765,53.08839
2025-05-28 21:12:38,0,0,27.99765,53.08839
2025-05-28 21:12:38,0,0,28.00059,52.9688
2025-05-28 21:12:38,0,0,28.00059,52.9688
2025-05-28 21:12:38,0,0,28.00647,53.05933
2025-05-28 21:12:38,0,0,28.00647,53.05933
2025-05-28 21:12:39,0,0,27.99765,53.10693
2025-05-28 21:12:39,0,0,27.99765,53.10693
2025-05-28 21:12:39,0,0,28.00353,53.17116
2025-05-28 21:12:39,0,0,28.00353,53.17116
2025-05-28 21:12:39,0,0,27.99765,52.75274
2025-05-28 21:12:39,0,0,27.99765,52.75274
2025-05-28 21:12:39,0,0,28.00059,52.97169
2025-05-28 21:12:39,0,0,28.00059,52.97169
2025-05-28 21:12:39,0,0,28.0153,53.02302
2025-05-28 21:12:39,0,0,28.0153,53.02302
2025-05-28 21:12:39,0,0,28.0153,53.16611
2025-05-28 21:12:39,0,0,28.0153,53.16611
2025-05-28 21:12:39,0,0,28.0153,53.19307
2025-05-28 21:12:39,0,0,28.0153,53.19307
2025-05-28 21:12:40,0,0,28.00647,52.74409
2025-05-28 21:12:40,0,0,28.00647,52.74409
2025-05-28 21:12:40,0,0,28.0153,53.07357
2025-05-28 21:12:40,0,0,28.0153,53.07357
2025-05-28 21:12:40,0,0,28.02412,53.11656
2025-05-28 21:12:40,0,0,28.02412,53.11656
2025-05-28 21:12:40,0,0,28.0153,53.16962
2025-05-28 21:12:40,0,0,28.0153,53.16962
2025-05-28 21:12:40,0,0,28.00941,53.24202
2025-05-28 21:12:40,0,0,28.00941,53.24202
2025-05-28 21:12:40,0,0,28.00647,53.05
2025-05-28 21:12:40,0,0,28.00647,53.05
2025-05-28 21:12:41,0,0,28.01235,52.99373
2025-05-28 21:12:41,0,0,28.01235,52.99373
2025-05-28 21:12:41,0,0,28.01235,53.09438
2025-05-28 21:12:41,0,0,28.01235,53.09438
2025-05-28 21:12:41,0,0,28.00647,53.17262
2025-05-28 21:12:41,0,0,28.01235,53.19168
2025-05-28 21:12:41,0,0,28.00647,53.17262
2025-05-28 21:12:41,0,0,28.01235,53.19168
2025-05-28 21:12:41,0,0,27.99765,53.15374
2025-05-28 21:12:41,0,0,27.99765,53.15374
2025-05-28 21:12:41,0,0,28.00059,53.05898
2025-05-28 21:12:41,0,0,28.00059,53.05898
2025-05-28 21:12:42,0,0,28.00941,53.08753
2025-05-28 21:12:42,0,0,28.00941,53.08753
2025-05-28 21:12:42,0,0,27.99471,53.18534
2025-05-28 21:12:42,0,0,27.99471,53.18534
2025-05-28 21:12:42,0,0,27.99765,52.86244
2025-05-28 21:12:42,0,0,27.99765,52.86244
2025-05-28 21:12:42,0,0,28.00647,52.73546
2025-05-28 21:12:42,0,0,28.00941,53.1119
2025-05-28 21:12:42,0,0,28.0153,53.0863
2025-05-28 21:12:43,0,0,28.00647,53.18874
2025-05-28 21:12:43,0,0,28.00941,53.2396
2025-05-28 21:12:43,0,0,28.00353,52.77052
2025-05-28 21:12:43,0,0,27.99176,53.04027
2025-05-28 21:12:43,0,0,28.00059,53.05517
2025-05-28 21:12:43,0,0,28.0153,53.18618
2025-05-28 21:12:44,0,0,28.01235,53.24795
2025-05-28 21:12:42,0,0,28.00647,52.73546
2025-05-28 21:12:42,0,0,28.00941,53.1119
2025-05-28 21:12:42,0,0,28.0153,53.0863
2025-05-28 21:12:43,0,0,28.00647,53.18874
2025-05-28 21:12:43,0,0,28.00941,53.2396
2025-05-28 21:12:43,0,0,28.00353,52.77052
2025-05-28 21:12:43,0,0,27.99176,53.04027
2025-05-28 21:12:43,0,0,28.00059,53.05517
2025-05-28 21:12:43,0,0,28.0153,53.18618
2025-05-28 21:12:44,0,0,28.01235,53.24795
2025-05-28 21:12:44,0,0,28.00059,52.89658
2025-05-28 21:12:44,0,0,28.00059,52.89658
2025-05-28 21:12:44,0,0,28.00353,53.17406
2025-05-28 21:12:44,0,0,28.00353,53.17406
2025-05-28 21:12:44,0,0,28.02412,53.16557
2025-05-28 21:12:44,0,0,28.02412,53.16557
2025-05-28 21:12:44,0,0,28.00647,53.21855
2025-05-28 21:12:44,0,0,28.00647,53.21855
2025-05-28 21:12:44,0,0,28.01235,53.29968
2025-05-28 21:12:44,0,0,28.01235,53.29968
2025-05-28 21:12:44,0,0,28.00059,53.05485
2025-05-28 21:12:44,0,0,28.00059,53.05485
2025-05-28 21:12:45,0,0,28.00059,53.25588
2025-05-28 21:12:45,0,0,28.00059,53.25588
2025-05-28 21:12:45,0,0,28.00647,53.25183
2025-05-28 21:12:45,0,0,28.00647,53.25183
2025-05-28 21:12:45,0,0,28.00059,53.30227
2025-05-28 21:12:45,0,0,28.00059,53.30227
2025-05-28 21:12:45,0,0,27.99765,53.283
2025-05-28 21:12:45,0,0,27.99765,53.283
2025-05-28 21:12:45,0,0,27.99176,52.95929
2025-05-28 21:12:45,0,0,27.99176,52.95929
2025-05-28 21:12:45,0,0,27.99765,53.17297
2025-05-28 21:12:45,0,0,27.99765,53.17297
2025-05-28 21:12:46,0,0,28.00647,53.19894
2025-05-28 21:12:46,0,0,28.00647,53.19894
2025-05-28 21:12:46,0,0,28.0153,53.28099
2025-05-28 21:12:46,0,0,28.0153,53.28099
2025-05-28 21:12:46,0,0,28.00647,53.2692
2025-05-28 21:12:46,0,0,28.00647,53.2692
2025-05-28 21:12:46,0,0,27.98588,53.08208
2025-05-28 21:12:46,0,0,27.98588,53.08208
2025-05-28 21:12:46,0,0,27.98,53.15763
2025-05-28 21:12:46,0,0,27.98,53.15763
2025-05-28 21:12:46,0,0,27.98588,53.2072
2025-05-28 21:12:46,0,0,27.98588,53.2072
2025-05-28 21:12:47,0,0,27.98882,53.2624
2025-05-28 21:12:47,0,0,27.98882,53.2624
2025-05-28 21:12:47,0,0,27.98,53.28996
2025-05-28 21:12:47,0,0,27.98,53.28996
2025-05-28 21:12:47,0,0,28.00647,53.12772
2025-05-28 21:12:47,0,0,28.00647,53.12772
2025-05-28 21:12:47,0,0,27.99471,53.20519
2025-05-28 21:12:47,0,0,27.99471,53.20519
2025-05-28 21:12:47,0,0,27.98882,53.25418
2025-05-28 21:12:47,0,0,27.98882,53.25418
2025-05-28 21:12:47,0,0,28.00059,53.24957
2025-05-28 21:12:47,0,0,28.00059,53.24957
2025-05-28 21:12:48,0,0,28.00647,53.20424
2025-05-28 21:12:48,0,0,28.00647,53.20424
2025-05-28 21:12:48,0,0,27.99765,53.17968
2025-05-28 21:12:48,0,0,27.99765,53.17968
2025-05-28 21:12:48,0,0,27.98882,53.14388
2025-05-28 21:12:48,0,0,27.98882,53.14388
2025-05-28 21:12:48,0,0,27.99765,53.15001
2025-05-28 21:12:48,0,0,27.99765,53.15001
2025-05-28 21:12:48,0,0,28.00353,53.14403
2025-05-28 21:12:48,0,0,28.00353,53.14403
2025-05-28 21:12:48,0,0,28.00353,53.15904
2025-05-28 21:12:48,0,0,28.00353,53.15904
2025-05-28 21:12:48,0,0,28.00059,53.1664
2025-05-28 21:12:48,0,0,28.00059,53.1664
2025-05-28 21:12:49,0,0,28.00647,53.15676
2025-05-28 21:12:49,0,0,28.00647,53.15676
2025-05-28 21:12:49,0,0,28.0153,53.17231
2025-05-28 21:12:49,0,0,28.0153,53.17231
2025-05-28 21:12:49,0,0,27.99765,53.19466
2025-05-28 21:12:49,0,0,27.99765,53.19466
2025-05-28 21:12:49,0,0,28.00353,53.18115
2025-05-28 21:12:49,0,0,28.00353,53.18115
2025-05-28 21:12:49,0,0,28.00647,53.2039
2025-05-28 21:12:49,0,0,28.00647,53.2039
2025-05-28 21:12:49,0,0,28.00059,53.18961
2025-05-28 21:12:49,0,0,28.00059,53.18961
2025-05-28 21:12:50,0,0,28.00353,53.20903
2025-05-28 21:12:50,0,0,28.00353,53.20903
2025-05-28 21:12:50,0,0,27.99471,53.19459
2025-05-28 21:12:50,0,0,27.99471,53.19459
2025-05-28 21:12:50,0,0,27.98588,53.2023
2025-05-28 21:12:50,0,0,27.98588,53.2023
2025-05-28 21:12:50,0,0,27.99765,53.21805
2025-05-28 21:12:50,0,0,27.99765,53.21805
2025-05-28 21:12:50,0,0,28.02412,53.21597
2025-05-28 21:12:50,0,0,28.02412,53.21597
2025-05-28 21:12:50,0,0,28.03,53.09258
2025-05-28 21:12:50,0,0,28.03,53.09258
2025-05-28 21:12:51,0,0,28.00647,53.21416
2025-05-28 21:12:51,0,0,28.00647,53.21416
2025-05-28 21:12:51,0,0,27.99765,53.21343
2025-05-28 21:12:51,0,0,27.99765,53.21343
2025-05-28 21:12:51,0,0,27.99471,53.21804
2025-05-28 21:12:51,0,0,27.99471,53.21804
2025-05-28 21:12:51,0,0,27.98588,53.12218
2025-05-28 21:12:51,0,0,27.98588,53.12218
2025-05-28 21:12:51,0,0,27.98588,53.14473
2025-05-28 21:12:51,0,0,27.98588,53.14473
2025-05-28 21:12:51,0,0,27.98588,53.1833
2025-05-28 21:12:51,0,0,27.98588,53.1833
2025-05-28 21:12:52,0,0,27.98882,53.21608
2025-05-28 21:12:52,0,0,27.98882,53.21608
2025-05-28 21:12:52,0,0,28.00059,53.23542
2025-05-28 21:12:52,0,0,28.00059,53.23542
2025-05-28 21:12:52,0,0,27.98882,53.0362
2025-05-28 21:12:52,0,0,27.98882,53.0362
2025-05-28 21:12:52,0,0,28.00059,53.14006
2025-05-28 21:12:52,0,0,28.00059,53.14006
2025-05-28 21:12:52,0,0,28.00647,53.18117
2025-05-28 21:12:52,0,0,28.00353,53.24263
2025-05-28 21:12:52,0,0,28.00647,53.18117
2025-05-28 21:12:52,0,0,28.00353,53.24263
2025-05-28 21:12:53,0,0,28.00353,53.23149
2025-05-28 21:12:53,0,0,28.00353,53.23149
2025-05-28 21:12:53,0,0,28.00059,53.25355
2025-05-28 21:12:53,0,0,28.00059,53.25355
2025-05-28 21:12:53,0,0,28.00353,53.09005
2025-05-28 21:12:53,0,0,28.00353,53.09005
2025-05-28 21:12:53,0,0,27.98588,53.2291
2025-05-28 21:12:53,0,0,27.98588,53.2291
2025-05-28 21:12:53,0,0,27.98588,53.21194
2025-05-28 21:12:53,0,0,27.98588,53.21194
2025-05-28 21:12:53,0,0,28.00353,53.22934
2025-05-28 21:12:53,0,0,28.00353,53.22934
2025-05-28 21:12:53,0,0,27.99176,53.24012
2025-05-28 21:12:53,0,0,27.99176,53.24012
2025-05-28 21:12:54,0,0,27.98882,53.0103
2025-05-28 21:12:54,0,0,27.98882,53.0103
2025-05-28 21:12:54,0,0,27.99471,53.2142
2025-05-28 21:12:54,0,0,27.99471,53.2142
2025-05-28 21:12:54,0,0,27.99765,53.18354
2025-05-28 21:12:54,0,0,27.99765,53.18354
2025-05-28 21:12:54,0,0,28.00353,53.23837
2025-05-28 21:12:54,0,0,28.00353,53.23837
2025-05-28 21:12:54,0,0,28.00059,53.23308
2025-05-28 21:12:54,0,0,28.00059,53.23308
2025-05-28 21:12:54,0,0,28.00647,53.2408
2025-05-28 21:12:54,0,0,28.00647,53.2408
2025-05-28 21:12:55,0,0,27.99765,53.14291
2025-05-28 21:12:55,0,0,27.99765,53.14291
2025-05-28 21:12:55,0,0,28.00059,53.18135
2025-05-28 21:12:55,0,0,28.00059,53.18135
2025-05-28 21:12:55,0,0,27.99765,53.22046
2025-05-28 21:12:55,0,0,27.99765,53.22046
2025-05-28 21:12:55,0,0,28.00353,53.24134
2025-05-28 21:12:55,0,0,28.00353,53.24134
2025-05-28 21:12:55,0,0,28.00353,53.25422
2025-05-28 21:12:55,0,0,28.00353,53.25422
2025-05-28 21:12:55,0,0,28.00059,53.29932
2025-05-28 21:12:55,0,0,28.00059,53.29932
2025-05-28 21:12:56,0,0,27.99765,53.14922
2025-05-28 21:12:56,0,0,27.99765,53.14922
2025-05-28 21:12:56,0,0,27.99471,53.15391
2025-05-28 21:12:56,0,0,27.99471,53.15391
2025-05-28 21:12:56,0,0,27.98588,53.2175
2025-05-28 21:12:56,0,0,27.98588,53.2175
2025-05-28 21:12:56,0,0,27.99176,53.14181
2025-05-28 21:12:56,0,0,27.99176,53.14181
2025-05-28 21:12:56,0,0,27.99176,52.89065
2025-05-28 21:12:56,0,0,27.99176,52.89065
2025-05-28 21:12:56,0,0,28.00647,53.1617
2025-05-28 21:12:56,0,0,28.00647,53.1617
2025-05-28 21:12:57,0,0,27.99765,53.18642
2025-05-28 21:12:57,0,0,27.99765,53.18642
2025-05-28 21:12:57,0,0,28.00059,53.25891
2025-05-28 21:12:57,0,0,28.00059,53.25891
2025-05-28 21:12:57,0,0,28.00941,53.26465
2025-05-28 21:12:57,0,0,28.00941,53.26465
2025-05-28 21:12:57,0,0,27.99471,52.9277
2025-05-28 21:12:57,0,0,27.99471,52.9277
2025-05-28 21:12:57,0,0,28.00941,53.14471
2025-05-28 21:12:57,0,0,28.00941,53.14471
2025-05-28 21:12:57,0,0,27.99471,53.1264
2025-05-28 21:12:57,0,0,27.99471,53.1264
2025-05-28 21:12:57,0,0,27.99765,53.2119
2025-05-28 21:12:57,0,0,27.99765,53.2119
2025-05-28 21:12:58,0,0,27.99765,53.22587
2025-05-28 21:12:58,0,0,27.99765,53.22587
2025-05-28 21:12:58,0,0,27.99765,52.8682
2025-05-28 21:12:58,0,0,27.99765,52.8682
2025-05-28 21:12:58,0,0,28.00647,53.15005
2025-05-28 21:12:58,0,0,28.00647,53.15005
2025-05-28 21:12:58,0,0,27.99765,53.12138
2025-05-28 21:12:58,0,0,27.99765,53.12138
2025-05-28 21:12:58,0,0,27.98588,53.17004
2025-05-28 21:12:58,0,0,27.98588,53.17004
2025-05-28 21:12:58,0,0,27.99765,53.24939
2025-05-28 21:12:58,0,0,27.99765,53.24939
2025-05-28 21:12:59,0,0,27.99176,52.86419
2025-05-28 21:12:59,0,0,27.99176,52.86419
2025-05-28 21:12:59,0,0,27.99765,53.13916
2025-05-28 21:12:59,0,0,27.99765,53.13916
2025-05-28 21:12:59,0,0,27.99176,53.10836
2025-05-28 21:12:59,0,0,27.99176,53.10836
2025-05-28 21:12:59,0,0,27.98294,53.24102
2025-05-28 21:12:59,0,0,27.98294,53.24102
2025-05-28 21:12:59,0,0,27.98294,53.29057
2025-05-28 21:12:59,0,0,27.98294,53.29057
2025-05-28 21:12:59,0,0,27.98588,52.94267
2025-05-28 21:12:59,0,0,27.98588,52.94267
2025-05-28 21:13:00,0,0,27.99471,53.14532
2025-05-28 21:13:00,0,0,27.99471,53.14532
2025-05-28 21:13:00,0,0,27.99176,53.15489
2025-05-28 21:13:00,0,0,27.99176,53.15489
2025-05-28 21:13:00,0,0,27.99471,53.23462
2025-05-28 21:13:00,0,0,27.99471,53.23462
2025-05-28 21:13:00,0,0,27.98882,53.28618
2025-05-28 21:13:00,0,0,27.98882,53.28618
2025-05-28 21:13:00,0,0,27.98588,53.05087
2025-05-28 21:13:00,0,0,27.98588,53.05087
2025-05-28 21:13:00,0,0,28.00059,53.16258
2025-05-28 21:13:00,0,0,28.00059,53.16258
2025-05-28 21:13:01,0,0,27.99176,52.98036
2025-05-28 21:13:01,0,0,27.99176,52.98036
2025-05-28 21:13:01,0,0,27.98588,53.18296
2025-05-28 21:13:01,0,0,27.98588,53.18296
2025-05-28 21:13:01,0,0,27.98882,53.12586
2025-05-28 21:13:01,0,0,27.98882,53.12586
2025-05-28 21:13:01,0,0,27.99176,53.12494
2025-05-28 21:13:01,0,0,27.99176,53.12494
2025-05-28 21:13:01,0,0,28.00059,53.13856
2025-05-28 21:13:01,0,0,28.00059,53.13856
2025-05-28 21:13:01,0,0,27.99176,53.15183
2025-05-28 21:13:01,0,0,27.99176,53.15183
2025-05-28 21:13:02,0,0,27.98294,53.2285
2025-05-28 21:13:02,0,0,27.98294,53.2285
2025-05-28 21:13:02,0,0,27.99471,52.74267
2025-05-28 21:13:02,0,0,27.99471,52.74267
2025-05-28 21:13:02,0,0,28.00059,53.0332
2025-05-28 21:13:02,0,0,28.00059,53.0332
2025-05-28 21:13:02,0,0,28.00059,53.02456
2025-05-28 21:13:02,0,0,28.00059,53.02456
2025-05-28 21:13:02,0,0,27.99176,53.21442
2025-05-28 21:13:02,0,0,27.99176,53.21442
2025-05-28 21:13:02,0,0,27.98882,52.68291
2025-05-28 21:13:02,0,0,27.98882,52.68291
2025-05-28 21:13:02,0,0,28.00353,52.76691
2025-05-28 21:13:02,0,0,28.00353,52.76691
2025-05-28 21:13:03,0,0,27.99471,52.87422
2025-05-28 21:13:03,0,0,27.99471,52.87422
2025-05-28 21:13:03,0,0,28.00353,53.0449
2025-05-28 21:13:03,0,0,28.00353,53.0449
2025-05-28 21:13:03,0,0,28.00941,53.12591
2025-05-28 21:13:03,0,0,28.00941,53.12591
2025-05-28 21:13:03,0,0,28.01235,52.64494
2025-05-28 21:13:03,0,0,28.01235,52.64494
2025-05-28 21:13:03,0,0,28.00941,52.78555
2025-05-28 21:13:03,0,0,28.00941,52.78555
2025-05-28 21:13:03,0,0,28.02118,52.94006
2025-05-28 21:13:03,0,0,28.02118,52.94006
2025-05-28 21:13:04,0,0,28.00353,53.05338
2025-05-28 21:13:04,0,0,28.00353,53.05338
2025-05-28 21:13:04,0,0,28.00353,53.11687
2025-05-28 21:13:04,0,0,28.00353,53.11687
2025-05-28 21:13:04,0,0,27.99765,52.57147
2025-05-28 21:13:04,0,0,27.99765,52.57147
2025-05-28 21:13:04,0,0,28.00941,52.67972
2025-05-28 21:13:04,0,0,28.00941,52.67972
2025-05-28 21:13:04,0,0,28.00059,52.96215
2025-05-28 21:13:04,0,0,28.00059,52.96215
2025-05-28 21:13:04,0,0,27.99471,52.94189
2025-05-28 21:13:04,0,0,27.99471,52.94189
2025-05-28 21:13:05,0,0,27.99765,53.08205
2025-05-28 21:13:05,0,0,27.99765,53.08205
2025-05-28 21:13:05,0,0,28.00941,53.16868
2025-05-28 21:13:05,0,0,28.00941,53.16868
2025-05-28 21:13:05,0,0,28.02118,52.66044
2025-05-28 21:13:05,0,0,28.02118,52.66044
2025-05-28 21:13:05,0,0,28.00353,52.98553
2025-05-28 21:13:05,0,0,28.00353,52.98553
2025-05-28 21:13:05,0,0,28.00647,52.96262
2025-05-28 21:13:05,0,0,28.00647,52.96262
2025-05-28 21:13:05,0,0,28.01235,53.099
2025-05-28 21:13:05,0,0,28.01235,53.099
2025-05-28 21:13:06,0,0,28.00353,53.19233
2025-05-28 21:13:06,0,0,28.00353,53.19233
2025-05-28 21:13:06,0,0,27.98588,52.63956
2025-05-28 21:13:06,0,0,27.98588,52.63956
2025-05-28 21:13:06,0,0,27.98882,53.02246
2025-05-28 21:13:06,0,0,27.98882,53.02246
2025-05-28 21:13:06,0,0,27.99176,53.01516
2025-05-28 21:13:06,0,0,27.99176,53.01516
2025-05-28 21:13:06,0,0,27.99471,53.10429
2025-05-28 21:13:06,0,0,27.99471,53.10429
2025-05-28 21:13:06,0,0,27.97706,53.16227
2025-05-28 21:13:06,0,0,27.97706,53.16227
2025-05-28 21:13:06,0,0,27.99176,52.62001
2025-05-28 21:13:06,0,0,27.99176,52.62001
2025-05-28 21:13:07,0,0,27.99176,52.9819
2025-05-28 21:13:07,0,0,27.99176,52.9819
2025-05-28 21:13:07,0,0,27.97706,52.94207
2025-05-28 21:13:07,0,0,27.97706,52.94207
2025-05-28 21:13:07,0,0,27.99176,53.20652
2025-05-28 21:13:07,0,0,27.99176,53.20652
2025-05-28 21:13:07,0,0,27.98294,53.13455
2025-05-28 21:13:07,0,0,27.98294,53.13455
2025-05-28 21:13:07,0,0,27.98,52.70792
2025-05-28 21:13:07,0,0,27.98,52.70792
2025-05-28 21:13:07,0,0,27.98588,52.92017
2025-05-28 21:13:07,0,0,27.98588,52.92017
2025-05-28 21:13:08,0,0,27.98882,52.96542
2025-05-28 21:13:08,0,0,27.98882,52.96542
2025-05-28 21:13:08,0,0,27.98,53.07948
2025-05-28 21:13:08,0,0,27.98,53.07948
2025-05-28 21:13:08,0,0,27.97706,52.70992
2025-05-28 21:13:08,0,0,27.97706,52.70992
2025-05-28 21:13:08,0,0,27.97412,52.74368
2025-05-28 21:13:08,0,0,27.97412,52.74368
2025-05-28 21:13:08,0,0,27.97412,52.86229
2025-05-28 21:13:08,0,0,27.97412,52.86229
2025-05-28 21:13:08,0,0,27.98,52.95845
2025-05-28 21:13:08,0,0,27.98,52.95845
2025-05-28 21:13:09,0,0,27.98294,53.04556
2025-05-28 21:13:09,0,0,27.98294,53.04556
2025-05-28 21:13:09,0,0,27.98588,52.83602
2025-05-28 21:13:09,0,0,27.98588,52.83602
2025-05-28 21:13:09,0,0,27.98588,52.66587
2025-05-28 21:13:09,0,0,27.98588,52.66587
2025-05-28 21:13:09,0,0,27.99471,52.79067
2025-05-28 21:13:09,0,0,27.99471,52.79067
2025-05-28 21:13:09,0,0,27.98294,52.84971
2025-05-28 21:13:09,0,0,27.98294,52.84971
2025-05-28 21:13:09,0,0,27.97412,52.97419
2025-05-28 21:13:09,0,0,27.97412,52.97419
2025-05-28 21:13:10,0,0,27.97706,52.54646
2025-05-28 21:13:10,0,0,27.97706,52.54646
2025-05-28 21:13:10,0,0,27.98588,52.70976
2025-05-28 21:13:10,0,0,27.98588,52.70976
2025-05-28 21:13:10,0,0,28.00647,52.74082
2025-05-28 21:13:10,0,0,28.00647,52.74082
2025-05-28 21:13:10,0,0,28.00647,52.90128
2025-05-28 21:13:10,0,0,28.00647,52.90128
2025-05-28 21:13:10,0,0,28.00353,52.98996
2025-05-28 21:13:10,0,0,28.00353,52.98996
2025-05-28 21:13:10,0,0,28.00647,52.5446
2025-05-28 21:13:10,0,0,28.00647,52.5446
2025-05-28 21:13:11,0,0,28.00059,52.77064
2025-05-28 21:13:11,0,0,28.00059,52.77064
2025-05-28 21:13:11,0,0,28.00941,52.93559
2025-05-28 21:13:11,0,0,28.00941,52.93559
2025-05-28 21:13:11,0,0,27.97412,52.94699
2025-05-28 21:13:11,0,0,27.97412,52.94699
2025-05-28 21:13:11,0,0,27.96824,52.43501
2025-05-28 21:13:11,0,0,27.96824,52.43501
2025-05-28 21:13:11,0,0,27.96824,52.60236
2025-05-28 21:13:11,0,0,27.96824,52.60236
2025-05-28 21:13:11,0,0,27.95941,52.63426
2025-05-28 21:13:11,0,0,27.95941,52.63426
2025-05-28 21:13:11,0,0,27.96235,52.80658
2025-05-28 21:13:11,0,0,27.96235,52.80658
2025-05-28 21:13:12,0,0,27.96529,52.92546
2025-05-28 21:13:12,0,0,27.96529,52.92546
2025-05-28 21:13:12,0,0,27.96529,52.45343
2025-05-28 21:13:12,0,0,27.96529,52.45343
2025-05-28 21:13:12,0,0,27.96235,52.67522
2025-05-28 21:13:12,0,0,27.96235,52.67522
2025-05-28 21:13:12,0,0,27.95647,52.63368
2025-05-28 21:13:12,0,0,27.95647,52.63368
2025-05-28 21:13:12,0,0,27.95059,52.763
2025-05-28 21:13:12,0,0,27.95059,52.763
2025-05-28 21:13:12,0,0,27.94471,52.39619
2025-05-28 21:13:12,0,0,27.94471,52.39619
2025-05-28 21:13:13,0,0,27.96235,52.43664
2025-05-28 21:13:13,0,0,27.96235,52.43664
2025-05-28 21:13:13,0,0,27.95059,52.47463
2025-05-28 21:13:13,0,0,27.95059,52.47463
2025-05-28 21:13:13,0,0,27.95059,52.59658
2025-05-28 21:13:13,0,0,27.95059,52.59658
2025-05-28 21:13:13,0,0,27.95941,52.68467
2025-05-28 21:13:13,0,0,27.95941,52.68467
2025-05-28 21:13:13,0,0,27.96235,52.63155
2025-05-28 21:13:13,0,0,27.96235,52.63155
2025-05-28 21:13:13,0,0,27.96529,52.37041
2025-05-28 21:13:13,0,0,27.96529,52.37041
2025-05-28 21:13:14,0,0,27.96824,52.4024
2025-05-28 21:13:14,0,0,27.96824,52.4024
2025-05-28 21:13:14,0,0,27.95647,52.5076
2025-05-28 21:13:14,0,0,27.95647,52.5076
2025-05-28 21:13:14,0,0,27.95941,52.64144
2025-05-28 21:13:14,0,0,27.95941,52.64144
2025-05-28 21:13:14,0,0,27.95353,52.73182
2025-05-28 21:13:14,0,0,27.95353,52.73182
2025-05-28 21:13:14,0,0,27.93294,52.34007
2025-05-28 21:13:14,0,0,27.93294,52.34007
2025-05-28 21:13:14,0,0,27.93588,52.49735
2025-05-28 21:13:14,0,0,27.93588,52.49735
2025-05-28 21:13:15,0,0,27.94471,52.71569
2025-05-28 21:13:15,0,0,27.94471,52.71569
2025-05-28 21:13:15,0,0,27.95353,52.65879
2025-05-28 21:13:15,0,0,27.95353,52.65879
2025-05-28 21:13:15,0,0,27.96824,52.71833
2025-05-28 21:13:15,0,0,27.96824,52.71833
2025-05-28 21:13:15,0,0,27.95353,52.28174
2025-05-28 21:13:15,0,0,27.95353,52.28174
2025-05-28 21:13:15,0,0,27.93,52.41813
2025-05-28 21:13:15,0,0,27.93,52.41813
2025-05-28 21:13:15,0,0,27.93,52.43544
2025-05-28 21:13:15,0,0,27.93,52.43544
2025-05-28 21:13:15,0,0,27.93882,52.59556
2025-05-28 21:13:15,0,0,27.93882,52.59556
2025-05-28 21:13:16,0,0,27.94176,52.66899
2025-05-28 21:13:16,0,0,27.94176,52.66899
2025-05-28 21:13:16,0,0,27.94765,52.56967
2025-05-28 21:13:16,0,0,27.94765,52.56967
2025-05-28 21:13:16,0,0,27.94176,52.31984
2025-05-28 21:13:16,0,0,27.94176,52.31984
2025-05-28 21:13:16,0,0,27.94176,52.4496
2025-05-28 21:13:16,0,0,27.94176,52.4496
2025-05-28 21:13:16,0,0,27.93588,52.49303
2025-05-28 21:13:16,0,0,27.93588,52.49303
2025-05-28 21:13:16,0,0,27.94176,52.28064
2025-05-28 21:13:16,0,0,27.94176,52.28064
2025-05-28 21:13:17,0,0,27.93294,52.86657
2025-05-28 21:13:17,0,0,27.93294,52.86657
2025-05-28 21:13:17,0,0,27.92412,52.47758
2025-05-28 21:13:17,0,0,27.92412,52.47758
2025-05-28 21:13:17,0,0,27.93882,52.40309
2025-05-28 21:13:17,0,0,27.93882,52.40309
2025-05-28 21:13:17,0,0,27.94765,52.49811
2025-05-28 21:13:17,0,0,27.94765,52.49811
2025-05-28 21:13:17,0,0,27.94471,52.58046
2025-05-28 21:13:17,0,0,27.94471,52.58046
2025-05-28 21:13:17,0,0,27.91529,52.66175
2025-05-28 21:13:17,0,0,27.91529,52.66175
2025-05-28 21:13:18,0,0,27.92706,52.77715
2025-05-28 21:13:18,0,0,27.92706,52.77715
2025-05-28 21:13:18,0,0,27.92706,52.26601
2025-05-28 21:13:18,0,0,27.92706,52.26601
2025-05-28 21:13:18,0,0,27.92706,52.53627
2025-05-28 21:13:18,0,0,27.92706,52.53627
2025-05-28 21:13:18,0,0,27.92412,52.46463
2025-05-28 21:13:18,0,0,27.92412,52.46463
2025-05-28 21:13:18,0,0,27.91529,52.60381
2025-05-28 21:13:18,0,0,27.91529,52.60381
2025-05-28 21:13:18,0,0,27.92706,52.71239
2025-05-28 21:13:18,0,0,27.92706,52.71239
2025-05-28 21:13:19,0,0,27.92118,52.27197
2025-05-28 21:13:19,0,0,27.92118,52.27197
2025-05-28 21:13:19,0,0,27.92412,52.45544
2025-05-28 21:13:19,0,0,27.92412,52.45544
2025-05-28 21:13:19,0,0,27.93294,52.45359
2025-05-28 21:13:19,0,0,27.93294,52.45359
2025-05-28 21:13:19,0,0,27.92118,52.70277
2025-05-28 21:13:19,0,0,27.92118,53.15143
2025-05-28 21:13:19,0,0,27.92118,52.70277
2025-05-28 21:13:19,0,0,27.92118,53.15143
2025-05-28 21:13:19,0,0,27.91529,52.64508
2025-05-28 21:13:19,0,0,27.91529,52.64508
2025-05-28 21:13:20,0,0,27.92706,52.10839
2025-05-28 21:13:20,0,0,27.92706,52.10839
2025-05-28 21:13:20,0,0,27.93,52.84293
2025-05-28 21:13:20,0,0,27.93,52.84293
2025-05-28 21:13:20,0,0,27.92412,52.97509
2025-05-28 21:13:20,0,0,27.92412,52.97509
2025-05-28 21:13:20,0,0,27.92706,53.00866
2025-05-28 21:13:20,0,0,27.92706,53.00866
2025-05-28 21:13:20,0,0,27.94176,52.368
2025-05-28 21:13:20,0,0,27.94176,52.368
2025-05-28 21:13:20,0,0,27.92706,52.58598
2025-05-28 21:13:20,0,0,27.92706,52.58598
2025-05-28 21:13:20,0,0,27.93,52.535
2025-05-28 21:13:20,0,0,27.93,52.535
2025-05-28 21:13:21,0,0,27.92412,52.67356
2025-05-28 21:13:21,0,0,27.92412,52.67356
2025-05-28 21:13:21,0,0,27.93,52.1947
2025-05-28 21:13:21,0,0,27.93,52.1947
2025-05-28 21:13:21,0,0,27.92412,52.28954
2025-05-28 21:13:21,0,0,27.92412,52.28954
2025-05-28 21:13:21,0,0,27.92706,52.56092
2025-05-28 21:13:21,0,0,27.92706,52.56092
2025-05-28 21:13:21,0,0,27.92412,52.52679
2025-05-28 21:13:21,0,0,27.92412,52.52679
2025-05-28 21:13:21,0,0,27.93588,52.7157
2025-05-28 21:13:21,0,0,27.93588,52.7157
2025-05-28 21:13:22,0,0,27.93882,52.83527
2025-05-28 21:13:22,0,0,27.93882,52.83527
2025-05-28 21:13:22,0,0,27.94765,52.36709
2025-05-28 21:13:22,0,0,27.94765,52.36709
2025-05-28 21:13:22,0,0,27.93,52.59491
2025-05-28 21:13:22,0,0,27.93,52.59491
2025-05-28 21:13:22,0,0,27.92706,52.594
2025-05-28 21:13:22,0,0,27.92706,52.594
2025-05-28 21:13:22,0,0,27.93294,52.73155
2025-05-28 21:13:22,0,0,27.93294,52.73155
2025-05-28 21:13:22,0,0,27.93294,52.82471
2025-05-28 21:13:22,0,0,27.93294,52.82471
2025-05-28 21:13:23,0,0,27.93,52.30257
2025-05-28 21:13:23,0,0,27.93,52.30257
2025-05-28 21:13:23,0,0,27.92412,52.52642
2025-05-28 21:13:23,0,0,27.92412,52.52642
2025-05-28 21:13:23,0,0,27.92412,52.47465
2025-05-28 21:13:23,0,0,27.92412,52.47465
2025-05-28 21:13:23,0,0,27.92118,52.64368
2025-05-28 21:13:23,0,0,27.92118,52.64368
2025-05-28 21:13:23,0,0,27.93294,52.70575
2025-05-28 21:13:23,0,0,27.93294,52.70575
2025-05-28 21:13:23,0,0,27.92118,52.53617
2025-05-28 21:13:23,0,0,27.92118,52.53617
2025-05-28 21:13:24,0,0,27.92118,52.4088
2025-05-28 21:13:24,0,0,27.92118,52.4088
2025-05-28 21:13:24,0,0,27.91824,52.49777
2025-05-28 21:13:24,0,0,27.91824,52.49777
2025-05-28 21:13:24,0,0,27.91824,52.53986
2025-05-28 21:13:24,0,0,27.91824,52.53986
2025-05-28 21:13:24,0,0,27.90647,52.63816
2025-05-28 21:13:24,0,0,27.90647,52.63816
2025-05-28 21:13:24,0,0,27.90059,52.76851
2025-05-28 21:13:24,0,0,27.90059,52.76851
2025-05-28 21:13:24,0,0,27.90647,52.28884
2025-05-28 21:13:24,0,0,27.90647,52.28884
2025-05-28 21:13:24,0,0,27.90647,52.4995
2025-05-28 21:13:24,0,0,27.90647,52.4995
2025-05-28 21:13:25,0,0,27.89765,52.50016
2025-05-28 21:13:25,0,0,27.89765,52.50016
2025-05-28 21:13:25,0,0,27.89177,52.67376
2025-05-28 21:13:25,0,0,27.89177,52.67376
2025-05-28 21:13:25,0,0,27.89471,52.74088
2025-05-28 21:13:25,0,0,27.89471,52.74088
2025-05-28 21:13:25,0,0,27.88882,52.78002
2025-05-28 21:13:25,0,0,27.88882,52.78002
2025-05-28 21:13:25,0,0,27.89177,52.37148
2025-05-28 21:13:25,0,0,27.89177,52.37148
2025-05-28 21:13:25,0,0,27.89471,52.55808
2025-05-28 21:13:25,0,0,27.89471,52.55808
2025-05-28 21:13:26,0,0,27.89765,52.55296
2025-05-28 21:13:26,0,0,27.89765,52.55296
2025-05-28 21:13:26,0,0,27.90647,52.67871
2025-05-28 21:13:26,0,0,27.90647,52.67871
2025-05-28 21:13:26,0,0,27.90647,52.75899
2025-05-28 21:13:26,0,0,27.90647,52.75899
2025-05-28 21:13:26,0,0,27.90941,52.55098
2025-05-28 21:13:26,0,0,27.90941,52.55098
2025-05-28 21:13:26,0,0,27.90059,52.42576
2025-05-28 21:13:26,0,0,27.90059,52.42576
2025-05-28 21:13:26,0,0,27.90941,52.81885
2025-05-28 21:13:26,0,0,27.90941,52.81885
2025-05-28 21:13:27,0,0,27.90059,52.55664
2025-05-28 21:13:27,0,0,27.90059,52.55664
2025-05-28 21:13:27,0,0,27.90647,52.66061
2025-05-28 21:13:27,0,0,27.90647,52.66061
2025-05-28 21:13:27,0,0,27.91235,52.79581
2025-05-28 21:13:27,0,0,27.91235,52.79581
2025-05-28 21:13:27,0,0,27.88882,52.32531
2025-05-28 21:13:27,0,0,27.88882,52.32531
2025-05-28 21:13:27,0,0,27.89471,52.52602
2025-05-28 21:13:27,0,0,27.89471,52.52602
2025-05-28 21:13:27,0,0,27.89471,52.49908
2025-05-28 21:13:27,0,0,27.89471,52.49908
2025-05-28 21:13:28,0,0,27.89471,52.63916
2025-05-28 21:13:28,0,0,27.89471,52.63916
2025-05-28 21:13:28,0,0,27.88588,52.14692
2025-05-28 21:13:28,0,0,27.88588,52.14692
2025-05-28 21:13:28,0,0,27.89177,52.2492
2025-05-28 21:13:28,0,0,27.89177,52.2492
2025-05-28 21:13:28,0,0,27.90353,52.4427
2025-05-28 21:13:28,0,0,27.90353,52.4427
2025-05-28 21:13:28,0,0,27.88588,52.3984
2025-05-28 21:13:28,0,0,27.88588,52.3984
2025-05-28 21:13:28,0,0,27.89765,52.53875
2025-05-28 21:13:28,0,0,27.89765,52.53875
2025-05-28 21:13:29,0,0,27.89471,52.59144
2025-05-28 21:13:29,0,0,27.89471,52.59144
2025-05-28 21:13:29,0,0,27.89765,52.37129
2025-05-28 21:13:29,0,0,27.89765,52.37129
2025-05-28 21:13:29,0,0,27.88882,52.29869
2025-05-28 21:13:29,0,0,27.88882,52.29869
2025-05-28 21:13:29,0,0,27.89765,52.62483
2025-05-28 21:13:29,0,0,27.89765,52.62483
2025-05-28 21:13:29,0,0,27.89177,52.47155
2025-05-28 21:13:29,0,0,27.89177,52.47155
2025-05-28 21:13:29,0,0,27.89177,52.65488
2025-05-28 21:13:29,0,0,27.89177,52.65488
2025-05-28 21:13:29,0,0,27.89765,52.70918
2025-05-28 21:13:30,0,0,27.91529,52.28572
2025-05-28 21:13:29,0,0,27.89765,52.70918
2025-05-28 21:13:30,0,0,27.91529,52.28572
2025-05-28 21:13:30,0,0,27.90353,52.37207
2025-05-28 21:13:30,0,0,27.90353,52.37207
2025-05-28 21:13:30,0,0,27.91235,52.39696
2025-05-28 21:13:30,0,0,27.91235,52.39696
2025-05-28 21:13:30,0,0,27.92118,52.54827
2025-05-28 21:13:30,0,0,27.92118,52.54827
2025-05-28 21:13:30,0,0,27.91529,52.00183
2025-05-28 21:13:30,0,0,27.91529,52.00183
2025-05-28 21:13:30,0,0,27.91824,52.32881
2025-05-28 21:13:30,0,0,27.91824,52.32881
2025-05-28 21:13:31,0,0,27.91235,52.39332
2025-05-28 21:13:31,0,0,27.91235,52.39332
2025-05-28 21:13:31,0,0,27.90647,52.40285
2025-05-28 21:13:31,0,0,27.90647,52.40285
2025-05-28 21:13:31,0,0,27.91529,52.51032
2025-05-28 21:13:31,0,0,27.91529,52.51032
2025-05-28 21:13:31,0,0,27.91235,52.57714
2025-05-28 21:13:31,0,0,27.91235,52.57714
2025-05-28 21:13:31,0,0,27.91529,52.42646
2025-05-28 21:13:31,0,0,27.91529,52.42646
2025-05-28 21:13:31,0,0,27.90353,52.27799
2025-05-28 21:13:31,0,0,27.90353,52.27799
2025-05-28 21:13:32,0,0,27.92118,52.43368
2025-05-28 21:13:32,0,0,27.92118,52.43368
2025-05-28 21:13:32,0,0,27.88882,52.49117
2025-05-28 21:13:32,0,0,27.88882,52.49117
2025-05-28 21:13:32,0,0,27.88882,52.57926
2025-05-28 21:13:32,0,0,27.88882,52.57926
2025-05-28 21:13:32,0,0,27.91235,52.65614
2025-05-28 21:13:32,0,0,27.91235,52.65614
2025-05-28 21:13:32,0,0,27.91824,52.38783
2025-05-28 21:13:32,0,0,27.91824,52.38783
2025-05-28 21:13:32,0,0,27.91529,52.33359
2025-05-28 21:13:32,0,0,27.91529,52.33359
2025-05-28 21:13:33,0,0,27.90059,52.37526
2025-05-28 21:13:33,0,0,27.90059,52.37526
2025-05-28 21:13:33,0,0,27.89765,52.43819
2025-05-28 21:13:33,0,0,27.89765,52.43819
2025-05-28 21:13:33,0,0,27.89765,52.50012
2025-05-28 21:13:33,0,0,27.89765,52.50012
2025-05-28 21:13:33,0,0,27.89765,52.61557
2025-05-28 21:13:33,0,0,27.89765,52.61557
2025-05-28 21:13:33,0,0,27.88882,52.18999
2025-05-28 21:13:33,0,0,27.88882,52.18999
2025-05-28 21:13:33,0,0,27.88588,52.33798
2025-05-28 21:13:33,0,0,27.88588,52.33798
2025-05-28 21:13:33,0,0,27.88294,52.32671
2025-05-28 21:13:33,0,0,27.88294,52.32671
2025-05-28 21:13:34,0,0,27.88588,52.45398
2025-05-28 21:13:34,0,0,27.88588,52.45398
2025-05-28 21:13:34,0,0,27.88294,52.49511
2025-05-28 21:13:34,0,0,27.88294,52.49511
2025-05-28 21:13:34,0,0,27.89177,52.18384
2025-05-28 21:13:34,0,0,27.89177,52.18384
2025-05-28 21:13:34,0,0,27.90647,52.44862
2025-05-28 21:13:34,0,0,27.90647,52.44862
2025-05-28 21:13:34,0,0,27.90353,52.73021
2025-05-28 21:13:34,0,0,27.90353,52.73021
2025-05-28 21:13:34,0,0,27.91235,52.9554
2025-05-28 21:13:34,0,0,27.91235,52.9554
2025-05-28 21:13:35,0,0,27.87118,51.63253
2025-05-28 21:13:35,0,0,27.87118,51.63253
2025-05-28 21:13:35,0,0,27.86235,52.68318
2025-05-28 21:13:35,0,0,27.86235,52.68318
2025-05-28 21:13:35,0,0,27.88588,52.86799
2025-05-28 21:13:35,0,0,27.88588,52.86799
2025-05-28 21:13:35,0,0,27.86823,52.85615
2025-05-28 21:13:35,0,0,27.86823,52.85615
2025-05-28 21:13:35,0,0,27.87412,52.9805
2025-05-28 21:13:35,0,0,27.87412,52.9805
2025-05-28 21:13:35,0,0,27.87706,52.72062
2025-05-28 21:13:35,0,0,27.87706,52.72062
2025-05-28 21:13:36,0,0,27.87706,52.8353
2025-05-28 21:13:36,0,0,27.87706,52.8353
2025-05-28 21:13:36,0,0,27.89765,53.04533
2025-05-28 21:13:36,0,0,27.89765,53.04533
2025-05-28 21:13:36,0,0,27.88882,53.136
2025-05-28 21:13:36,0,0,27.88882,53.136
2025-05-28 21:13:36,0,0,27.88882,53.16325
2025-05-28 21:13:36,0,0,27.88882,53.16325
2025-05-28 21:13:36,0,0,27.88882,52.7444
2025-05-28 21:13:36,0,0,27.88882,52.7444
2025-05-28 21:13:36,0,0,27.88588,53.10408
2025-05-28 21:13:36,0,0,27.88588,53.10408
2025-05-28 21:13:37,0,0,27.88,53.16248
2025-05-28 21:13:37,0,0,27.88,53.16248
2025-05-28 21:13:37,0,0,27.88882,53.29579
2025-05-28 21:13:37,0,0,27.88882,53.29579
2025-05-28 21:13:37,0,0,27.87412,53.16675
2025-05-28 21:13:37,0,0,27.87412,53.16675
2025-05-28 21:13:37,0,0,27.87412,53.07621
2025-05-28 21:13:37,0,0,27.87412,53.07621
2025-05-28 21:13:37,0,0,27.88,53.10625
2025-05-28 21:13:37,0,0,27.88,53.10625
2025-05-28 21:13:37,0,0,27.88294,52.97308
2025-05-28 21:13:37,0,0,27.88294,52.97308
2025-05-28 21:13:38,0,0,27.87706,53.0798
2025-05-28 21:13:38,0,0,27.87706,53.0798
2025-05-28 21:13:38,0,0,27.88882,53.05055
2025-05-28 21:13:38,0,0,27.88882,53.05055
2025-05-28 21:13:38,0,0,27.87706,53.38176
2025-05-28 21:13:38,0,0,27.87706,53.38176
2025-05-28 21:13:38,0,0,27.87118,52.79182
2025-05-28 21:13:38,0,0,27.87118,52.79182
2025-05-28 21:13:38,0,0,27.87412,52.62471
2025-05-28 21:13:38,0,0,27.87412,52.62471
2025-05-28 21:13:38,0,0,27.87706,53.11084
2025-05-28 21:13:38,0,0,27.87706,53.11084
2025-05-28 21:13:38,0,0,27.88,53.21685
2025-05-28 21:13:38,0,0,27.88,53.21685
2025-05-28 21:13:39,0,0,27.88588,53.20531
2025-05-28 21:13:39,0,0,27.88588,53.20531
2025-05-28 21:13:39,0,0,27.88294,53.1786
2025-05-28 21:13:39,0,0,27.88294,53.1786
2025-05-28 21:13:39,0,0,27.88294,53.17183
2025-05-28 21:13:39,0,0,27.88294,53.17183
2025-05-28 21:13:39,0,0,27.87412,53.20479
2025-05-28 21:13:39,0,0,27.87412,53.20479
2025-05-28 21:13:39,0,0,27.87706,53.24508
2025-05-28 21:13:39,0,0,27.87706,53.24508
2025-05-28 21:13:39,0,0,27.86529,52.94814
2025-05-28 21:13:39,0,0,27.86529,52.94814
2025-05-28 21:13:40,0,0,27.86235,53.10212
2025-05-28 21:13:40,0,0,27.86235,53.10212
2025-05-28 21:13:40,0,0,27.87706,53.09019
2025-05-28 21:13:40,0,0,27.87706,53.09019
2025-05-28 21:13:40,0,0,27.87706,53.14375
2025-05-28 21:13:40,0,0,27.87706,53.14375
2025-05-28 21:13:40,0,0,27.86823,53.16959
2025-05-28 21:13:40,0,0,27.86823,53.16959
2025-05-28 21:13:40,0,0,27.86235,53.19051
2025-05-28 21:13:40,0,0,27.86235,53.19051
2025-05-28 21:13:40,0,0,27.86823,52.84576
2025-05-28 21:13:40,0,0,27.86823,52.84576
2025-05-28 21:13:41,0,0,27.86235,52.75387
2025-05-28 21:13:41,0,0,27.86235,52.75387
2025-05-28 21:13:41,0,0,27.86823,52.95766
2025-05-28 21:13:41,0,0,27.86823,52.95766
2025-05-28 21:13:41,0,0,27.86529,53.08042
2025-05-28 21:13:41,0,0,27.86529,53.08042
2025-05-28 21:13:41,0,0,27.86235,53.14854
2025-05-28 21:13:41,0,0,27.86235,53.14854
2025-05-28 21:13:41,0,0,27.86235,53.16399
2025-05-28 21:13:41,0,0,27.86235,53.16399
2025-05-28 21:13:41,0,0,27.85647,53.00032
2025-05-28 21:13:41,0,0,27.85647,53.00032
2025-05-28 21:13:42,0,0,27.86235,53.14985
2025-05-28 21:13:42,0,0,27.86235,53.14985
2025-05-28 21:13:42,0,0,27.86235,53.0086
2025-05-28 21:13:42,0,0,27.86235,53.0086
2025-05-28 21:13:42,0,0,27.85059,53.06988
2025-05-28 21:13:42,0,0,27.85059,53.06988
2025-05-28 21:13:42,0,0,27.85647,53.09187
2025-05-28 21:13:42,0,0,27.85647,53.09187
2025-05-28 21:13:42,0,0,27.86823,53.18035
2025-05-28 21:13:42,0,0,27.86823,53.18035
2025-05-28 21:13:42,0,0,27.85647,52.69372
2025-05-28 21:13:42,0,0,27.85647,52.69372
2025-05-28 21:13:43,0,0,27.86529,52.8073
2025-05-28 21:13:43,0,0,27.86529,52.8073
2025-05-28 21:13:43,0,0,27.85647,52.96136
2025-05-28 21:13:43,0,0,27.85647,52.96136
2025-05-28 21:13:43,0,0,27.86235,53.30747
2025-05-28 21:13:43,0,0,27.86235,53.30747
2025-05-28 21:13:43,0,0,27.86823,53.07463
2025-05-28 21:13:43,0,0,27.86823,53.07463
2025-05-28 21:13:43,0,0,27.86235,53.08125
2025-05-28 21:13:43,0,0,27.86235,53.08125
2025-05-28 21:13:43,0,0,27.87412,52.66036
2025-05-28 21:13:43,0,0,27.87412,52.66036
2025-05-28 21:13:43,0,0,27.88588,52.95833
2025-05-28 21:13:43,0,0,27.88588,52.95833
2025-05-28 21:13:44,0,0,27.85647,52.97263
2025-05-28 21:13:44,0,0,27.85647,52.97263
2025-05-28 21:13:44,0,0,27.86235,53.03255
2025-05-28 21:13:44,0,0,27.86235,53.03255
2025-05-28 21:13:44,0,0,27.86529,53.1351
2025-05-28 21:13:44,0,0,27.86529,53.1351
2025-05-28 21:13:44,0,0,27.86235,52.60292
2025-05-28 21:13:44,0,0,27.86235,52.60292
2025-05-28 21:13:44,0,0,27.85647,52.82404
2025-05-28 21:13:44,0,0,27.85647,52.82404
2025-05-28 21:13:44,0,0,27.85647,52.85928
2025-05-28 21:13:44,0,0,27.85647,52.85928
2025-05-28 21:13:45,0,0,27.85647,53.0385
2025-05-28 21:13:45,0,0,27.85647,53.0385
2025-05-28 21:13:45,0,0,27.85647,52.63111
2025-05-28 21:13:45,0,0,27.85647,52.63111
2025-05-28 21:13:45,0,0,27.86235,52.72097
2025-05-28 21:13:45,0,0,27.86235,52.72097
2025-05-28 21:13:45,0,0,27.86529,52.78778
2025-05-28 21:13:45,0,0,27.86529,52.78778
2025-05-28 21:13:45,0,0,27.84765,52.87913
2025-05-28 21:13:45,0,0,27.84765,52.87913
2025-05-28 21:13:45,0,0,27.85059,53.00231
2025-05-28 21:13:45,0,0,27.85059,53.00231
2025-05-28 21:13:46,0,0,27.85059,52.47954
2025-05-28 21:13:46,0,0,27.85059,52.47954
2025-05-28 21:13:46,0,0,27.85647,52.60146
2025-05-28 21:13:46,0,0,27.85647,52.60146
2025-05-28 21:13:46,0,0,27.85353,52.65299
2025-05-28 21:13:46,0,0,27.85353,52.65299
2025-05-28 21:13:46,0,0,27.86235,52.80234
2025-05-28 21:13:46,0,0,27.86235,52.80234
2025-05-28 21:13:46,0,0,27.85059,52.9546
2025-05-28 21:13:46,0,0,27.85059,52.9546
2025-05-28 21:13:46,0,0,27.85059,52.43304
2025-05-28 21:13:46,0,0,27.85059,52.43304
2025-05-28 21:13:47,0,0,27.85059,52.67656
2025-05-28 21:13:47,0,0,27.85059,52.67656
2025-05-28 21:13:47,0,0,27.85059,52.70126
2025-05-28 21:13:47,0,0,27.85353,52.90539
2025-05-28 21:13:47,0,0,27.85059,52.70126
2025-05-28 21:13:47,0,0,27.85353,52.90539
2025-05-28 21:13:47,0,0,27.85941,52.97697
2025-05-28 21:13:47,0,0,27.85941,52.97697
2025-05-28 21:13:47,0,0,27.85059,52.44558
2025-05-28 21:13:47,0,0,27.85059,52.44558
2025-05-28 21:13:47,0,0,27.83588,52.68566
2025-05-28 21:13:47,0,0,27.83588,52.68566
2025-05-28 21:13:47,0,0,27.85647,52.6349
2025-05-28 21:13:47,0,0,27.85647,52.6349
2025-05-28 21:13:48,0,0,27.84176,52.77914
2025-05-28 21:13:48,0,0,27.84176,52.77914
2025-05-28 21:13:48,0,0,27.84471,52.89541
2025-05-28 21:13:48,0,0,27.84471,52.89541
2025-05-28 21:13:48,0,0,27.85941,52.44508
2025-05-28 21:13:48,0,0,27.85941,52.44508
2025-05-28 21:13:48,0,0,27.85059,52.69629
2025-05-28 21:13:48,0,0,27.85059,52.69629
2025-05-28 21:13:48,0,0,27.85647,52.67952
2025-05-28 21:13:48,0,0,27.85647,52.67952
2025-05-28 21:13:48,0,0,27.86529,52.83688
2025-05-28 21:13:48,0,0,27.86529,52.83688
2025-05-28 21:13:49,0,0,27.85647,53.04659
2025-05-28 21:13:49,0,0,27.85647,53.04659
2025-05-28 21:13:49,0,0,27.86235,52.38756
2025-05-28 21:13:49,0,0,27.86235,52.38756
2025-05-28 21:13:49,0,0,27.85059,52.58495
2025-05-28 21:13:49,0,0,27.85059,52.58495
2025-05-28 21:13:49,0,0,27.85941,53.00941
2025-05-28 21:13:49,0,0,27.85941,53.00941
2025-05-28 21:13:49,0,0,27.86235,52.79246
2025-05-28 21:13:49,0,0,27.86235,52.79246
2025-05-28 21:13:49,0,0,27.86529,52.91193
2025-05-28 21:13:49,0,0,27.86529,52.91193
2025-05-28 21:13:50,0,0,27.85059,52.88379
2025-05-28 21:13:50,0,0,27.85059,52.88379
2025-05-28 21:13:50,0,0,27.86235,52.51154
2025-05-28 21:13:50,0,0,27.86235,52.51154
2025-05-28 21:13:50,0,0,27.85941,52.63449
2025-05-28 21:13:50,0,0,27.85941,52.63449
2025-05-28 21:13:50,0,0,27.85647,52.61778
2025-05-28 21:13:50,0,0,27.85647,52.61778
2025-05-28 21:13:50,0,0,27.85941,52.76169
2025-05-28 21:13:50,0,0,27.85941,52.76169
2025-05-28 21:13:50,0,0,27.86235,52.32076
2025-05-28 21:13:50,0,0,27.86235,52.32076
2025-05-28 21:13:51,0,0,27.86823,52.46319
2025-05-28 21:13:51,0,0,27.86823,52.46319
2025-05-28 21:13:51,0,0,27.86235,52.68964
2025-05-28 21:13:51,0,0,27.86235,52.68964
2025-05-28 21:13:51,0,0,27.85647,52.69586
2025-05-28 21:13:51,0,0,27.85647,52.69586
2025-05-28 21:13:51,0,0,27.85941,52.77778
2025-05-28 21:13:51,0,0,27.85941,52.77778
2025-05-28 21:13:51,0,0,27.86235,53.02711
2025-05-28 21:13:51,0,0,27.85941,52.53186
2025-05-28 21:13:51,0,0,27.86235,53.02711
2025-05-28 21:13:51,0,0,27.85941,52.53186
2025-05-28 21:13:52,0,0,27.85941,52.77739
2025-05-28 21:13:52,0,0,27.85941,52.77739
2025-05-28 21:13:52,0,0,27.85941,52.7386
2025-05-28 21:13:52,0,0,27.85941,52.7386
2025-05-28 21:13:52,0,0,27.85647,52.87045
2025-05-28 21:13:52,0,0,27.85647,52.87045
2025-05-28 21:13:52,0,0,27.85941,52.8912
2025-05-28 21:13:52,0,0,27.85941,52.8912
2025-05-28 21:13:52,0,0,27.86235,52.36297
2025-05-28 21:13:52,0,0,27.86235,52.36297
2025-05-28 21:13:52,0,0,27.85059,52.85472
2025-05-28 21:13:52,0,0,27.85059,52.85472
2025-05-28 21:13:52,0,0,27.86235,52.64029
2025-05-28 21:13:52,0,0,27.86235,52.64029
2025-05-28 21:13:53,0,0,27.85647,52.89497
2025-05-28 21:13:53,0,0,27.85647,52.89497
2025-05-28 21:13:53,0,0,27.85353,52.97443
2025-05-28 21:13:53,0,0,27.85353,52.97443
2025-05-28 21:13:53,0,0,27.85941,52.80473
2025-05-28 21:13:53,0,0,27.85941,52.80473
2025-05-28 21:13:53,0,0,27.86529,52.58662
2025-05-28 21:13:53,0,0,27.86529,52.58662
2025-05-28 21:13:53,0,0,27.86529,52.75061
2025-05-28 21:13:53,0,0,27.86529,52.75061
2025-05-28 21:13:53,0,0,27.85941,52.75121
2025-05-28 21:13:54,0,0,27.85059,52.66242
2025-05-28 21:13:53,0,0,27.85941,52.75121
2025-05-28 21:13:54,0,0,27.86529,52.68109
2025-05-28 21:13:54,0,0,27.85059,52.66242
2025-05-28 21:13:54,0,0,27.85941,52.4996
2025-05-28 21:13:54,0,0,27.86529,52.68109
2025-05-28 21:13:54,0,0,27.85941,52.69209
2025-05-28 21:13:54,0,0,27.85941,52.4996
2025-05-28 21:13:54,0,0,27.86235,52.7619
2025-05-28 21:13:54,0,0,27.85941,52.69209
2025-05-28 21:13:54,0,0,27.85059,52.89185
2025-05-28 21:13:54,0,0,27.86235,52.7619
2025-05-28 21:13:55,0,0,27.86529,53.00114
2025-05-28 21:13:54,0,0,27.85059,52.89185
2025-05-28 21:13:55,0,0,27.85941,52.42549
2025-05-28 21:13:55,0,0,27.86529,53.00114
2025-05-28 21:13:55,0,0,27.85941,52.42549
2025-05-28 21:13:55,0,0,27.86529,52.80112
2025-05-28 21:13:55,0,0,27.86529,52.80112
2025-05-28 21:13:55,0,0,27.86823,52.68581
2025-05-28 21:13:55,0,0,27.86823,52.68581
2025-05-28 21:13:55,0,0,27.86235,52.78941
2025-05-28 21:13:55,0,0,27.86235,52.78941
2025-05-28 21:13:55,0,0,27.85941,52.92535
2025-05-28 21:13:55,0,0,27.85941,52.92535
2025-05-28 21:13:56,0,0,27.84471,52.69091
2025-05-28 21:13:56,0,0,27.84471,52.69091
2025-05-28 21:13:56,0,0,27.87118,52.59669
2025-05-28 21:13:56,0,0,27.87118,52.59669
2025-05-28 21:13:56,0,0,27.86235,52.63995
2025-05-28 21:13:56,0,0,27.86235,52.63995
2025-05-28 21:13:56,0,0,27.86235,52.79848
2025-05-28 21:13:56,0,0,27.86235,52.79848
2025-05-28 21:13:56,0,0,27.86235,52.90718
2025-05-28 21:13:56,0,0,27.86235,52.90718
2025-05-28 21:13:56,0,0,27.84765,52.93768
2025-05-28 21:13:56,0,0,27.84765,52.93768
2025-05-28 21:13:56,0,0,27.84176,52.50819
2025-05-28 21:13:56,0,0,27.84176,52.50819
2025-05-28 21:13:57,0,0,27.84765,52.7299
2025-05-28 21:13:57,0,0,27.84765,52.7299
2025-05-28 21:13:57,0,0,27.84176,52.69819
2025-05-28 21:13:57,0,0,27.84176,52.69819
2025-05-28 21:13:57,0,0,27.85353,52.8558
2025-05-28 21:13:57,0,0,27.85647,52.90094
2025-05-28 21:13:57,0,0,27.85353,52.8558
2025-05-28 21:13:57,0,0,27.85647,52.90094
2025-05-28 21:13:57,0,0,27.84471,52.39902
2025-05-28 21:13:57,0,0,27.84471,52.39902
2025-05-28 21:13:57,0,0,27.85353,52.59901
2025-05-28 21:13:57,0,0,27.85353,52.59901
2025-05-28 21:13:58,0,0,27.84176,52.60042
2025-05-28 21:13:58,0,0,27.84176,52.76723
2025-05-28 21:13:58,0,0,27.84176,52.60042
2025-05-28 21:13:58,0,0,27.84176,52.76723
2025-05-28 21:13:58,0,0,27.84471,52.81887
2025-05-28 21:13:58,0,0,27.84471,52.81887
2025-05-28 21:13:58,0,0,27.85353,52.62924
2025-05-28 21:13:58,0,0,27.85353,52.62924
2025-05-28 21:13:58,0,0,27.85059,52.46063
2025-05-28 21:13:58,0,0,27.85647,52.55309
2025-05-28 21:13:58,0,0,27.85059,52.46063
2025-05-28 21:13:58,0,0,27.85647,52.55309
2025-05-28 21:13:59,0,0,27.85353,52.5886
2025-05-28 21:13:59,0,0,27.85353,52.5886
2025-05-28 21:13:59,0,0,27.84471,52.72282
2025-05-28 21:13:59,0,0,27.84471,52.72282
2025-05-28 21:13:59,0,0,27.85059,52.80843
2025-05-28 21:13:59,0,0,27.85059,52.80843
2025-05-28 21:13:59,0,0,27.85059,52.34852
2025-05-28 21:13:59,0,0,27.85059,52.34852
2025-05-28 21:13:59,0,0,27.83882,52.57926
2025-05-28 21:13:59,0,0,27.83882,52.57926
2025-05-28 21:13:59,0,0,27.84765,52.56202
2025-05-28 21:13:59,0,0,27.84765,52.56202
2025-05-28 21:14:00,0,0,27.85353,52.67647
2025-05-28 21:14:00,0,0,27.85353,52.67647
2025-05-28 21:14:00,0,0,27.85353,52.80061
2025-05-28 21:14:00,0,0,27.85353,52.80061
2025-05-28 21:14:00,0,0,27.86235,52.3796
2025-05-28 21:14:00,0,0,27.86235,52.3796
2025-05-28 21:14:00,0,0,27.86235,52.58092
2025-05-28 21:14:00,0,0,27.86235,52.58092
2025-05-28 21:14:00,0,0,27.85941,52.57223
2025-05-28 21:14:00,0,0,27.85941,52.57223
2025-05-28 21:14:00,0,0,27.86235,52.70049
2025-05-28 21:14:00,0,0,27.86235,52.70049
2025-05-28 21:14:01,0,0,27.85353,52.08801
2025-05-28 21:14:01,0,0,27.85353,52.08801
2025-05-28 21:14:01,0,0,27.85647,52.34365
2025-05-28 21:14:01,0,0,27.85647,52.34365
2025-05-28 21:14:01,0,0,27.85941,52.48018
2025-05-28 21:14:01,0,0,27.85941,52.48018
2025-05-28 21:14:01,0,0,27.85647,52.51
2025-05-28 21:14:01,0,0,27.85647,52.51
2025-05-28 21:14:01,0,0,27.86235,52.67146
2025-05-28 21:14:01,0,0,27.86235,52.67146
2025-05-28 21:14:01,0,0,27.86235,52.75896
2025-05-28 21:14:01,0,0,27.86235,52.75896
2025-05-28 21:14:01,0,0,27.86235,52.89017
2025-05-28 21:14:01,0,0,27.86235,52.89017
2025-05-28 21:14:02,0,0,27.86529,52.3983
2025-05-28 21:14:02,0,0,27.86529,52.3983
2025-05-28 21:14:02,0,0,27.85941,52.64375
2025-05-28 21:14:02,0,0,27.85941,52.64375
2025-05-28 21:14:02,0,0,27.85353,52.6117
2025-05-28 21:14:02,0,0,27.85353,52.6117
2025-05-28 21:14:02,0,0,27.86529,52.81118
2025-05-28 21:14:02,0,0,27.86529,52.81118
2025-05-28 21:14:02,0,0,27.85941,53.05365
2025-05-28 21:14:02,0,0,27.85941,53.05365
2025-05-28 21:14:02,0,0,27.85059,52.56112
2025-05-28 21:14:03,0,0,27.85647,52.87906
2025-05-28 21:14:02,0,0,27.85059,52.56112
2025-05-28 21:14:03,0,0,27.85647,52.87906
2025-05-28 21:14:03,0,0,27.86235,52.80832
2025-05-28 21:14:03,0,0,27.86235,52.80832
2025-05-28 21:14:03,0,0,27.85941,52.97276
2025-05-28 21:14:03,0,0,27.85941,52.97276
2025-05-28 21:14:03,0,0,27.85353,52.85507
2025-05-28 21:14:03,0,0,27.85353,52.85507
2025-05-28 21:14:03,0,0,27.86823,52.56311
2025-05-28 21:14:03,0,0,27.86823,52.56311
2025-05-28 21:14:03,0,0,27.85353,52.77691
2025-05-28 21:14:03,0,0,27.85353,52.77691
2025-05-28 21:14:04,0,0,27.85941,52.79629
2025-05-28 21:14:04,0,0,27.85941,52.79629
2025-05-28 21:14:04,0,0,27.85353,52.90569
2025-05-28 21:14:04,0,0,27.85353,52.90569
2025-05-28 21:14:04,0,0,27.85059,52.42995
2025-05-28 21:14:04,0,0,27.85059,52.42995
2025-05-28 21:14:04,0,0,27.84471,52.54928
2025-05-28 21:14:04,0,0,27.84471,52.54928
2025-05-28 21:14:04,0,0,27.85941,52.62713
2025-05-28 21:14:04,0,0,27.85941,52.62713
2025-05-28 21:14:04,0,0,27.85059,52.77209
2025-05-28 21:14:04,0,0,27.85059,52.77209
2025-05-28 21:14:05,0,0,27.85647,52.8936
2025-05-28 21:14:05,0,0,27.85647,52.8936
2025-05-28 21:14:05,0,0,27.86823,52.39479
2025-05-28 21:14:05,0,0,27.86823,52.39479
2025-05-28 21:14:05,0,0,27.85941,52.61865
2025-05-28 21:14:05,0,0,27.85941,52.61865
2025-05-28 21:14:05,0,0,27.86529,52.60953
2025-05-28 21:14:05,0,0,27.85941,52.75837
2025-05-28 21:14:05,0,0,27.86529,52.60953
2025-05-28 21:14:05,0,0,27.86235,52.59262
2025-05-28 21:14:05,0,0,27.87412,52.47136
2025-05-28 21:14:05,0,0,27.85941,52.75837
2025-05-28 21:14:06,0,0,27.86235,52.64955
2025-05-28 21:14:05,0,0,27.86235,52.59262
2025-05-28 21:14:05,0,0,27.87412,52.47136
2025-05-28 21:14:06,0,0,27.86235,52.64955
2025-05-28 21:14:06,0,0,27.87412,52.67871
2025-05-28 21:14:06,0,0,27.87412,52.67871
2025-05-28 21:14:06,0,0,27.87118,52.81021
2025-05-28 21:14:06,0,0,27.87118,52.81021
2025-05-28 21:14:06,0,0,27.87412,52.34872
2025-05-28 21:14:06,0,0,27.87412,52.34872
2025-05-28 21:14:06,0,0,27.87412,52.49862
2025-05-28 21:14:06,0,0,27.87412,52.49862
2025-05-28 21:14:06,0,0,27.87706,52.5334
2025-05-28 21:14:06,0,0,27.87706,52.5334
2025-05-28 21:14:07,0,0,27.88882,52.7764
2025-05-28 21:14:07,0,0,27.88882,52.7764
2025-05-28 21:14:07,0,0,27.88294,52.87584
2025-05-28 21:14:07,0,0,27.88294,52.87584
2025-05-28 21:14:07,0,0,27.88588,52.38087
2025-05-28 21:14:07,0,0,27.88588,52.38087
2025-05-28 21:14:07,0,0,27.89177,52.49857
2025-05-28 21:14:07,0,0,27.89177,52.49857
2025-05-28 21:14:07,0,0,27.89471,52.5791
2025-05-28 21:14:07,0,0,27.89471,52.5791
2025-05-28 21:14:07,0,0,27.88294,52.70507
2025-05-28 21:14:07,0,0,27.88294,52.70507
2025-05-28 21:14:08,0,0,27.89177,52.08361
2025-05-28 21:14:08,0,0,27.89177,52.08361
2025-05-28 21:14:08,0,0,27.88882,52.9248
2025-05-28 21:14:08,0,0,27.88882,52.9248
2025-05-28 21:14:08,0,0,27.90353,52.38984
2025-05-28 21:14:08,0,0,27.90353,52.38984
2025-05-28 21:14:08,0,0,27.90059,52.62453
2025-05-28 21:14:08,0,0,27.90059,52.62453
2025-05-28 21:14:08,0,0,27.88588,52.56896
2025-05-28 21:14:08,0,0,27.88588,52.56896
2025-05-28 21:14:08,0,0,27.88882,52.77388
2025-05-28 21:14:08,0,0,27.88882,52.77388
2025-05-28 21:14:09,0,0,27.88588,52.88511
2025-05-28 21:14:09,0,0,27.88588,52.88511
2025-05-28 21:14:09,0,0,27.88294,52.3869
2025-05-28 21:14:09,0,0,27.88294,52.3869
2025-05-28 21:14:09,0,0,27.88882,52.55088
2025-05-28 21:14:09,0,0,27.88882,52.55088
2025-05-28 21:14:09,0,0,27.88882,52.74269
2025-05-28 21:14:09,0,0,27.88882,52.74269
2025-05-28 21:14:09,0,0,27.88588,52.9354
2025-05-28 21:14:09,0,0,27.88588,52.9354
2025-05-28 21:14:09,0,0,27.89765,53.06574
2025-05-28 21:14:09,0,0,27.89765,53.06574
2025-05-28 21:14:10,0,0,27.90059,52.63344
2025-05-28 21:14:10,0,0,27.90059,52.63344
2025-05-28 21:14:10,0,0,27.88294,52.72502
2025-05-28 21:14:10,0,0,27.88294,52.72502
2025-05-28 21:14:10,0,0,27.88882,52.73238
2025-05-28 21:14:10,0,0,27.88882,52.73238
2025-05-28 21:14:10,0,0,27.89765,52.91523
2025-05-28 21:14:10,0,0,27.89765,52.91523
2025-05-28 21:14:10,0,0,27.88882,52.99735
2025-05-28 21:14:10,0,0,27.88882,52.99735
2025-05-28 21:14:10,0,0,27.88882,52.43993
2025-05-28 21:14:10,0,0,27.88882,52.43993
2025-05-28 21:14:10,0,0,27.90353,52.70288
2025-05-28 21:14:10,0,0,27.90353,52.70288
2025-05-28 21:14:11,0,0,27.90059,52.6535
2025-05-28 21:14:11,0,0,27.90059,52.6535
2025-05-28 21:14:11,0,0,27.90647,52.83615
2025-05-28 21:14:11,0,0,27.90647,52.83615
2025-05-28 21:14:11,0,0,27.90353,52.96406
2025-05-28 21:14:11,0,0,27.90353,52.96406
2025-05-28 21:14:11,0,0,27.90353,52.43831
2025-05-28 21:14:11,0,0,27.90353,52.43831
2025-05-28 21:14:11,0,0,27.89765,52.67034
2025-05-28 21:14:11,0,0,27.89765,52.67034
2025-05-28 21:14:11,0,0,27.90353,52.61681
2025-05-28 21:14:11,0,0,27.90353,52.61681
2025-05-28 21:14:12,0,0,27.90059,52.77538
2025-05-28 21:14:12,0,0,27.90059,52.77538
2025-05-28 21:14:12,0,0,27.90353,52.55906
2025-05-28 21:14:12,0,0,27.90353,52.55906
2025-05-28 21:14:12,0,0,27.89471,52.47057
2025-05-28 21:14:12,0,0,27.89471,52.47057
2025-05-28 21:14:12,0,0,27.90059,52.59433
2025-05-28 21:14:12,0,0,27.90059,52.59433
2025-05-28 21:14:12,0,0,27.89765,52.63532
2025-05-28 21:14:12,0,0,27.89765,52.63532
2025-05-28 21:14:12,0,0,27.90353,52.73003
2025-05-28 21:14:12,0,0,27.90353,52.73003
2025-05-28 21:14:13,0,0,27.89177,52.31905
2025-05-28 21:14:13,0,0,27.89177,52.31905
2025-05-28 21:14:13,0,0,27.90059,52.48143
2025-05-28 21:14:13,0,0,27.90059,52.48143
2025-05-28 21:14:13,0,0,27.90647,52.49312
2025-05-28 21:14:13,0,0,27.89765,52.63456
2025-05-28 21:14:13,0,0,27.90647,52.49312
2025-05-28 21:14:13,0,0,27.89765,52.63456
2025-05-28 21:14:13,0,0,27.89765,52.73534
2025-05-28 21:14:13,0,0,27.89765,52.73534
2025-05-28 21:14:13,0,0,27.89471,52.28936
2025-05-28 21:14:13,0,0,27.89471,52.28936
2025-05-28 21:14:14,0,0,27.90353,52.44778
2025-05-28 21:14:14,0,0,27.90353,52.44778
2025-05-28 21:14:14,0,0,27.88882,52.42003
2025-05-28 21:14:14,0,0,27.89177,52.77258
2025-05-28 21:14:14,0,0,27.88882,52.42003
2025-05-28 21:14:14,0,0,27.89177,52.77258
2025-05-28 21:14:14,0,0,27.88,52.66043
2025-05-28 21:14:14,0,0,27.88,52.66043
2025-05-28 21:14:14,0,0,27.88,52.40104
2025-05-28 21:14:14,0,0,27.88,52.40104
2025-05-28 21:14:14,0,0,27.87412,52.36815
2025-05-28 21:14:14,0,0,27.87412,52.36815
2025-05-28 21:14:14,0,0,27.88,52.43463
2025-05-28 21:14:14,0,0,27.88,52.43463
2025-05-28 21:14:15,0,0,27.87706,52.5241
2025-05-28 21:14:15,0,0,27.87706,52.5241
2025-05-28 21:14:15,0,0,27.85353,52.62639
2025-05-28 21:14:15,0,0,27.85353,52.62639
2025-05-28 21:14:15,0,0,27.86529,52.37555
2025-05-28 21:14:15,0,0,27.86529,52.37555
2025-05-28 21:14:15,0,0,27.88294,52.43486
2025-05-28 21:14:15,0,0,27.88294,52.43486
2025-05-28 21:14:15,0,0,27.87706,52.43235
2025-05-28 21:14:15,0,0,27.87706,52.43235
2025-05-28 21:14:15,0,0,27.88,52.53133
2025-05-28 21:14:16,0,0,27.88588,52.60317
2025-05-28 21:14:15,0,0,27.88,52.53133
2025-05-28 21:14:16,0,0,27.89471,52.67949
2025-05-28 21:14:16,0,0,27.88588,52.60317
2025-05-28 21:14:16,0,0,27.89471,52.67949
2025-05-28 21:14:16,0,0,27.88,52.24085
2025-05-28 21:14:16,0,0,27.88,52.24085
2025-05-28 21:14:16,0,0,27.87706,52.37468
2025-05-28 21:14:16,0,0,27.87706,52.37468
2025-05-28 21:14:16,0,0,27.88294,52.35396
2025-05-28 21:14:16,0,0,27.88294,52.35396
2025-05-28 21:14:16,0,0,27.88882,52.73895
2025-05-28 21:14:16,0,0,27.88882,52.73895
2025-05-28 21:14:17,0,0,27.88882,52.67736
2025-05-28 21:14:17,0,0,27.88882,52.67736
2025-05-28 21:14:17,0,0,27.87412,52.82898
2025-05-28 21:14:17,0,0,27.87412,52.82898
2025-05-28 21:14:17,0,0,27.88294,52.31488
2025-05-28 21:14:17,0,0,27.88294,52.31488
2025-05-28 21:14:17,0,0,27.87412,52.74828
2025-05-28 21:14:17,0,0,27.87412,52.74828
2025-05-28 21:14:17,0,0,27.88882,52.48965
2025-05-28 21:14:17,0,0,27.88882,52.48965
2025-05-28 21:14:17,0,0,27.89177,52.63573
2025-05-28 21:14:17,0,0,27.89177,52.63573
2025-05-28 21:14:18,0,0,27.89765,52.78524
2025-05-28 21:14:18,0,0,27.89765,52.78524
2025-05-28 21:14:18,0,0,27.88882,52.73342
2025-05-28 21:14:18,0,0,27.88882,52.73342
2025-05-28 21:14:18,0,0,27.88294,52.74125
2025-05-28 21:14:18,0,0,27.88294,52.74125
2025-05-28 21:14:18,0,0,27.89471,52.69949
2025-05-28 21:14:18,0,0,27.89471,52.69949
2025-05-28 21:14:18,0,0,27.89765,52.83067
2025-05-28 21:14:18,0,0,27.89765,52.83067
2025-05-28 21:14:18,0,0,27.89765,52.922
2025-05-28 21:14:18,0,0,27.89765,52.922
2025-05-28 21:14:19,0,0,27.90059,52.42734
2025-05-28 21:14:19,0,0,27.90059,52.42734
2025-05-28 21:14:19,0,0,27.88588,52.63568
2025-05-28 21:14:19,0,0,27.88588,52.63568
2025-05-28 21:14:19,0,0,27.89765,52.62177
2025-05-28 21:14:19,0,0,27.89765,52.62177
2025-05-28 21:14:19,0,0,27.89177,52.76384
2025-05-28 21:14:19,0,0,27.89177,52.76384
2025-05-28 21:14:19,0,0,27.90059,52.87858
2025-05-28 21:14:19,0,0,27.90059,52.87858
2025-05-28 21:14:19,0,0,27.89765,52.36428
2025-05-28 21:14:19,0,0,27.89765,52.36428
2025-05-28 21:14:19,0,0,27.88882,52.61369
2025-05-28 21:14:19,0,0,27.88882,52.61369
2025-05-28 21:14:20,0,0,27.89177,52.5768
2025-05-28 21:14:20,0,0,27.89177,52.5768
2025-05-28 21:14:20,0,0,27.88588,52.73816
2025-05-28 21:14:20,0,0,27.88588,52.73816
2025-05-28 21:14:20,0,0,27.87412,52.8249
2025-05-28 21:14:20,0,0,27.87412,52.8249
2025-05-28 21:14:20,0,0,27.88588,52.33978
2025-05-28 21:14:20,0,0,27.88588,52.33978
2025-05-28 21:14:20,0,0,27.89177,52.60942
2025-05-28 21:14:20,0,0,27.89177,52.60942
2025-05-28 21:14:20,0,0,27.89471,52.55978
2025-05-28 21:14:20,0,0,27.89471,52.55978
2025-05-28 21:14:21,0,0,27.89177,52.67155
2025-05-28 21:14:21,0,0,27.89177,52.67155
2025-05-28 21:14:21,0,0,27.88882,52.48494
2025-05-28 21:14:21,0,0,27.88882,52.48494
2025-05-28 21:14:21,0,0,27.87706,52.38595
2025-05-28 21:14:21,0,0,27.87706,52.38595
2025-05-28 21:14:21,0,0,27.88588,52.53169
2025-05-28 21:14:21,0,0,27.88588,52.53169
2025-05-28 21:14:21,0,0,27.89471,52.67595
2025-05-28 21:14:21,0,0,27.89471,52.67595
2025-05-28 21:14:21,0,0,27.88294,52.73436
2025-05-28 21:14:21,0,0,27.88294,52.73436
2025-05-28 21:14:22,0,0,27.88882,52.43078
2025-05-28 21:14:22,0,0,27.88882,52.43078
2025-05-28 21:14:22,0,0,27.88882,52.32256
2025-05-28 21:14:22,0,0,27.88882,52.32256
2025-05-28 21:14:22,0,0,27.90647,52.35565
2025-05-28 21:14:22,0,0,27.90647,52.35565
2025-05-28 21:14:22,0,0,27.89177,52.4486
2025-05-28 21:14:22,0,0,27.89177,52.4486
2025-05-28 21:14:22,0,0,27.88882,52.5042
2025-05-28 21:14:22,0,0,27.88882,52.5042
2025-05-28 21:14:22,0,0,27.88588,52.61078
2025-05-28 21:14:22,0,0,27.88588,52.61078
2025-05-28 21:14:23,0,0,27.89177,52.2242
2025-05-28 21:14:23,0,0,27.89177,52.2242
2025-05-28 21:14:23,0,0,27.90353,52.41487
2025-05-28 21:14:23,0,0,27.90353,52.41487
2025-05-28 21:14:23,0,0,27.88588,52.54423
2025-05-28 21:14:23,0,0,27.88588,52.54423
2025-05-28 21:14:23,0,0,27.90353,52.76366
2025-05-28 21:14:23,0,0,27.90353,52.76366
2025-05-28 21:14:23,0,0,27.90353,52.50401
2025-05-28 21:14:23,0,0,27.90353,52.50401
2025-05-28 21:14:23,0,0,27.88588,52.3842
2025-05-28 21:14:23,0,0,27.88588,52.3842
2025-05-28 21:14:23,0,0,27.89177,52.42835
2025-05-28 21:14:23,0,0,27.89177,52.42835
2025-05-28 21:14:24,0,0,27.89177,52.49977
2025-05-28 21:14:24,0,0,27.89177,52.49977
2025-05-28 21:14:24,0,0,27.90059,52.71607
2025-05-28 21:14:24,0,0,27.90059,52.71607
2025-05-28 21:14:24,0,0,27.88882,52.29144
2025-05-28 21:14:24,0,0,27.88882,52.29144
2025-05-28 21:14:24,0,0,27.88294,52.35577
2025-05-28 21:14:24,0,0,27.88294,52.35577
2025-05-28 21:14:24,0,0,27.88882,52.526
2025-05-28 21:14:24,0,0,27.88882,52.526
2025-05-28 21:14:24,0,0,27.89471,52.61976
2025-05-28 21:14:24,0,0,27.89471,52.61976
2025-05-28 21:14:25,0,0,27.90941,52.74262
2025-05-28 21:14:25,0,0,27.90941,52.74262
2025-05-28 21:14:25,0,0,27.88588,52.34023
2025-05-28 21:14:25,0,0,27.88588,52.34023
2025-05-28 21:14:25,0,0,27.90647,52.41826
2025-05-28 21:14:25,0,0,27.90647,52.41826
2025-05-28 21:14:25,0,0,27.90059,52.55066
2025-05-28 21:14:25,0,0,27.90059,52.55066
2025-05-28 21:14:25,0,0,27.88882,52.73243
2025-05-28 21:14:25,0,0,27.88882,52.73243
2025-05-28 21:14:25,0,0,27.90059,52.79782
2025-05-28 21:14:25,0,0,27.90059,52.79782
2025-05-28 21:14:26,0,0,27.89471,52.35482
2025-05-28 21:14:26,0,0,27.89471,52.35482
2025-05-28 21:14:26,0,0,27.89177,52.54814
2025-05-28 21:14:26,0,0,27.89177,52.54814
2025-05-28 21:14:26,0,0,27.88588,52.84003
2025-05-28 21:14:26,0,0,27.88588,52.84003
2025-05-28 21:14:26,0,0,27.89471,52.70868
2025-05-28 21:14:26,0,0,27.89471,52.70868
2025-05-28 21:14:26,0,0,27.90941,52.82949
2025-05-28 21:14:26,0,0,27.90941,52.82949
2025-05-28 21:14:26,0,0,27.89765,52.31949
2025-05-28 21:14:26,0,0,27.89765,52.31949
2025-05-28 21:14:27,0,0,27.90353,52.65501
2025-05-28 21:14:27,0,0,27.90353,52.65501
2025-05-28 21:14:27,0,0,27.91235,52.69699
2025-05-28 21:14:27,0,0,27.91235,52.69699
2025-05-28 21:14:27,0,0,27.91529,52.79869
2025-05-28 21:14:27,0,0,27.91529,52.79869
2025-05-28 21:14:27,0,0,27.92706,52.95649
2025-05-28 21:14:27,0,0,27.90647,52.41145
2025-05-28 21:14:27,0,0,27.92706,52.95649
2025-05-28 21:14:27,0,0,27.90647,52.41145
2025-05-28 21:14:27,0,0,27.90647,52.74201
2025-05-28 21:14:27,0,0,27.90647,52.74201
2025-05-28 21:14:28,0,0,27.90647,52.64381
2025-05-28 21:14:28,0,0,27.90647,52.64381
2025-05-28 21:14:28,0,0,27.90941,52.71312
2025-05-28 21:14:28,0,0,27.90941,52.71312
2025-05-28 21:14:28,0,0,27.91235,52.73955
2025-05-28 21:14:28,0,0,27.91235,52.73955
2025-05-28 21:14:28,0,0,27.91824,52.42143
2025-05-28 21:14:28,0,0,27.91824,52.42143
2025-05-28 21:14:28,0,0,27.90941,52.56318
2025-05-28 21:14:28,0,0,27.90941,52.56318
2025-05-28 21:14:28,0,0,27.91824,52.56404
2025-05-28 21:14:28,0,0,27.91824,52.56404
2025-05-28 21:14:28,0,0,27.92412,52.56998
2025-05-28 21:14:28,0,0,27.92412,52.56998
2025-05-28 21:14:29,0,0,27.92706,52.81122
2025-05-28 21:14:29,0,0,27.92706,52.81122
2025-05-28 21:14:29,0,0,27.92412,52.31758
2025-05-28 21:14:29,0,0,27.92412,52.31758
2025-05-28 21:14:29,0,0,27.92412,52.49638
2025-05-28 21:14:29,0,0,27.92412,52.49638
2025-05-28 21:14:29,0,0,27.91529,52.48539
2025-05-28 21:14:29,0,0,27.91529,52.48539
2025-05-28 21:14:29,0,0,27.91235,52.62997
2025-05-28 21:14:29,0,0,27.91235,52.62997
2025-05-28 21:14:29,0,0,27.93,52.73685
2025-05-28 21:14:29,0,0,27.93,52.73685
2025-05-28 21:14:30,0,0,27.90647,52.86211
2025-05-28 21:14:30,0,0,27.90647,52.86211
2025-05-28 21:14:30,0,0,27.91235,52.52283
2025-05-28 21:14:30,0,0,27.91235,52.52283
2025-05-28 21:14:30,0,0,27.91235,52.565
2025-05-28 21:14:30,0,0,27.91235,52.565
2025-05-28 21:14:30,0,0,27.92412,52.51936
2025-05-28 21:14:30,0,0,27.92412,52.51936
2025-05-28 21:14:30,0,0,27.91824,52.69543
2025-05-28 21:14:30,0,0,27.91824,52.69543
2025-05-28 21:14:30,0,0,27.90647,52.33178
2025-05-28 21:14:30,0,0,27.90647,52.33178
2025-05-28 21:14:31,0,0,27.91235,52.34392
2025-05-28 21:14:31,0,0,27.91235,52.34392
2025-05-28 21:14:31,0,0,27.91529,52.59425
2025-05-28 21:14:31,0,0,27.91529,52.59425
2025-05-28 21:14:31,0,0,27.90941,52.52427
2025-05-28 21:14:31,0,0,27.90941,52.52427
2025-05-28 21:14:31,0,0,27.91235,52.66933
2025-05-28 21:14:31,0,0,27.91235,52.66933
2025-05-28 21:14:31,0,0,27.92118,52.79296
2025-05-28 21:14:31,0,0,27.92118,52.79296
2025-05-28 21:14:31,0,0,27.90353,52.31699
2025-05-28 21:14:31,0,0,27.90353,52.31699
2025-05-28 21:14:32,0,0,27.90941,52.5154
2025-05-28 21:14:32,0,0,27.90941,52.5154
2025-05-28 21:14:32,0,0,27.92706,52.74604
2025-05-28 21:14:32,0,0,27.92706,52.74604
2025-05-28 21:14:32,0,0,27.92706,52.62957
2025-05-28 21:14:32,0,0,27.92706,52.62957
2025-05-28 21:14:32,0,0,27.92706,52.71102
2025-05-28 21:14:32,0,0,27.92706,52.71102
2025-05-28 21:14:32,0,0,27.93,52.27938
2025-05-28 21:14:32,0,0,27.93,52.27938
2025-05-28 21:14:32,0,0,27.92412,52.74226
2025-05-28 21:14:32,0,0,27.93,52.5028
2025-05-28 21:14:32,0,0,27.92412,52.74226
2025-05-28 21:14:32,0,0,27.93,52.5028
2025-05-28 21:14:33,0,0,27.93294,52.77044
2025-05-28 21:14:33,0,0,27.93294,52.77044
2025-05-28 21:14:33,0,0,27.93,52.76722
2025-05-28 21:14:33,0,0,27.93,52.76722
2025-05-28 21:14:33,0,0,27.94176,52.32463
2025-05-28 21:14:33,0,0,27.94176,52.32463
2025-05-28 21:14:33,0,0,27.92706,52.56893
2025-05-28 21:14:33,0,0,27.92706,52.56893
2025-05-28 21:14:33,0,0,27.94176,52.48463
2025-05-28 21:14:33,0,0,27.94176,52.48463
2025-05-28 21:14:33,0,0,27.93882,52.63487
2025-05-28 21:14:33,0,0,27.93882,52.63487
2025-05-28 21:14:34,0,0,27.93294,52.74347
2025-05-28 21:14:34,0,0,27.93294,52.74347
2025-05-28 21:14:34,0,0,27.93588,52.3301
2025-05-28 21:14:34,0,0,27.93588,52.3301
2025-05-28 21:14:34,0,0,27.93588,52.51625
2025-05-28 21:14:34,0,0,27.93588,52.51625
2025-05-28 21:14:34,0,0,27.93,52.52438
2025-05-28 21:14:34,0,0,27.93,52.52438
2025-05-28 21:14:34,0,0,27.92706,52.66871
2025-05-28 21:14:34,0,0,27.92706,52.66871
2025-05-28 21:14:34,0,0,27.93,52.73603
2025-05-28 21:14:34,0,0,27.93,52.73603
2025-05-28 21:14:35,0,0,27.92118,52.35081
2025-05-28 21:14:35,0,0,27.92118,52.35081
2025-05-28 21:14:35,0,0,27.93,52.47715
2025-05-28 21:14:35,0,0,27.93,52.47715
2025-05-28 21:14:35,0,0,27.91824,52.53422
2025-05-28 21:14:35,0,0,27.91824,52.53422
2025-05-28 21:14:35,0,0,27.92118,52.66916
2025-05-28 21:14:35,0,0,27.92118,52.66916
2025-05-28 21:14:35,0,0,27.92706,52.75749
2025-05-28 21:14:35,0,0,27.92706,52.75749
2025-05-28 21:14:35,0,0,27.92706,52.32461
2025-05-28 21:14:35,0,0,27.92706,52.32461
2025-05-28 21:14:36,0,0,27.94471,52.49765
2025-05-28 21:14:36,0,0,27.94471,52.49765
2025-05-28 21:14:36,0,0,27.93,52.47282
2025-05-28 21:14:36,0,0,27.93,52.47282
2025-05-28 21:14:36,0,0,27.93,52.56695
2025-05-28 21:14:36,0,0,27.93,52.56695
2025-05-28 21:14:36,0,0,27.93882,52.57664
2025-05-28 21:14:36,0,0,27.93882,52.57664
2025-05-28 21:14:36,0,0,27.94176,52.32787
2025-05-28 21:14:36,0,0,27.94176,52.32787
2025-05-28 21:14:36,0,0,27.94176,52.46218
2025-05-28 21:14:36,0,0,27.94176,52.46218
2025-05-28 21:14:37,0,0,27.95059,52.4943
2025-05-28 21:14:37,0,0,27.95059,52.4943
2025-05-28 21:14:37,0,0,27.93882,52.61735
2025-05-28 21:14:37,0,0,27.93882,52.61735
2025-05-28 21:14:37,0,0,27.95059,52.697
2025-05-28 21:14:37,0,0,27.95059,52.697
2025-05-28 21:14:37,0,0,27.94176,52.2988
2025-05-28 21:14:37,0,0,27.94176,52.2988
2025-05-28 21:14:37,0,0,27.93882,52.43845
2025-05-28 21:14:37,0,0,27.93882,52.43845
2025-05-28 21:14:37,0,0,27.94176,52.44734
2025-05-28 21:14:37,0,0,27.94176,52.44734
2025-05-28 21:14:37,0,0,27.94176,52.56626
2025-05-28 21:14:38,0,0,27.94471,52.66889
2025-05-28 21:14:37,0,0,27.94176,52.56626
2025-05-28 21:14:38,0,0,27.94471,52.66889
2025-05-28 21:14:38,0,0,27.95353,52.25532
2025-05-28 21:14:38,0,0,27.95353,52.25532
2025-05-28 21:14:38,0,0,27.94765,52.33667
2025-05-28 21:14:38,0,0,27.94765,52.33667
2025-05-28 21:14:38,0,0,27.95353,52.37344
2025-05-28 21:14:38,0,0,27.95353,52.37344
2025-05-28 21:14:38,0,0,27.93882,52.46605
2025-05-28 21:14:38,0,0,27.93882,52.46605
2025-05-28 21:14:38,0,0,27.94176,52.54751
2025-05-28 21:14:38,0,0,27.94176,52.54751
2025-05-28 21:14:39,0,0,27.94471,52.60448
2025-05-28 21:14:39,0,0,27.94471,52.60448
2025-05-28 21:14:39,0,0,27.93882,52.30203
2025-05-28 21:14:39,0,0,27.93882,52.30203
2025-05-28 21:14:39,0,0,27.95647,52.43916
2025-05-28 21:14:39,0,0,27.95647,52.43916
2025-05-28 21:14:39,0,0,27.94176,52.48191
2025-05-28 21:14:39,0,0,27.94176,52.48191
2025-05-28 21:14:39,0,0,27.94176,52.59811
2025-05-28 21:14:39,0,0,27.94176,52.59811
2025-05-28 21:14:39,0,0,27.95059,52.70546
2025-05-28 21:14:39,0,0,27.95059,52.70546
2025-05-28 21:14:40,0,0,27.95353,52.25801
2025-05-28 21:14:40,0,0,27.95353,52.25801
2025-05-28 21:14:40,0,0,27.95059,52.4514
2025-05-28 21:14:40,0,0,27.95059,52.4514
2025-05-28 21:14:40,0,0,27.93882,52.43132
2025-05-28 21:14:40,0,0,27.93882,52.43132
2025-05-28 21:14:40,0,0,27.95059,52.55666
2025-05-28 21:14:40,0,0,27.95059,52.55666
2025-05-28 21:14:40,0,0,27.95059,52.63336
2025-05-28 21:14:40,0,0,27.95059,52.63336
2025-05-28 21:14:40,0,0,27.95353,52.40543
2025-05-28 21:14:40,0,0,27.95353,52.40543
2025-05-28 21:14:41,0,0,27.94471,52.3128
2025-05-28 21:14:41,0,0,27.94471,52.3128
2025-05-28 21:14:41,0,0,27.95059,52.48959
2025-05-28 21:14:41,0,0,27.95059,52.48959
2025-05-28 21:14:41,0,0,27.93588,52.48194
2025-05-28 21:14:41,0,0,27.93588,52.48194
2025-05-28 21:14:41,0,0,27.94765,52.68434
2025-05-28 21:14:41,0,0,27.94765,52.68434
2025-05-28 21:14:41,0,0,27.95647,52.77753
2025-05-28 21:14:41,0,0,27.95647,52.77753
2025-05-28 21:14:41,0,0,27.94176,52.7803
2025-05-28 21:14:41,0,0,27.94176,52.7803
2025-05-28 21:14:41,0,0,27.94176,52.5407
2025-05-28 21:14:41,0,0,27.94176,52.5407
2025-05-28 21:14:42,0,0,27.94471,52.62436
2025-05-28 21:14:42,0,0,27.94471,52.62436
2025-05-28 21:14:42,0,0,27.96235,52.6529
2025-05-28 21:14:42,0,0,27.96235,52.6529
2025-05-28 21:14:42,0,0,27.95941,52.7515
2025-05-28 21:14:42,0,0,27.95941,52.7515
2025-05-28 21:14:42,0,0,27.95647,52.58167
2025-05-28 21:14:42,0,0,27.95647,52.58167
2025-05-28 21:14:42,0,0,27.96529,52.4018
2025-05-28 21:14:42,0,0,27.96529,52.4018
2025-05-28 21:14:42,0,0,27.96235,52.51176
2025-05-28 21:14:42,0,0,27.96235,52.51176
2025-05-28 21:14:43,0,0,27.97412,52.55205
2025-05-28 21:14:43,0,0,27.97412,52.55205
2025-05-28 21:14:43,0,0,27.96824,52.65644
2025-05-28 21:14:43,0,0,27.96824,52.65644
2025-05-28 21:14:43,0,0,27.97118,52.77765
2025-05-28 21:14:43,0,0,27.97118,52.77765
2025-05-28 21:14:43,0,0,27.96529,52.2822
2025-05-28 21:14:43,0,0,27.96529,52.2822
2025-05-28 21:14:43,0,0,27.96824,52.45028
2025-05-28 21:14:43,0,0,27.96824,52.45028
2025-05-28 21:14:43,0,0,27.94765,52.39083
2025-05-28 21:14:43,0,0,27.94765,52.39083
2025-05-28 21:14:44,0,0,27.95059,52.51691
2025-05-28 21:14:44,0,0,27.95059,52.51691
2025-05-28 21:14:44,0,0,27.93294,52.58474
2025-05-28 21:14:44,0,0,27.93294,52.58474
2025-05-28 21:14:44,0,0,27.95059,52.26688
2025-05-28 21:14:44,0,0,27.95059,52.26688
2025-05-28 21:14:44,0,0,27.96235,52.36475
2025-05-28 21:14:44,0,0,27.96235,52.36475
2025-05-28 21:14:44,0,0,27.95647,52.36114
2025-05-28 21:14:44,0,0,27.95059,52.47656
2025-05-28 21:14:44,0,0,27.95647,52.36114
2025-05-28 21:14:44,0,0,27.95059,52.47656
2025-05-28 21:14:45,0,0,27.95941,52.53517
2025-05-28 21:14:45,0,0,27.95941,52.53517
2025-05-28 21:14:45,0,0,27.97412,52.23286
2025-05-28 21:14:45,0,0,27.97412,52.23286
2025-05-28 21:14:45,0,0,27.96235,52.36053
2025-05-28 21:14:45,0,0,27.96235,52.36053
2025-05-28 21:14:45,0,0,27.95941,52.37339
2025-05-28 21:14:45,0,0,27.95941,52.37339
2025-05-28 21:14:45,0,0,27.96824,52.52726
2025-05-28 21:14:45,0,0,27.96824,52.52726
2025-05-28 21:14:45,0,0,27.96235,52.59813
2025-05-28 21:14:45,0,0,27.96235,52.59813
2025-05-28 21:14:46,0,0,27.96529,52.22289
2025-05-28 21:14:46,0,0,27.96529,52.22289
2025-05-28 21:14:46,0,0,27.96235,52.36106
2025-05-28 21:14:46,0,0,27.96235,52.36106
2025-05-28 21:14:46,0,0,27.96529,52.33922
2025-05-28 21:14:46,0,0,27.96529,52.33922
2025-05-28 21:14:46,0,0,27.95647,52.46632
2025-05-28 21:14:46,0,0,27.95647,52.46632
2025-05-28 21:14:46,0,0,27.95647,52.55384
2025-05-28 21:14:46,0,0,27.95647,52.55384
2025-05-28 21:14:46,0,0,27.96529,52.22577
2025-05-28 21:14:46,0,0,27.96529,52.22577
2025-05-28 21:14:46,0,0,27.97412,52.27951
2025-05-28 21:14:46,0,0,27.97412,52.27951
2025-05-28 21:14:47,0,0,27.97706,52.29723
2025-05-28 21:14:47,0,0,27.97706,52.29723
2025-05-28 21:14:47,0,0,27.97706,52.41111
2025-05-28 21:14:47,0,0,27.97706,52.41111
2025-05-28 21:14:47,0,0,27.98294,52.48443
2025-05-28 21:14:47,0,0,27.98294,52.48443
2025-05-28 21:14:47,0,0,27.97706,52.19815
2025-05-28 21:14:47,0,0,27.97706,52.19815
2025-05-28 21:14:47,0,0,27.96824,52.26324
2025-05-28 21:14:47,0,0,27.96824,52.26324
2025-05-28 21:14:47,0,0,27.96529,52.29115
2025-05-28 21:14:47,0,0,27.96529,52.29115
2025-05-28 21:14:48,0,0,27.96529,52.42675
2025-05-28 21:14:48,0,0,27.96529,52.42675
2025-05-28 21:14:48,0,0,27.97706,52.49953
2025-05-28 21:14:48,0,0,27.97706,52.49953
2025-05-28 21:14:48,0,0,27.98294,52.17255
2025-05-28 21:14:48,0,0,27.98294,52.17255
2025-05-28 21:14:48,0,0,27.98,52.27993
2025-05-28 21:14:48,0,0,27.98,52.27993
2025-05-28 21:14:48,0,0,27.96824,52.30493
2025-05-28 21:14:48,0,0,27.96824,52.30493
2025-05-28 21:14:48,0,0,27.97118,52.41561
2025-05-28 21:14:48,0,0,27.97118,52.41561
2025-05-28 21:14:49,0,0,27.96529,52.46795
2025-05-28 21:14:49,0,0,27.96529,52.46795
2025-05-28 21:14:49,0,0,27.98,52.45568
2025-05-28 21:14:49,0,0,27.98,52.45568
2025-05-28 21:14:49,0,0,27.98294,52.20703
2025-05-28 21:14:49,0,0,27.98294,52.20703
2025-05-28 21:14:49,0,0,27.97412,52.28326
2025-05-28 21:14:49,0,0,27.97412,52.28326
2025-05-28 21:14:49,0,0,27.98588,52.29925
2025-05-28 21:14:49,0,0,27.98588,52.29925
2025-05-28 21:14:49,0,0,27.98,52.36811
2025-05-28 21:14:49,0,0,27.98,52.36811
2025-05-28 21:14:50,0,0,27.99176,52.41956
2025-05-28 21:14:50,0,0,27.99176,52.41956
2025-05-28 21:14:50,0,0,27.98588,52.19409
2025-05-28 21:14:50,0,0,27.98588,52.19409
2025-05-28 21:14:50,0,0,27.97706,52.22821
2025-05-28 21:14:50,0,0,27.97706,52.22821
2025-05-28 21:14:50,0,0,27.98,52.25677
2025-05-28 21:14:50,0,0,27.98,52.25677
2025-05-28 21:14:50,0,0,27.98882,52.36644
2025-05-28 21:14:50,0,0,27.98882,52.36644
2025-05-28 21:14:50,0,0,27.98588,52.40823
2025-05-28 21:14:50,0,0,27.98588,52.40823
2025-05-28 21:14:50,0,0,27.98588,52.22923
2025-05-28 21:14:50,0,0,27.98588,52.22923
2025-05-28 21:14:51,0,0,27.97706,52.21129
2025-05-28 21:14:51,0,0,27.97706,52.21129
2025-05-28 21:14:51,0,0,27.97412,52.27522
2025-05-28 21:14:51,0,0,27.97412,52.27522
2025-05-28 21:14:51,0,0,27.97412,52.35661
2025-05-28 21:14:51,0,0,27.97412,52.35661
2025-05-28 21:14:51,0,0,27.97412,52.43009
2025-05-28 21:14:51,0,0,27.97412,52.43009
2025-05-28 21:14:51,0,0,27.96824,52.57081
2025-05-28 21:14:51,0,0,27.96824,52.57081
2025-05-28 21:14:51,0,0,27.97412,52.17015
2025-05-28 21:14:51,0,0,27.97412,52.17015
2025-05-28 21:14:52,0,0,27.97118,52.31689
2025-05-28 21:14:52,0,0,27.97118,52.31689
2025-05-28 21:14:52,0,0,27.96824,52.30258
2025-05-28 21:14:52,0,0,27.96824,52.30258
2025-05-28 21:14:52,0,0,27.96824,52.45053
2025-05-28 21:14:52,0,0,27.96824,52.45053
2025-05-28 21:14:52,0,0,27.97412,52.49416
2025-05-28 21:14:52,0,0,27.97412,52.49416
2025-05-28 21:14:52,0,0,27.97412,52.52556
2025-05-28 21:14:52,0,0,27.97412,52.52556
2025-05-28 21:14:52,0,0,27.98,52.31517
2025-05-28 21:14:52,0,0,27.98,52.31517
2025-05-28 21:14:53,0,0,27.97706,52.3513
2025-05-28 21:14:53,0,0,27.97706,52.3513
2025-05-28 21:14:53,0,0,27.97706,52.34889
2025-05-28 21:14:53,0,0,27.97706,52.34889
2025-05-28 21:14:53,0,0,27.98,52.44113
2025-05-28 21:14:53,0,0,27.98,52.44113
2025-05-28 21:14:53,0,0,27.98,52.29961
2025-05-28 21:14:53,0,0,27.98,52.29961
2025-05-28 21:14:53,0,0,27.98588,52.22924
2025-05-28 21:14:53,0,0,27.98588,52.22924
2025-05-28 21:14:53,0,0,27.98882,52.32537
2025-05-28 21:14:53,0,0,27.98882,52.32537
2025-05-28 21:14:54,0,0,27.99176,52.33462
2025-05-28 21:14:54,0,0,27.99176,52.33462
2025-05-28 21:14:54,0,0,27.97412,52.15687
2025-05-28 21:14:54,0,0,27.97412,52.15687
2025-05-28 21:14:54,0,0,27.99765,52.49436
2025-05-28 21:14:54,0,0,27.99765,52.49436
2025-05-28 21:14:54,0,0,27.99176,52.19355
2025-05-28 21:14:54,0,0,27.99176,52.19355
2025-05-28 21:14:54,0,0,28.00059,52.29631
2025-05-28 21:14:54,0,0,28.00059,52.29631
2025-05-28 21:14:54,0,0,27.99471,52.2871
2025-05-28 21:14:54,0,0,27.99471,52.2871
2025-05-28 21:14:55,0,0,27.98294,52.38684
2025-05-28 21:14:55,0,0,27.98294,52.38684
2025-05-28 21:14:55,0,0,27.99471,52.50404
2025-05-28 21:14:55,0,0,27.99471,52.50404
2025-05-28 21:14:55,0,0,27.98294,52.12843
2025-05-28 21:14:55,0,0,27.98294,52.12843
2025-05-28 21:14:55,0,0,27.99176,52.24368
2025-05-28 21:14:55,0,0,27.99176,52.24368
2025-05-28 21:14:55,0,0,27.99176,52.25429
2025-05-28 21:14:55,0,0,27.99176,52.25429
2025-05-28 21:14:55,0,0,27.99471,52.37556
2025-05-28 21:14:55,0,0,27.99471,52.37556
2025-05-28 21:14:55,0,0,27.98882,52.40697
2025-05-28 21:14:55,0,0,27.98882,52.40697
2025-05-28 21:14:56,0,0,27.99176,52.10416
2025-05-28 21:14:56,0,0,27.99176,52.10416
2025-05-28 21:14:56,0,0,27.99471,52.27442
2025-05-28 21:14:56,0,0,27.99471,52.27442
2025-05-28 21:14:56,0,0,27.98588,52.24934
2025-05-28 21:14:56,0,0,27.98588,52.24934
2025-05-28 21:14:56,0,0,27.98,52.32566
2025-05-28 21:14:56,0,0,27.98,52.32566
2025-05-28 21:14:56,0,0,27.98,52.4164
2025-05-28 21:14:56,0,0,27.98,52.4164
2025-05-28 21:14:56,0,0,27.98294,52.10519
2025-05-28 21:14:56,0,0,27.98294,52.10519
2025-05-28 21:14:57,0,0,27.99176,52.20688
2025-05-28 21:14:57,0,0,27.99176,52.20688
2025-05-28 21:14:57,0,0,27.98294,52.20079
2025-05-28 21:14:57,0,0,27.98294,52.20079
2025-05-28 21:14:57,0,0,27.98,52.27929
2025-05-28 21:14:57,0,0,27.98,52.27929
2025-05-28 21:14:57,0,0,27.98882,52.33696
2025-05-28 21:14:57,0,0,27.98882,52.33696
2025-05-28 21:14:57,0,0,27.98588,52.20174
2025-05-28 21:14:57,0,0,27.98588,52.20174
2025-05-28 21:14:57,0,0,28.00353,52.12949
2025-05-28 21:14:57,0,0,28.00353,52.12949
2025-05-28 21:14:58,0,0,27.99765,52.17698
2025-05-28 21:14:58,0,0,27.99765,52.17698
2025-05-28 21:14:58,0,0,28.00059,52.20738
2025-05-28 21:14:58,0,0,28.00059,52.20738
2025-05-28 21:14:58,0,0,28.00353,52.25137
2025-05-28 21:14:58,0,0,28.00353,52.25137
2025-05-28 21:14:58,0,0,27.99765,52.31634
2025-05-28 21:14:58,0,0,27.99765,52.31634
2025-05-28 21:14:58,0,0,28.01235,52.04101
2025-05-28 21:14:58,0,0,28.01235,52.04101
2025-05-28 21:14:58,0,0,28.00059,52.16759
2025-05-28 21:14:58,0,0,28.00059,52.16759
2025-05-28 21:14:59,0,0,28.00059,52.15156
2025-05-28 21:14:59,0,0,28.00059,52.15156
2025-05-28 21:14:59,0,0,27.99471,52.2234
2025-05-28 21:14:59,0,0,27.99471,52.2234
2025-05-28 21:14:59,0,0,27.99471,52.28543
2025-05-28 21:14:59,0,0,27.99471,52.28543
2025-05-28 21:14:59,0,0,28.00059,52.03617
2025-05-28 21:14:59,0,0,28.00059,52.03617
2025-05-28 21:14:59,0,0,28.00353,52.14916
2025-05-28 21:14:59,0,0,28.00353,52.14916
2025-05-28 21:14:59,0,0,28.00059,52.13307
2025-05-28 21:14:59,0,0,28.00059,52.13307
2025-05-28 21:14:59,0,0,28.00647,52.22958
2025-05-28 21:14:59,0,0,28.00647,52.22958
2025-05-28 21:15:00,0,0,28.01235,52.29637
2025-05-28 21:15:00,0,0,28.01235,52.29637
2025-05-28 21:15:00,0,0,28.00353,52.42696
2025-05-28 21:15:00,0,0,28.00353,52.42696
2025-05-28 21:15:00,0,0,28.00647,52.05978
2025-05-28 21:15:00,0,0,28.00647,52.05978
2025-05-28 21:15:00,0,0,27.99765,52.16467
2025-05-28 21:15:00,0,0,27.99765,52.16467
2025-05-28 21:15:00,0,0,28.01235,52.39078
2025-05-28 21:15:00,0,0,28.01235,52.39078
2025-05-28 21:15:00,0,0,28.00647,52.24334
2025-05-28 21:15:00,0,0,28.00647,52.24334
2025-05-28 21:15:01,0,0,28.00941,52.30333
2025-05-28 21:15:01,0,0,28.00941,52.30333
2025-05-28 21:15:01,0,0,28.0153,52.36923
2025-05-28 21:15:01,0,0,28.0153,52.36923
2025-05-28 21:15:01,0,0,28.00353,52.09956
2025-05-28 21:15:01,0,0,28.00353,52.09956
2025-05-28 21:15:01,0,0,28.00353,52.17321
2025-05-28 21:15:01,0,0,28.00353,52.17321
2025-05-28 21:15:01,0,0,27.99471,52.17087
2025-05-28 21:15:01,0,0,27.99471,52.17087
2025-05-28 21:15:01,0,0,28.00941,52.26961
2025-05-28 21:15:01,0,0,28.00941,52.26961
2025-05-28 21:15:02,0,0,28.00647,52.07443
2025-05-28 21:15:02,0,0,28.00647,52.07443
2025-05-28 21:15:02,0,0,28.00353,52.08113
2025-05-28 21:15:02,0,0,28.00353,52.08113
2025-05-28 21:15:02,0,0,28.00941,52.19431
2025-05-28 21:15:02,0,0,28.00941,52.19431
2025-05-28 21:15:02,0,0,28.0153,52.16475
2025-05-28 21:15:02,0,0,28.0153,52.16475
2025-05-28 21:15:02,0,0,28.0153,52.27415
2025-05-28 21:15:02,0,0,28.0153,52.27415
2025-05-28 21:15:02,0,0,28.01235,52.35627
2025-05-28 21:15:02,0,0,28.01235,52.35627
2025-05-28 21:15:03,0,0,28.00941,52.02716
2025-05-28 21:15:03,0,0,28.00941,52.02716
2025-05-28 21:15:03,0,0,28.00647,52.13089
2025-05-28 21:15:03,0,0,28.00647,52.13089
2025-05-28 21:15:03,0,0,28.01824,52.14689
2025-05-28 21:15:03,0,0,28.01824,52.14689
2025-05-28 21:15:03,0,0,28.00647,52.21791
2025-05-28 21:15:03,0,0,28.00647,52.21791
2025-05-28 21:15:03,0,0,28.02118,52.27408
2025-05-28 21:15:03,0,0,28.02118,52.27408
2025-05-28 21:15:03,0,0,28.02118,52.00508
2025-05-28 21:15:03,0,0,28.02118,52.00508
2025-05-28 21:15:04,0,0,28.01235,52.10084
2025-05-28 21:15:04,0,0,28.01235,52.10084
2025-05-28 21:15:04,0,0,28.01824,52.1055
2025-05-28 21:15:04,0,0,28.01824,52.1055
2025-05-28 21:15:04,0,0,28.02118,52.2234
2025-05-28 21:15:04,0,0,28.02118,52.2234
2025-05-28 21:15:04,0,0,28.00941,52.27026
2025-05-28 21:15:04,0,0,28.00941,52.27026
2025-05-28 21:15:04,0,0,28.00059,52.04028
2025-05-28 21:15:04,0,0,28.00059,52.04028
2025-05-28 21:15:04,0,0,28.0153,52.13691
2025-05-28 21:15:04,0,0,28.0153,52.13691
2025-05-28 21:15:04,0,0,28.00059,52.13659
2025-05-28 21:15:04,0,0,28.00059,52.13659
2025-05-28 21:15:05,0,0,28.00647,52.22483
2025-05-28 21:15:05,0,0,28.00647,52.22483
2025-05-28 21:15:05,0,0,28.02706,52.36194
2025-05-28 21:15:05,0,0,28.02706,52.36194
2025-05-28 21:15:05,0,0,28.0153,52.05071
2025-05-28 21:15:05,0,0,28.0153,52.05071
2025-05-28 21:15:05,0,0,28.00647,52.16155
2025-05-28 21:15:05,0,0,28.00647,52.16155
2025-05-28 21:15:05,0,0,28.00941,52.14126
2025-05-28 21:15:05,0,0,28.00941,52.14126
2025-05-28 21:15:05,0,0,28.00941,52.22067
2025-05-28 21:15:05,0,0,28.00941,52.22067
2025-05-28 21:15:06,0,0,28.02118,52.30059
2025-05-28 21:15:06,0,0,28.02118,52.30059
2025-05-28 21:15:06,0,0,28.02118,52.00468
2025-05-28 21:15:06,0,0,28.02118,52.00468
2025-05-28 21:15:06,0,0,28.01824,52.1083
2025-05-28 21:15:06,0,0,28.01824,52.1083
2025-05-28 21:15:06,0,0,28.0153,52.08301
2025-05-28 21:15:06,0,0,28.0153,52.08301
2025-05-28 21:15:06,0,0,28.01824,52.17217
2025-05-28 21:15:06,0,0,28.01824,52.17217
2025-05-28 21:15:06,0,0,28.03294,52.2604
2025-05-28 21:15:06,0,0,28.03294,52.2604
2025-05-28 21:15:07,0,0,28.03,51.98003
2025-05-28 21:15:07,0,0,28.03,51.98003
2025-05-28 21:15:07,0,0,28.02706,52.11085
2025-05-28 21:15:07,0,0,28.02706,52.11085
2025-05-28 21:15:07,0,0,28.03588,52.09513
2025-05-28 21:15:07,0,0,28.03588,52.09513
2025-05-28 21:15:07,0,0,28.03294,52.20127
2025-05-28 21:15:07,0,0,28.03294,52.20127
2025-05-28 21:15:07,0,0,28.00941,52.26453
2025-05-28 21:15:07,0,0,28.00941,52.26453
2025-05-28 21:15:07,0,0,28.01235,51.97337
2025-05-28 21:15:07,0,0,28.01235,51.97337
2025-05-28 21:15:08,0,0,28.00059,52.0701
2025-05-28 21:15:08,0,0,28.00059,52.0701
2025-05-28 21:15:08,0,0,28.01235,52.07589
2025-05-28 21:15:08,0,0,28.01235,52.07589
2025-05-28 21:15:08,0,0,28.00353,52.15464
2025-05-28 21:15:08,0,0,28.00353,52.15464
2025-05-28 21:15:08,0,0,28.00647,52.21239
2025-05-28 21:15:08,0,0,28.00647,52.21239
2025-05-28 21:15:08,0,0,28.01824,52.00418
2025-05-28 21:15:08,0,0,28.01824,52.00418
2025-05-28 21:15:08,0,0,28.01235,52.01656
2025-05-28 21:15:08,0,0,28.01235,52.01656
2025-05-28 21:15:09,0,0,28.00647,52.05811
2025-05-28 21:15:09,0,0,28.00647,52.05811
2025-05-28 21:15:09,0,0,28.02412,52.10498
2025-05-28 21:15:09,0,0,28.02412,52.10498
2025-05-28 21:15:09,0,0,28.02118,52.16002
2025-05-28 21:15:09,0,0,28.02118,52.16002
2025-05-28 21:15:09,0,0,28.03294,52.24536
2025-05-28 21:15:09,0,0,28.03294,52.24536
2025-05-28 21:15:09,0,0,28.02412,51.95489
2025-05-28 21:15:09,0,0,28.02412,51.95489
2025-05-28 21:15:09,0,0,28.02706,52.07447
2025-05-28 21:15:09,0,0,28.02706,52.07447
2025-05-28 21:15:09,0,0,28.03,52.05064
2025-05-28 21:15:09,0,0,28.03,52.05064
2025-05-28 21:15:10,0,0,28.02706,52.15497
2025-05-28 21:15:10,0,0,28.02706,52.15497
2025-05-28 21:15:10,0,0,28.0153,52.23277
2025-05-28 21:15:10,0,0,28.0153,52.23277
2025-05-28 21:15:10,0,0,28.03,51.96593
2025-05-28 21:15:10,0,0,28.03,51.96593
2025-05-28 21:15:10,0,0,28.03,52.07061
2025-05-28 21:15:10,0,0,28.03,52.07061
2025-05-28 21:15:10,0,0,28.03294,52.04767
2025-05-28 21:15:10,0,0,28.03294,52.04767
2025-05-28 21:15:10,0,0,28.02412,52.13515
2025-05-28 21:15:10,0,0,28.02412,52.13515
2025-05-28 21:15:11,0,0,28.01824,52.20052
2025-05-28 21:15:11,0,0,28.01824,52.20052
2025-05-28 21:15:11,0,0,28.01824,51.93227
2025-05-28 21:15:11,0,0,28.01824,51.93227
2025-05-28 21:15:11,0,0,28.00941,51.98422
2025-05-28 21:15:11,0,0,28.00941,51.98422
2025-05-28 21:15:11,0,0,28.01235,51.98818
2025-05-28 21:15:11,0,0,28.01235,51.98818
2025-05-28 21:15:11,0,0,28.00941,52.05908
2025-05-28 21:15:11,0,0,28.00941,52.05908
2025-05-28 21:15:11,0,0,28.01824,52.11891
2025-05-28 21:15:11,0,0,28.01824,52.11891
2025-05-28 21:15:12,0,0,28.02706,52.04532
2025-05-28 21:15:12,0,0,28.02706,52.04532
2025-05-28 21:15:12,0,0,28.01824,51.94359
2025-05-28 21:15:12,0,0,28.01824,51.94359
2025-05-28 21:15:12,0,0,28.02412,51.98853
2025-05-28 21:15:12,0,0,28.02412,51.98853
2025-05-28 21:15:12,0,0,28.03588,52.0184
2025-05-28 21:15:12,0,0,28.03588,52.0184
2025-05-28 21:15:12,0,0,28.03882,52.07707
2025-05-28 21:15:12,0,0,28.03882,52.07707
2025-05-28 21:15:12,0,0,28.03588,51.91364
2025-05-28 21:15:12,0,0,28.03588,51.91364
2025-05-28 21:15:13,0,0,28.02706,51.93222
2025-05-28 21:15:13,0,0,28.02706,51.93222
2025-05-28 21:15:13,0,0,28.03294,51.98103
2025-05-28 21:15:13,0,0,28.0153,52.05946
2025-05-28 21:15:13,0,0,28.03294,51.98103
2025-05-28 21:15:13,0,0,28.0153,52.05946
2025-05-28 21:15:13,0,0,28.0153,52.09554
2025-05-28 21:15:13,0,0,28.0153,52.09554
2025-05-28 21:15:13,0,0,28.00941,52.20144
2025-05-28 21:15:13,0,0,28.00941,52.20144
2025-05-28 21:15:13,0,0,28.0153,52.02336
2025-05-28 21:15:13,0,0,28.0153,52.02336
2025-05-28 21:15:13,0,0,28.02118,51.98098
2025-05-28 21:15:13,0,0,28.02118,51.98098
2025-05-28 21:15:14,0,0,28.01235,51.97551
2025-05-28 21:15:14,0,0,28.01235,51.97551
2025-05-28 21:15:14,0,0,28.01824,52.0337
2025-05-28 21:15:14,0,0,28.01824,52.0337
2025-05-28 21:15:14,0,0,28.01235,52.09822
2025-05-28 21:15:14,0,0,28.01235,52.09822
2025-05-28 21:15:14,0,0,28.01824,52.02301
2025-05-28 21:15:14,0,0,28.01824,52.02301
2025-05-28 21:15:14,0,0,28.02706,51.92271
2025-05-28 21:15:14,0,0,28.02706,51.92271
2025-05-28 21:15:14,0,0,28.02118,51.96118
2025-05-28 21:15:14,0,0,28.02118,51.96118
2025-05-28 21:15:15,0,0,28.01824,52.10964
2025-05-28 21:15:15,0,0,28.01824,52.10964
2025-05-28 21:15:15,0,0,28.0153,52.05404
2025-05-28 21:15:15,0,0,28.0153,52.05404
2025-05-28 21:15:15,0,0,28.02412,51.99229
2025-05-28 21:15:15,0,0,28.02412,51.99229
2025-05-28 21:15:15,0,0,28.03,51.91962
2025-05-28 21:15:15,0,0,28.03,51.91962
2025-05-28 21:15:15,0,0,28.02706,51.97681
2025-05-28 21:15:15,0,0,28.02706,51.97681
2025-05-28 21:15:15,0,0,28.02412,52.00988
2025-05-28 21:15:15,0,0,28.02412,52.00988
2025-05-28 21:15:16,0,0,28.02706,52.04287
2025-05-28 21:15:16,0,0,28.02706,52.04287
2025-05-28 21:15:16,0,0,28.02412,52.11954
2025-05-28 21:15:16,0,0,28.02412,52.11954
2025-05-28 21:15:16,0,0,28.02706,51.84835
2025-05-28 21:15:16,0,0,28.02706,51.84835
2025-05-28 21:15:16,0,0,28.02706,51.92826
2025-05-28 21:15:16,0,0,28.02706,51.92826
2025-05-28 21:15:16,0,0,28.03,51.9333
2025-05-28 21:15:16,0,0,28.03,51.9333
2025-05-28 21:15:16,0,0,28.02706,51.99838
2025-05-28 21:15:16,0,0,28.02706,51.99838
2025-05-28 21:15:17,0,0,28.02706,52.0317
2025-05-28 21:15:17,0,0,28.02706,52.0317
2025-05-28 21:15:17,0,0,28.02412,51.9853
2025-05-28 21:15:17,0,0,28.02412,51.9853
2025-05-28 21:15:17,0,0,28.03,51.85766
2025-05-28 21:15:17,0,0,28.03,51.85766
2025-05-28 21:15:17,0,0,28.03294,51.87667
2025-05-28 21:15:17,0,0,28.03294,51.87667
2025-05-28 21:15:17,0,0,28.03588,51.92031
2025-05-28 21:15:17,0,0,28.03588,51.92031
2025-05-28 21:15:17,0,0,28.04177,51.97242
2025-05-28 21:15:17,0,0,28.04177,51.97242
2025-05-28 21:15:18,0,0,28.03,51.81531
2025-05-28 21:15:18,0,0,28.03,51.81531
2025-05-28 21:15:18,0,0,28.03882,51.82772
2025-05-28 21:15:18,0,0,28.03882,51.82772
2025-05-28 21:15:18,0,0,28.02706,51.85064
2025-05-28 21:15:18,0,0,28.02706,51.85064
2025-05-28 21:15:18,0,0,28.03294,52.01176
2025-05-28 21:15:18,0,0,28.03294,52.01176
2025-05-28 21:15:18,0,0,28.05353,51.94226
2025-05-28 21:15:18,0,0,28.05353,51.94226
2025-05-28 21:15:18,0,0,28.03588,51.91989
2025-05-28 21:15:18,0,0,28.03588,51.91989
2025-05-28 21:15:18,0,0,28.03882,51.78096
2025-05-28 21:15:18,0,0,28.03882,51.78096
2025-05-28 21:15:19,0,0,28.07412,51.84452
2025-05-28 21:15:19,0,0,28.07412,51.84452
2025-05-28 21:15:19,0,0,28.08294,51.87054
2025-05-28 21:15:19,0,0,28.08294,51.87054
2025-05-28 21:15:19,0,0,28.08,51.92051
2025-05-28 21:15:19,0,0,28.08,51.92051
2025-05-28 21:15:19,0,0,28.06529,51.95575
2025-05-28 21:15:19,0,0,28.06529,51.95575
2025-05-28 21:15:19,0,0,28.06824,51.8646
2025-05-28 21:15:19,0,0,28.06824,51.8646
2025-05-28 21:15:19,0,0,28.03588,51.8015
2025-05-28 21:15:19,0,0,28.03588,51.8015
2025-05-28 21:15:20,0,0,28.03882,51.81953
2025-05-28 21:15:20,0,0,28.03882,51.81953
2025-05-28 21:15:20,0,0,28.04177,51.88178
2025-05-28 21:15:20,0,0,28.04177,51.88178
2025-05-28 21:15:20,0,0,28.04765,51.9408
2025-05-28 21:15:20,0,0,28.04765,51.9408
2025-05-28 21:15:20,0,0,28.05059,51.84571
2025-05-28 21:15:20,0,0,28.05059,51.84571
2025-05-28 21:15:20,0,0,28.04765,51.78883
2025-05-28 21:15:20,0,0,28.04765,51.78883
2025-05-28 21:15:20,0,0,28.06529,51.84171
2025-05-28 21:15:20,0,0,28.06529,51.84171
2025-05-28 21:15:21,0,0,28.05647,51.95781
2025-05-28 21:15:21,0,0,28.05647,51.95781
2025-05-28 21:15:21,0,0,28.05059,51.95253
2025-05-28 21:15:21,0,0,28.05059,51.95253
2025-05-28 21:15:21,0,0,28.05647,52.00205
2025-05-28 21:15:21,0,0,28.05647,52.00205
2025-05-28 21:15:21,0,0,28.05941,51.73451
2025-05-28 21:15:21,0,0,28.05941,51.73451
2025-05-28 21:15:21,0,0,28.06235,51.82882
2025-05-28 21:15:21,0,0,28.06235,51.82882
2025-05-28 21:15:21,0,0,28.05353,51.85215
2025-05-28 21:15:21,0,0,28.05353,51.85215
2025-05-28 21:15:22,0,0,28.06529,51.94326
2025-05-28 21:15:22,0,0,28.06529,51.94326
2025-05-28 21:15:22,0,0,28.07706,52.02311
2025-05-28 21:15:22,0,0,28.07706,52.02311
2025-05-28 21:15:22,0,0,28.07118,51.67596
2025-05-28 21:15:22,0,0,28.07118,51.67596
2025-05-28 21:15:22,0,0,28.07706,51.78473
2025-05-28 21:15:22,0,0,28.07706,51.78473
2025-05-28 21:15:22,0,0,28.07706,51.92306
2025-05-28 21:15:22,0,0,28.07706,51.92306
2025-05-28 21:15:22,0,0,28.08,51.87053
2025-05-28 21:15:22,0,0,28.08294,51.96928
2025-05-28 21:15:22,0,0,28.08,51.87053
2025-05-28 21:15:22,0,0,28.08294,51.96928
2025-05-28 21:15:23,0,0,28.08294,51.97178
2025-05-28 21:15:23,0,0,28.08294,51.97178
2025-05-28 21:15:23,0,0,28.06824,51.80375
2025-05-28 21:15:23,0,0,28.06824,51.80375
2025-05-28 21:15:23,0,0,28.05941,51.89928
2025-05-28 21:15:23,0,0,28.05941,51.89928
2025-05-28 21:15:23,0,0,28.05647,51.95846
2025-05-28 21:15:23,0,0,28.05647,51.95846
2025-05-28 21:15:23,0,0,28.05353,52.07751
2025-05-28 21:15:23,0,0,28.05353,52.07751
2025-05-28 21:15:23,0,0,28.05941,51.92848
2025-05-28 21:15:23,0,0,28.05941,51.92848
2025-05-28 21:15:24,0,0,28.05059,52.10299
2025-05-28 21:15:24,0,0,28.05059,52.10299
2025-05-28 21:15:24,0,0,28.06824,52.25528
2025-05-28 21:15:24,0,0,28.06824,52.25528
2025-05-28 21:15:24,0,0,28.07118,52.51396
2025-05-28 21:15:24,0,0,28.07118,52.51396
2025-05-28 21:15:24,0,0,28.03588,52.60336
2025-05-28 21:15:24,0,0,28.03588,52.60336
2025-05-28 21:15:24,0,0,28.03588,52.08242
2025-05-28 21:15:24,0,0,28.03588,52.08242
2025-05-28 21:15:24,0,0,28.03882,52.2248
2025-05-28 21:15:24,0,0,28.03882,52.2248
2025-05-28 21:15:25,0,0,28.05059,52.24505
2025-05-28 21:15:25,0,0,28.05059,52.24505
2025-05-28 21:15:25,0,0,28.04765,52.44331
2025-05-28 21:15:25,0,0,28.04765,52.44331
2025-05-28 21:15:25,0,0,28.05353,52.21967
2025-05-28 21:15:25,0,0,28.05353,52.21967
2025-05-28 21:15:25,0,0,28.05059,52.1617
2025-05-28 21:15:25,0,0,28.05059,52.1617
2025-05-28 21:15:25,0,0,28.04177,52.33592
2025-05-28 21:15:25,0,0,28.04177,52.33592
2025-05-28 21:15:25,0,0,28.05353,52.36389
2025-05-28 21:15:25,0,0,28.05353,52.36389
2025-05-28 21:15:26,0,0,28.05353,52.45854
2025-05-28 21:15:26,0,0,28.05353,52.45854
2025-05-28 21:15:26,0,0,28.05647,52.31048
2025-05-28 21:15:26,0,0,28.05647,52.31048
2025-05-28 21:15:26,0,0,28.05941,52.08139
2025-05-28 21:15:26,0,0,28.05941,52.08139
2025-05-28 21:15:26,0,0,28.05941,52.24696
2025-05-28 21:15:26,0,0,28.05941,52.24696
2025-05-28 21:15:26,0,0,28.06235,52.33811
2025-05-28 21:15:26,0,0,28.06235,52.33811
2025-05-28 21:15:26,0,0,28.05647,52.01902
2025-05-28 21:15:26,0,0,28.05647,52.01902
2025-05-28 21:15:27,0,0,28.05353,52.01923
2025-05-28 21:15:27,0,0,28.05353,52.01923
2025-05-28 21:15:27,0,0,28.03294,52.06944
2025-05-28 21:15:27,0,0,28.03294,52.06944
2025-05-28 21:15:27,0,0,28.04471,52.28441
2025-05-28 21:15:27,0,0,28.04471,52.28441
2025-05-28 21:15:27,0,0,28.04765,52.49983
2025-05-28 21:15:27,0,0,28.04765,52.49983
2025-05-28 21:15:27,0,0,28.04765,52.81577
2025-05-28 21:15:27,0,0,28.04765,52.81577
2025-05-28 21:15:27,0,0,28.04471,52.84629
2025-05-28 21:15:27,0,0,28.04471,52.84629
2025-05-28 21:15:27,0,0,28.04471,52.91088
2025-05-28 21:15:27,0,0,28.04471,52.91088
2025-05-28 21:15:28,0,0,28.05059,52.43364
2025-05-28 21:15:28,0,0,28.05059,52.43364
2025-05-28 21:15:28,0,0,28.03882,52.55231
2025-05-28 21:15:28,0,0,28.03882,52.55231
2025-05-28 21:15:28,0,0,28.04177,52.50929
2025-05-28 21:15:28,0,0,28.04177,52.50929
2025-05-28 21:15:28,0,0,28.04765,52.54705
2025-05-28 21:15:28,0,0,28.04765,52.54705
2025-05-28 21:15:28,0,0,28.04765,52.4602
2025-05-28 21:15:28,0,0,28.04765,52.4602
2025-05-28 21:15:28,0,0,28.05353,52.18773
2025-05-28 21:15:28,0,0,28.05353,52.18773
2025-05-28 21:15:29,0,0,28.05059,52.4543
2025-05-28 21:15:29,0,0,28.05059,52.4543
2025-05-28 21:15:29,0,0,28.04765,52.53213
2025-05-28 21:15:29,0,0,28.04765,52.53213
2025-05-28 21:15:29,0,0,28.05941,52.72712
2025-05-28 21:15:29,0,0,28.05941,52.72712
2025-05-28 21:15:29,0,0,28.05647,52.8213
2025-05-28 21:15:29,0,0,28.05647,52.8213
2025-05-28 21:15:29,0,0,28.06235,52.18092
2025-05-28 21:15:29,0,0,28.06235,52.18092
2025-05-28 21:15:29,0,0,28.04765,52.3808
2025-05-28 21:15:29,0,0,28.04765,52.3808
2025-05-28 21:15:30,0,0,28.07118,52.35093
2025-05-28 21:15:30,0,0,28.07118,52.35093
2025-05-28 21:15:30,0,0,28.05059,52.48141
2025-05-28 21:15:30,0,0,28.05059,52.48141
2025-05-28 21:15:30,0,0,28.03588,52.69038
2025-05-28 21:15:30,0,0,28.03588,52.69038
2025-05-28 21:15:30,0,0,28.03588,52.8168
2025-05-28 21:15:30,0,0,28.03588,52.8168
2025-05-28 21:15:30,0,0,28.05353,52.38072
2025-05-28 21:15:30,0,0,28.05353,52.38072
2025-05-28 21:15:30,0,0,28.05941,52.62812
2025-05-28 21:15:30,0,0,28.05941,52.62812
2025-05-28 21:15:31,0,0,28.05647,52.5956
2025-05-28 21:15:31,0,0,28.05647,52.5956
2025-05-28 21:15:31,0,0,28.05059,52.7349
2025-05-28 21:15:31,0,0,28.05059,52.7349
2025-05-28 21:15:31,0,0,28.05941,52.60844
2025-05-28 21:15:31,0,0,28.05941,52.60844
2025-05-28 21:15:31,0,0,28.05353,52.14248
2025-05-28 21:15:31,0,0,28.05353,52.14248
2025-05-28 21:15:31,0,0,28.06235,52.29568
2025-05-28 21:15:31,0,0,28.06235,52.29568
2025-05-28 21:15:31,0,0,28.05941,52.14814
2025-05-28 21:15:31,0,0,28.05941,52.14814
2025-05-28 21:15:31,0,0,28.07118,52.11105
2025-05-28 21:15:31,0,0,28.07118,52.11105
2025-05-28 21:15:32,0,0,28.06529,51.77363
2025-05-28 21:15:32,0,0,28.06529,51.77363
2025-05-28 21:15:32,0,0,28.05353,50.89222
2025-05-28 21:15:32,0,0,28.05353,50.89222
2025-05-28 21:15:32,0,0,28.06824,50.81895
2025-05-28 21:15:32,0,0,28.06824,50.81895
2025-05-28 21:15:32,0,0,28.06824,51.56338
2025-05-28 21:15:32,0,0,28.06824,51.56338
2025-05-28 21:15:32,0,0,28.06824,51.00236
2025-05-28 21:15:32,0,0,28.06824,51.00236
2025-05-28 21:15:32,0,0,28.07412,53.30094
2025-05-28 21:15:32,0,0,28.07412,53.30094
2025-05-28 21:15:33,0,0,28.07412,55.42147
2025-05-28 21:15:33,0,0,28.07412,55.42147
2025-05-28 21:15:33,0,0,28.07412,43.96072
2025-05-28 21:15:33,0,0,28.07412,43.96072
2025-05-28 21:15:33,0,0,28.06529,42.43516
2025-05-28 21:15:33,0,0,28.06529,42.43516
2025-05-28 21:15:33,0,0,28.07706,42.72185
2025-05-28 21:15:33,0,0,28.07706,42.72185
2025-05-28 21:15:33,0,0,28.07412,40.91851
2025-05-28 21:15:33,0,0,28.07412,40.91851
2025-05-28 21:15:33,0,0,28.07706,41.61279
2025-05-28 21:15:33,0,0,28.07706,41.61279
2025-05-28 21:15:34,0,0,28.08,40.55315
2025-05-28 21:15:34,0,0,28.08,40.55315
2025-05-28 21:15:34,0,0,28.06529,41.12086
2025-05-28 21:15:34,0,0,28.06529,41.12086
2025-05-28 21:15:34,0,0,28.08294,40.90449
2025-05-28 21:15:34,0,0,28.08294,40.90449
2025-05-28 21:15:34,0,0,28.08882,40.08056
2025-05-28 21:15:34,0,0,28.08882,40.08056
2025-05-28 21:15:34,0,0,28.08,41.12742
2025-05-28 21:15:34,0,0,28.08,41.12742
2025-05-28 21:15:34,0,0,28.08882,41.70041
2025-05-28 21:15:34,0,0,28.08882,41.70041
2025-05-28 21:15:35,0,0,28.08,40.59772
2025-05-28 21:15:35,0,0,28.08,40.59772
2025-05-28 21:15:35,0,0,28.08,40.90909
2025-05-28 21:15:35,0,0,28.08,40.90909
2025-05-28 21:15:35,0,0,28.09176,40.33421
2025-05-28 21:15:35,0,0,28.09176,40.33421
2025-05-28 21:15:35,0,0,28.09176,40.8849
2025-05-28 21:15:35,0,0,28.09176,40.8849
2025-05-28 21:15:35,0,0,28.08,40.84365
2025-05-28 21:15:35,0,0,28.08,40.84365
2025-05-28 21:15:35,0,0,28.08882,40
2025-05-28 21:15:35,0,0,28.08882,40
2025-05-28 21:15:36,0,0,28.09176,41.24669
2025-05-28 21:15:36,0,0,28.09176,41.24669
2025-05-28 21:15:36,0,0,28.09471,41.54557
2025-05-28 21:15:36,0,0,28.09471,41.54557
2025-05-28 21:15:36,0,0,28.09471,40.82977
2025-05-28 21:15:36,0,0,28.09471,40.82977
2025-05-28 21:15:36,0,0,28.09471,40.65825
2025-05-28 21:15:36,0,0,28.09471,40.65825
2025-05-28 21:15:36,0,0,28.09176,40.23286
2025-05-28 21:15:36,0,0,28.09176,40.23286
2025-05-28 21:15:36,0,0,28.10059,41.25248
2025-05-28 21:15:36,0,0,28.10059,41.25248
2025-05-28 21:15:36,0,0,28.10941,40.75422
2025-05-28 21:15:36,0,0,28.10941,40.75422
2025-05-28 21:15:37,0,0,28.10941,40.03958
2025-05-28 21:15:37,0,0,28.10941,40.03958
2025-05-28 21:15:37,0,0,28.10941,41.11293
2025-05-28 21:15:37,0,0,28.10941,41.11293
2025-05-28 21:15:37,0,0,28.10647,41.74085
2025-05-28 21:15:37,0,0,28.10647,41.74085
2025-05-28 21:15:37,0,0,28.10941,40.27916
2025-05-28 21:15:37,0,0,28.10941,40.27916
2025-05-28 21:15:37,0,0,28.10059,41.45861
2025-05-28 21:15:37,0,0,28.10059,41.45861
2025-05-28 21:15:37,0,0,28.10353,40.09756
2025-05-28 21:15:37,0,0,28.10353,40.09756
2025-05-28 21:15:38,0,0,28.10353,40.80688
2025-05-28 21:15:38,0,0,28.10353,40.80688
2025-05-28 21:15:38,0,0,28.10941,40.70884
2025-05-28 21:15:38,0,0,28.10941,40.70884
2025-05-28 21:15:38,0,0,28.10941,39.47627
2025-05-28 21:15:38,0,0,28.10941,39.47627
2025-05-28 21:15:38,0,0,28.11823,40.86871
2025-05-28 21:15:38,0,0,28.11823,40.86871
2025-05-28 21:15:38,0,0,28.10647,41.53041
2025-05-28 21:15:38,0,0,28.10647,41.53041
2025-05-28 21:15:38,0,0,28.11529,40.54054
2025-05-28 21:15:38,0,0,28.11529,40.54054
2025-05-28 21:15:39,0,0,28.12118,41.04601
2025-05-28 21:15:39,0,0,28.12118,41.04601
2025-05-28 21:15:39,0,0,28.12118,39.58469
2025-05-28 21:15:39,0,0,28.12118,39.58469
2025-05-28 21:15:39,0,0,28.11529,40.98628
2025-05-28 21:15:39,0,0,28.11529,40.98628
2025-05-28 21:15:39,0,0,28.12118,40.99769
2025-05-28 21:15:39,0,0,28.12118,40.99769
2025-05-28 21:15:39,0,0,28.12118,39.66408
2025-05-28 21:15:39,0,0,28.12118,39.66408
2025-05-28 21:15:39,0,0,28.11823,39.81723
2025-05-28 21:15:39,0,0,28.11823,39.81723
2025-05-28 21:15:40,0,0,28.12118,40.29207
2025-05-28 21:15:40,0,0,28.12118,40.29207
2025-05-28 21:15:40,0,0,28.13,40.6281
2025-05-28 21:15:40,0,0,28.13,40.6281
2025-05-28 21:15:40,0,0,28.10647,39.82614
2025-05-28 21:15:40,0,0,28.10647,39.82614
2025-05-28 21:15:40,0,0,28.12118,40.80629
2025-05-28 21:15:40,0,0,28.12118,40.80629
2025-05-28 21:15:40,0,0,28.12118,41.33987
2025-05-28 21:15:40,0,0,28.12118,41.33987
2025-05-28 21:15:40,0,0,28.13,39.90796
2025-05-28 21:15:40,0,0,28.13,39.90796
2025-05-28 21:15:40,0,0,28.13588,41.51067
2025-05-28 21:15:40,0,0,28.13588,41.51067
2025-05-28 21:15:41,0,0,28.13,40.75753
2025-05-28 21:15:41,0,0,28.13,40.75753
2025-05-28 21:15:41,0,0,28.12412,41.32286
2025-05-28 21:15:41,0,0,28.12412,41.32286
2025-05-28 21:15:41,0,0,28.12706,41.20952
2025-05-28 21:15:41,0,0,28.12706,41.20952
2025-05-28 21:15:41,0,0,28.13294,39.72956
2025-05-28 21:15:41,0,0,28.13294,39.72956
2025-05-28 21:15:41,0,0,28.12706,40.91205
2025-05-28 21:15:41,0,0,28.12706,40.91205
2025-05-28 21:15:41,0,0,28.12706,41.51067
2025-05-28 21:15:41,0,0,28.12706,41.51067
2025-05-28 21:15:42,0,0,28.13588,40.20215
2025-05-28 21:15:42,0,0,28.13588,40.20215
2025-05-28 21:15:42,0,0,28.14177,41.61983
2025-05-28 21:15:42,0,0,28.14177,41.61983
2025-05-28 21:15:42,0,0,28.13294,40.82299
2025-05-28 21:15:42,0,0,28.13294,40.82299
2025-05-28 21:15:42,0,0,28.14177,41.25782
2025-05-28 21:15:42,0,0,28.14177,41.25782
2025-05-28 21:15:42,0,0,28.15353,41.3245
2025-05-28 21:15:42,0,0,28.15353,41.3245
2025-05-28 21:15:42,0,0,28.14765,40.43734
2025-05-28 21:15:42,0,0,28.14765,40.43734
2025-05-28 21:15:43,0,0,28.15647,56.8639
2025-05-28 21:15:43,0,0,28.15647,56.8639
2025-05-28 21:15:43,0,0,28.15647,40.9881
2025-05-28 21:15:43,0,0,28.15647,40.9881
2025-05-28 21:15:43,0,0,28.15647,44.28521
2025-05-28 21:15:43,0,0,28.15647,44.28521
2025-05-28 21:15:43,0,0,28.15353,1.829944
2025-05-28 21:15:43,0,0,28.15353,1.829944
2025-05-28 21:15:43,0,0,28.15059,46.91303
2025-05-28 21:15:43,0,0,28.15059,46.91303
2025-05-28 21:15:43,0,0,28.15647,50.48234
2025-05-28 21:15:43,0,0,28.15647,50.48234
2025-05-28 21:15:44,0,0,28.14765,52.07927
2025-05-28 21:15:44,0,0,28.14765,52.07927
2025-05-28 21:15:44,0,0,28.14765,52.38928
2025-05-28 21:15:44,0,0,28.14765,52.38928
2025-05-28 21:15:44,0,0,28.15941,52.57393
2025-05-28 21:15:44,0,0,28.15941,52.57393
2025-05-28 21:15:44,0,0,28.15941,52.6041
2025-05-28 21:15:44,0,0,28.15941,52.6041
2025-05-28 21:15:44,0,0,28.16235,52.64611
2025-05-28 21:15:44,0,0,28.16235,52.64611
2025-05-28 21:15:44,0,0,28.15941,52.66124
2025-05-28 21:15:44,0,0,28.15941,52.66124
2025-05-28 21:15:45,0,0,28.16824,52.75498
2025-05-28 21:15:45,0,0,28.16824,52.75498
2025-05-28 21:15:45,0,0,28.17706,52.69448
2025-05-28 21:15:45,0,0,28.17706,52.69448
2025-05-28 21:15:45,0,0,28.16235,52.91995
2025-05-28 21:15:45,0,0,28.16235,52.91995
2025-05-28 21:15:45,0,0,28.14471,52.78874
2025-05-28 21:15:45,0,0,28.14471,52.78874
2025-05-28 21:15:45,0,0,28.14471,52.82634
2025-05-28 21:15:45,0,0,28.14471,52.82634
2025-05-28 21:15:45,0,0,28.15353,52.93312
2025-05-28 21:15:45,0,0,28.15353,52.93312
2025-05-28 21:15:45,0,0,28.13882,52.79332
2025-05-28 21:15:45,0,0,28.13882,52.79332
2025-05-28 21:15:46,0,0,28.13,52.85463
2025-05-28 21:15:46,0,0,28.13,52.85463
2025-05-28 21:15:46,0,0,28.12706,70.74913
2025-05-28 21:15:46,0,0,28.12706,70.74913
2025-05-28 21:15:46,0,0,28.13588,44.23077
2025-05-28 21:15:46,0,0,28.13588,44.23077
2025-05-28 21:15:46,0,0,28.12706,38.53054
2025-05-28 21:15:46,0,0,28.12706,38.53054
2025-05-28 21:15:46,0,0,28.14177,41.33171
2025-05-28 21:15:46,0,0,28.13588,42.78331
2025-05-28 21:15:46,0,0,28.14177,41.33171
2025-05-28 21:15:46,0,0,28.13588,42.78331
2025-05-28 21:15:47,0,0,28.14471,46.1691
2025-05-28 21:15:47,0,0,28.14471,46.1691
2025-05-28 21:15:47,0,0,28.15059,52.73271
2025-05-28 21:15:47,0,0,28.15059,52.73271
2025-05-28 21:15:47,0,0,28.15941,34.20124
2025-05-28 21:15:47,0,0,28.15941,34.20124
2025-05-28 21:15:47,0,0,28.15647,47.58221
2025-05-28 21:15:47,0,0,28.15647,47.58221
2025-05-28 21:15:47,0,0,28.13882,22.26967
2025-05-28 21:15:47,0,0,28.13882,22.26967
2025-05-28 21:15:47,0,0,28.14765,43.29214
2025-05-28 21:15:47,0,0,28.14765,43.29214
2025-05-28 21:15:48,0,0,28.15353,43.97908
2025-05-28 21:15:48,0,0,28.15353,43.97908
2025-05-28 21:15:48,0,0,28.14471,38.83659
2025-05-28 21:15:48,0,0,28.14471,38.83659
2025-05-28 21:15:48,0,0,28.13882,48.14693
2025-05-28 21:15:48,0,0,28.13882,48.14693
2025-05-28 21:15:48,0,0,28.14765,42.82079
2025-05-28 21:15:48,0,0,28.14765,42.82079
2025-05-28 21:15:48,0,0,28.15059,42.26665
2025-05-28 21:15:48,0,0,28.15059,42.26665
2025-05-28 21:15:48,0,0,28.15059,41.19455
2025-05-28 21:15:48,0,0,28.15059,41.19455
2025-05-28 21:15:49,0,0,28.14765,39.97456
2025-05-28 21:15:49,0,0,28.14765,39.97456
2025-05-28 21:15:49,0,0,28.15059,49.05993
2025-05-28 21:15:49,0,0,28.15059,49.05993
2025-05-28 21:15:49,0,0,28.15353,49.62788
2025-05-28 21:15:49,0,0,28.15353,49.62788
2025-05-28 21:15:49,0,0,28.15059,50.88589
2025-05-28 21:15:49,0,0,28.15059,50.88589
2025-05-28 21:15:49,0,0,28.14471,51.27598
2025-05-28 21:15:49,0,0,28.14471,51.27598
2025-05-28 21:15:49,0,0,28.13588,51.71262
2025-05-28 21:15:49,0,0,28.13588,51.71262
2025-05-28 21:15:49,0,0,28.13882,51.88974
2025-05-28 21:15:49,0,0,28.13882,51.88974
2025-05-28 21:15:50,0,0,28.13882,51.64387
2025-05-28 21:15:50,0,0,28.13882,51.64387
2025-05-28 21:15:50,0,0,28.14177,51.53453
2025-05-28 21:15:50,0,0,28.14177,51.53453
2025-05-28 21:15:50,0,0,28.14177,51.92535
2025-05-28 21:15:50,0,0,28.14177,51.92535
2025-05-28 21:15:50,0,0,28.14471,51.55734
2025-05-28 21:15:50,0,0,28.14471,51.55734
2025-05-28 21:15:50,0,0,28.14471,51.60604
2025-05-28 21:15:50,0,0,28.14471,51.60604
2025-05-28 21:15:50,0,0,28.14765,51.79708
2025-05-28 21:15:50,0,0,28.14765,51.79708
2025-05-28 21:15:51,0,0,28.13,51.85506
2025-05-28 21:15:51,0,0,28.13,51.85506
2025-05-28 21:15:51,0,0,28.15353,51.74812
2025-05-28 21:15:51,0,0,28.15353,51.74812
2025-05-28 21:15:51,0,0,28.16235,51.85516
2025-05-28 21:15:51,0,0,28.16235,51.85516
2025-05-28 21:15:51,0,0,28.14765,51.83252
2025-05-28 21:15:51,0,0,28.14765,51.83252
2025-05-28 21:15:51,0,0,28.14471,51.8073
2025-05-28 21:15:51,0,0,28.14471,51.8073
2025-05-28 21:15:51,0,0,28.14765,51.70475
2025-05-28 21:15:51,0,0,28.14765,51.70475
2025-05-28 21:15:52,0,0,28.15059,51.75615
2025-05-28 21:15:52,0,0,28.15059,51.75615
2025-05-28 21:15:52,0,0,28.13588,51.76324
2025-05-28 21:15:52,0,0,28.13588,51.76324
2025-05-28 21:15:52,0,0,28.14177,51.74979
2025-05-28 21:15:52,0,0,28.14177,51.74979
2025-05-28 21:15:52,0,0,28.14765,51.75301
2025-05-28 21:15:52,0,0,28.14765,51.75301
2025-05-28 21:15:52,0,0,28.14471,51.69973
2025-05-28 21:15:52,0,0,28.14471,51.69973
2025-05-28 21:15:52,0,0,28.14765,51.54939
2025-05-28 21:15:52,0,0,28.14765,51.54939
2025-05-28 21:15:53,0,0,28.14471,51.6525
2025-05-28 21:15:53,0,0,28.14471,51.6525
2025-05-28 21:15:53,0,0,28.14471,51.67037
2025-05-28 21:15:53,0,0,28.14471,51.67037
2025-05-28 21:15:53,0,0,28.13882,51.70828
2025-05-28 21:15:53,0,0,28.13882,51.70828
2025-05-28 21:15:53,0,0,28.14471,51.77419
2025-05-28 21:15:53,0,0,28.14471,51.77419
2025-05-28 21:15:53,0,0,28.14765,51.56322
2025-05-28 21:15:53,0,0,28.14765,51.56322
2025-05-28 21:15:53,0,0,28.13,51.62358
2025-05-28 21:15:53,0,0,28.13,51.62358
2025-05-28 21:15:54,0,0,28.13,51.62262
2025-05-28 21:15:54,0,0,28.13,51.62262
2025-05-28 21:15:54,0,0,28.12706,51.70622
2025-05-28 21:15:54,0,0,28.12706,51.70622
2025-05-28 21:15:54,0,0,28.13294,51.74461
2025-05-28 21:15:54,0,0,28.13294,51.74461
2025-05-28 21:15:54,0,0,28.13294,51.55773
2025-05-28 21:15:54,0,0,28.13294,51.55773
2025-05-28 21:15:54,0,0,28.14471,51.62044
2025-05-28 21:15:54,0,0,28.14471,51.62044
2025-05-28 21:15:54,0,0,28.14177,51.58745
2025-05-28 21:15:54,0,0,28.14177,51.58745
2025-05-28 21:15:54,0,0,28.14765,51.64483
2025-05-28 21:15:54,0,0,28.14765,51.64483
2025-05-28 21:15:55,0,0,28.15353,51.689
2025-05-28 21:15:55,0,0,28.15353,51.689
2025-05-28 21:15:55,0,0,28.14471,51.62036
2025-05-28 21:15:55,0,0,28.14471,51.62036
2025-05-28 21:15:55,0,0,28.14765,51.40377
2025-05-28 21:15:55,0,0,28.14765,51.40377
2025-05-28 21:15:55,0,0,28.14765,51.46334
2025-05-28 21:15:55,0,0,28.14765,51.46334
2025-05-28 21:15:55,0,0,28.13882,51.4718
2025-05-28 21:15:55,0,0,28.13882,51.4718
2025-05-28 21:15:55,0,0,28.14177,51.51749
2025-05-28 21:15:55,0,0,28.14177,51.51749
2025-05-28 21:15:56,0,0,28.15647,51.57294
2025-05-28 21:15:56,0,0,28.15647,51.57294
2025-05-28 21:15:56,0,0,28.15059,51.42932
2025-05-28 21:15:56,0,0,28.15059,51.42932
2025-05-28 21:15:56,0,0,28.15647,51.39017
2025-05-28 21:15:56,0,0,28.15647,51.39017
2025-05-28 21:15:56,0,0,28.15647,51.42645
2025-05-28 21:15:56,0,0,28.15647,51.42645
2025-05-28 21:15:56,0,0,28.15353,51.44915
2025-05-28 21:15:56,0,0,28.15353,51.44915
2025-05-28 21:15:56,0,0,28.15647,51.50902
2025-05-28 21:15:56,0,0,28.15647,51.50902
2025-05-28 21:15:57,0,0,28.14765,51.61238
2025-05-28 21:15:57,0,0,28.14765,51.61238
2025-05-28 21:15:57,0,0,28.15059,51.49144
2025-05-28 21:15:57,0,0,28.15059,51.49144
2025-05-28 21:15:57,0,0,28.15941,51.54574
2025-05-28 21:15:57,0,0,28.15941,51.54574
2025-05-28 21:15:57,0,0,28.16235,50.9995
2025-05-28 21:15:57,0,0,28.16235,50.9995
2025-05-28 21:15:57,0,0,28.15941,51.19233
2025-05-28 21:15:57,0,0,28.15941,51.19233
2025-05-28 21:15:57,0,0,28.16529,51.30817
2025-05-28 21:15:57,0,0,28.16529,51.30817
2025-05-28 21:15:58,0,0,28.17118,50.09887
2025-05-28 21:15:58,0,0,28.17118,50.09887
2025-05-28 21:15:58,0,0,28.15941,53.87073
2025-05-28 21:15:58,0,0,28.15941,53.87073
2025-05-28 21:15:58,0,0,28.15941,57.14465
2025-05-28 21:15:58,0,0,28.15941,57.14465
2025-05-28 21:15:58,0,0,28.14765,61.16376
2025-05-28 21:15:58,0,0,28.14765,61.16376
2025-05-28 21:15:58,0,0,28.16529,60.71893
2025-05-28 21:15:58,0,0,28.16529,60.71893
2025-05-28 21:15:58,0,0,28.15941,59.9634
2025-05-28 21:15:58,0,0,28.15941,59.9634
2025-05-28 21:15:58,0,0,28.15941,59.98158
2025-05-28 21:15:58,0,0,28.15941,59.98158
2025-05-28 21:15:59,0,0,28.15941,59.90722
2025-05-28 21:15:59,0,0,28.15941,59.90722
2025-05-28 21:15:59,0,0,28.15353,58.96038
2025-05-28 21:15:59,0,0,28.15353,58.96038
2025-05-28 21:15:59,0,0,28.16235,60
2025-05-28 21:15:59,0,0,28.16235,60
2025-05-28 21:15:59,0,0,28.16235,57.72496
2025-05-28 21:15:59,0,0,28.16235,57.72496
2025-05-28 21:15:59,0,0,28.16235,50.05908
2025-05-28 21:15:59,0,0,28.16235,50.05908
2025-05-28 21:15:59,0,0,28.14471,53.96847
2025-05-28 21:15:59,0,0,28.14471,53.96847
2025-05-28 21:16:00,0,0,28.15647,40.63351
2025-05-28 21:16:00,0,0,28.15647,40.63351
2025-05-28 21:16:00,0,0,28.15647,49.95036
2025-05-28 21:16:00,0,0,28.15647,49.95036
2025-05-28 21:16:00,0,0,28.15647,51.40184
2025-05-28 21:16:00,0,0,28.15647,51.40184
2025-05-28 21:16:00,0,0,28.14765,11.81682
2025-05-28 21:16:00,0,0,28.14765,11.81682
2025-05-28 21:16:00,0,0,28.15941,50.81347
2025-05-28 21:16:00,0,0,28.15941,50.81347
2025-05-28 21:16:00,0,0,28.16529,51.24865
2025-05-28 21:16:00,0,0,28.16529,51.24865
2025-05-28 21:16:01,0,0,28.15647,51.41509
2025-05-28 21:16:01,0,0,28.15647,51.41509
2025-05-28 21:16:01,0,0,28.17706,11.52411
2025-05-28 21:16:01,0,0,28.17706,11.52411
2025-05-28 21:16:01,0,0,28.16235,51.6101
2025-05-28 21:16:01,0,0,28.16235,51.6101
2025-05-28 21:16:01,0,0,28.17706,51.57238
2025-05-28 21:16:01,0,0,28.17706,51.57238
2025-05-28 21:16:01,0,0,28.18294,51.62749
2025-05-28 21:16:01,0,0,28.18294,51.62749
2025-05-28 21:16:01,0,0,28.16235,51.71937
2025-05-28 21:16:01,0,0,28.16235,51.71937
2025-05-28 21:16:02,0,0,28.14471,51.84423
2025-05-28 21:16:02,0,0,28.14471,51.84423
2025-05-28 21:16:02,0,0,28.14765,51.97603
2025-05-28 21:16:02,0,0,28.14765,51.97603
2025-05-28 21:16:02,0,0,28.15941,51.72879
2025-05-28 21:16:02,0,0,28.15941,51.72879
2025-05-28 21:16:02,0,0,28.16824,51.58887
2025-05-28 21:16:02,0,0,28.16824,51.58887
2025-05-28 21:16:02,0,0,28.15353,51.9109
2025-05-28 21:16:02,0,0,28.15353,51.9109
2025-05-28 21:16:02,0,0,28.14765,51.93153
2025-05-28 21:16:02,0,0,28.14765,51.93153
2025-05-28 21:16:03,0,0,28.15353,51.97666
2025-05-28 21:16:03,0,0,28.15353,51.97666
2025-05-28 21:16:03,0,0,28.15353,52.06665
2025-05-28 21:16:03,0,0,28.15353,52.06665
2025-05-28 21:16:03,0,0,28.15941,51.84682
2025-05-28 21:16:03,0,0,28.15941,51.84682
2025-05-28 21:16:03,0,0,28.16235,51.96565
2025-05-28 21:16:03,0,0,28.16235,51.96565
2025-05-28 21:16:03,0,0,28.16529,51.96073
2025-05-28 21:16:03,0,0,28.16529,51.96073
2025-05-28 21:16:03,0,0,28.17118,52.03712
2025-05-28 21:16:03,0,0,28.17118,52.03712
2025-05-28 21:16:03,0,0,28.17412,52.38224
2025-05-28 21:16:03,0,0,28.17412,52.38224
2025-05-28 21:16:04,0,0,28.18294,52.24013
2025-05-28 21:16:04,0,0,28.18294,52.24013
2025-05-28 21:16:04,0,0,28.18294,52.2752
2025-05-28 21:16:04,0,0,28.18294,52.2752
2025-05-28 21:16:04,0,0,28.18,52.25074
2025-05-28 21:16:04,0,0,28.18,52.25074
2025-05-28 21:16:04,0,0,28.18882,52.29747
2025-05-28 21:16:04,0,0,28.18882,52.29747
2025-05-28 21:16:04,0,0,28.19471,52.3091
2025-05-28 21:16:04,0,0,28.19471,52.3091
2025-05-28 21:16:04,0,0,28.17706,52.16782
2025-05-28 21:16:04,0,0,28.17706,52.16782
2025-05-28 21:16:05,0,0,28.18294,52.27074
2025-05-28 21:16:05,0,0,28.18294,52.27074
2025-05-28 21:16:05,0,0,28.18,52.14161
2025-05-28 21:16:05,0,0,28.18,52.14161
2025-05-28 21:16:05,0,0,28.18,52.15921
2025-05-28 21:16:05,0,0,28.18,52.15921
2025-05-28 21:16:05,0,0,28.17118,52.17228
2025-05-28 21:16:05,0,0,28.17118,52.17228
2025-05-28 21:16:05,0,0,28.18882,52.21246
2025-05-28 21:16:05,0,0,28.18882,52.21246
2025-05-28 21:16:05,0,0,28.19176,51.97334
2025-05-28 21:16:05,0,0,28.19176,51.97334
2025-05-28 21:16:06,0,0,28.17412,51.99325
2025-05-28 21:16:06,0,0,28.17412,51.99325
2025-05-28 21:16:06,0,0,28.18588,51.97489
2025-05-28 21:16:06,0,0,28.18294,52.03007
2025-05-28 21:16:06,0,0,28.18588,51.97489
2025-05-28 21:16:06,0,0,28.18294,52.03007
2025-05-28 21:16:06,0,0,28.18,52.06542
2025-05-28 21:16:06,0,0,28.18,52.06542
2025-05-28 21:16:06,0,0,28.18294,51.90342
2025-05-28 21:16:06,0,0,28.18294,51.90342
2025-05-28 21:16:06,0,0,28.18294,51.92592
2025-05-28 21:16:06,0,0,28.18294,51.92592
2025-05-28 21:16:07,0,0,28.18882,51.8994
2025-05-28 21:16:07,0,0,28.18882,51.8994
2025-05-28 21:16:07,0,0,28.18294,51.93275
2025-05-28 21:16:07,0,0,28.18294,51.93275
2025-05-28 21:16:07,0,0,28.18,51.96249
2025-05-28 21:16:07,0,0,28.18,51.96249
2025-05-28 21:16:07,0,0,28.18588,51.8841
2025-05-28 21:16:07,0,0,28.18588,51.8841
2025-05-28 21:16:07,0,0,28.18588,52.18209
2025-05-28 21:16:07,0,0,28.18588,52.18209
2025-05-28 21:16:07,0,0,28.18294,50.76032
2025-05-28 21:16:07,0,0,28.18294,50.76032
2025-05-28 21:16:07,0,0,28.18,50.42604
2025-05-28 21:16:07,0,0,28.18,50.42604
2025-05-28 21:16:08,0,0,28.19176,50.3511
2025-05-28 21:16:08,0,0,28.19176,50.3511
2025-05-28 21:16:08,0,0,28.18882,49.23667
2025-05-28 21:16:08,0,0,28.18882,49.23667
2025-05-28 21:16:08,0,0,28.19176,48.44908
2025-05-28 21:16:08,0,0,28.19176,48.44908
2025-05-28 21:16:08,0,0,28.20647,55.96229
2025-05-28 21:16:08,0,0,28.20647,55.96229
2025-05-28 21:16:08,0,0,28.21235,49.87031
2025-05-28 21:16:08,0,0,28.21235,49.87031
2025-05-28 21:16:08,0,0,28.18588,49.53954
2025-05-28 21:16:08,0,0,28.18588,49.53954
2025-05-28 21:16:09,0,0,28.20647,49.70709
2025-05-28 21:16:09,0,0,28.20647,49.70709
2025-05-28 21:16:09,0,0,28.21529,47.00922
2025-05-28 21:16:09,0,0,28.21529,47.00922
2025-05-28 21:16:09,0,0,28.19765,45.23015
2025-05-28 21:16:09,0,0,28.19765,45.23015
2025-05-28 21:16:09,0,0,28.19176,45.85751
2025-05-28 21:16:09,0,0,28.19176,45.85751
2025-05-28 21:16:09,0,0,28.19176,47.19704
2025-05-28 21:16:09,0,0,28.19176,47.19704
2025-05-28 21:16:09,0,0,28.18588,50.00777
2025-05-28 21:16:09,0,0,28.18588,50.00777
2025-05-28 21:16:10,0,0,28.19176,44.86631
2025-05-28 21:16:10,0,0,28.19176,44.86631
2025-05-28 21:16:10,0,0,28.20647,31.71083
2025-05-28 21:16:10,0,0,28.20647,31.71083
2025-05-28 21:16:10,0,0,28.21529,54.82114
2025-05-28 21:16:10,0,0,28.21529,54.82114
2025-05-28 21:16:10,0,0,28.19765,50.10163
2025-05-28 21:16:10,0,0,28.19765,50.10163
2025-05-28 21:16:10,0,0,28.20941,51.45555
2025-05-28 21:16:10,0,0,28.20941,51.45555
2025-05-28 21:16:10,0,0,28.21824,50.69136
2025-05-28 21:16:10,0,0,28.21824,50.69136
2025-05-28 21:16:11,0,0,28.21529,50.55292
2025-05-28 21:16:11,0,0,28.21529,50.55292
2025-05-28 21:16:11,0,0,28.20353,49.6995
2025-05-28 21:16:11,0,0,28.20353,49.6995
2025-05-28 21:16:11,0,0,28.20353,50.26596
2025-05-28 21:16:11,0,0,28.20647,50.01339
2025-05-28 21:16:11,0,0,28.20353,50.26596
2025-05-28 21:16:11,0,0,28.20647,50.01339
2025-05-28 21:16:11,0,0,28.20941,49.43579
2025-05-28 21:16:11,0,0,28.20941,49.43579
2025-05-28 21:16:11,0,0,28.19176,49.16125
2025-05-28 21:16:11,0,0,28.19176,49.16125
2025-05-28 21:16:12,0,0,28.19471,49.2444
2025-05-28 21:16:12,0,0,28.19471,49.2444
2025-05-28 21:16:12,0,0,28.20353,48.84615
2025-05-28 21:16:12,0,0,28.20353,48.84615
2025-05-28 21:16:12,0,0,28.20353,48.5124
2025-05-28 21:16:12,0,0,28.20353,48.5124
2025-05-28 21:16:12,0,0,28.21235,47.593
2025-05-28 21:16:12,0,0,28.21235,47.593
2025-05-28 21:16:12,0,0,28.21235,48.72144
2025-05-28 21:16:12,0,0,28.21235,48.72144
2025-05-28 21:16:12,0,0,28.20941,49.02392
2025-05-28 21:16:12,0,0,28.20941,49.02392
2025-05-28 21:16:12,0,0,28.21824,48.03542
2025-05-28 21:16:12,0,0,28.21824,48.03542
2025-05-28 21:16:13,0,0,28.21529,48.34492
2025-05-28 21:16:13,0,0,28.21529,48.34492
2025-05-28 21:16:13,0,0,28.21235,47.27423
2025-05-28 21:16:13,0,0,28.21235,47.27423
2025-05-28 21:16:13,0,0,28.22706,47.56471
2025-05-28 21:16:13,0,0,28.22706,47.56471
2025-05-28 21:16:13,0,0,28.23588,47.69404
2025-05-28 21:16:13,0,0,28.23588,47.69404
2025-05-28 21:16:13,0,0,28.22412,46.65387
2025-05-28 21:16:13,0,0,28.22412,46.65387
2025-05-28 21:16:13,0,0,28.22118,47.34923
2025-05-28 21:16:13,0,0,28.22118,47.34923
2025-05-28 21:16:14,0,0,28.23882,47.99666
2025-05-28 21:16:14,0,0,28.23882,47.99666
2025-05-28 21:16:14,0,0,28.22412,46.58072
2025-05-28 21:16:14,0,0,28.22412,46.58072
2025-05-28 21:16:14,0,0,28.22706,47.88733
2025-05-28 21:16:14,0,0,28.22706,47.88733
2025-05-28 21:16:14,0,0,28.23294,47.42698
2025-05-28 21:16:14,0,0,28.23294,47.42698
2025-05-28 21:16:14,0,0,28.22412,47.69102
2025-05-28 21:16:14,0,0,28.22412,47.69102
2025-05-28 21:16:14,0,0,28.23588,47.72277
2025-05-28 21:16:14,0,0,28.23588,47.72277
2025-05-28 21:16:15,0,0,28.23882,46.51486
2025-05-28 21:16:15,0,0,28.23882,46.51486
2025-05-28 21:16:15,0,0,28.22118,47.39787
2025-05-28 21:16:15,0,0,28.22118,47.39787
2025-05-28 21:16:15,0,0,28.22706,48.02817
2025-05-28 21:16:15,0,0,28.22706,48.02817
2025-05-28 21:16:15,0,0,28.22118,46.34491
2025-05-28 21:16:15,0,0,28.22118,46.34491
2025-05-28 21:16:15,0,0,28.23294,47.62174
2025-05-28 21:16:15,0,0,28.23294,47.62174
2025-05-28 21:16:15,0,0,28.22412,47.06376
2025-05-28 21:16:15,0,0,28.22412,47.06376
2025-05-28 21:16:16,0,0,28.22706,47.82609
2025-05-28 21:16:16,0,0,28.22706,47.82609
2025-05-28 21:16:16,0,0,28.22706,46.90469
2025-05-28 21:16:16,0,0,28.22706,46.90469
2025-05-28 21:16:16,0,0,28.23294,46.47693
2025-05-28 21:16:16,0,0,28.23294,46.47693
2025-05-28 21:16:16,0,0,28.22412,45.35392
2025-05-28 21:16:16,0,0,28.22412,45.35392
2025-05-28 21:16:16,0,0,28.22412,46.08619
2025-05-28 21:16:16,0,0,28.22412,46.08619
2025-05-28 21:16:16,0,0,28.23,44.55533
2025-05-28 21:16:16,0,0,28.23,44.55533
2025-05-28 21:16:16,0,0,28.21824,45.88446
2025-05-28 21:16:16,0,0,28.21824,45.88446
2025-05-28 21:16:17,0,0,28.23294,44.98229
2025-05-28 21:16:17,0,0,28.23294,44.98229
2025-05-28 21:16:17,0,0,28.24471,45.00896
2025-05-28 21:16:17,0,0,28.24471,45.00896
2025-05-28 21:16:17,0,0,28.23,44.96337
2025-05-28 21:16:17,0,0,28.23,44.96337
2025-05-28 21:16:17,0,0,28.23882,44.43478
2025-05-28 21:16:17,0,0,28.23882,44.43478
2025-05-28 21:16:17,0,0,28.23294,44.76814
2025-05-28 21:16:17,0,0,28.23294,44.76814
2025-05-28 21:16:17,0,0,28.22412,44.84505
2025-05-28 21:16:17,0,0,28.22412,44.84505
2025-05-28 21:16:18,0,0,28.23882,44.44118
2025-05-28 21:16:18,0,0,28.23882,44.44118
2025-05-28 21:16:18,0,0,28.22412,45.3457
2025-05-28 21:16:18,0,0,28.22412,45.3457
2025-05-28 21:16:18,0,0,28.22412,45.00595
2025-05-28 21:16:18,0,0,28.22412,45.00595
2025-05-28 21:16:18,0,0,28.23588,45.08636
2025-05-28 21:16:18,0,0,28.23588,45.08636
2025-05-28 21:16:18,0,0,28.22118,45.21502
2025-05-28 21:16:18,0,0,28.22118,45.21502
2025-05-28 21:16:18,0,0,28.23588,44.0407
2025-05-28 21:16:18,0,0,28.23588,44.0407
2025-05-28 21:16:19,0,0,28.23882,44.43114
2025-05-28 21:16:19,0,0,28.23882,44.43114
2025-05-28 21:16:19,0,0,28.25941,44.17271
2025-05-28 21:16:19,0,0,28.25941,44.17271
2025-05-28 21:16:19,0,0,28.25353,43.22854
2025-05-28 21:16:19,0,0,28.25353,43.22854
2025-05-28 21:16:19,0,0,28.25353,44.28961
2025-05-28 21:16:19,0,0,28.25353,44.28961
2025-05-28 21:16:19,0,0,28.24176,43.99385
2025-05-28 21:16:19,0,0,28.24176,43.99385
2025-05-28 21:16:19,0,0,28.25059,43.22266
2025-05-28 21:16:19,0,0,28.25059,43.22266
2025-05-28 21:16:20,0,0,28.24765,43.66025
2025-05-28 21:16:20,0,0,28.24765,43.66025
2025-05-28 21:16:20,0,0,28.24176,42.87006
2025-05-28 21:16:20,0,0,28.24176,42.87006
2025-05-28 21:16:20,0,0,28.24765,43.46902
2025-05-28 21:16:20,0,0,28.24765,43.46902
2025-05-28 21:16:20,0,0,28.23588,43.40086
2025-05-28 21:16:20,0,0,28.23588,43.40086
2025-05-28 21:16:20,0,0,28.24471,41.96672
2025-05-28 21:16:20,0,0,28.24471,41.96672
2025-05-28 21:16:20,0,0,28.25647,42.85275
2025-05-28 21:16:20,0,0,28.25647,42.85275
2025-05-28 21:16:21,0,0,28.24471,43.58264
2025-05-28 21:16:21,0,0,28.24471,43.58264
2025-05-28 21:16:21,0,0,28.25941,42.29237
2025-05-28 21:16:21,0,0,28.25941,42.29237
2025-05-28 21:16:21,0,0,28.2653,43.94924
2025-05-28 21:16:21,0,0,28.2653,43.94924
2025-05-28 21:16:21,0,0,28.25353,43.14146
2025-05-28 21:16:21,0,0,28.25353,43.14146
2025-05-28 21:16:21,0,0,28.25647,43.17687
2025-05-28 21:16:21,0,0,28.25647,43.17687
2025-05-28 21:16:21,0,0,28.25353,43.51385
2025-05-28 21:16:21,0,0,28.25353,43.51385
2025-05-28 21:16:21,0,0,28.25941,42.56595
2025-05-28 21:16:21,0,0,28.25941,42.56595
2025-05-28 21:16:22,0,0,28.2653,42.98489
2025-05-28 21:16:22,0,0,28.2653,42.98489
2025-05-28 21:16:22,0,0,28.25647,42.89246
2025-05-28 21:16:22,0,0,28.25647,42.89246
2025-05-28 21:16:22,0,0,28.25059,42.03526
2025-05-28 21:16:22,0,0,28.25059,42.03526
2025-05-28 21:16:22,0,0,28.25647,42.14047
2025-05-28 21:16:22,0,0,28.25647,42.14047
2025-05-28 21:16:22,0,0,28.24176,42.6189
2025-05-28 21:16:22,0,0,28.24176,42.6189
2025-05-28 21:16:22,0,0,28.24765,42.52409
2025-05-28 21:16:22,0,0,28.24765,42.52409
2025-05-28 21:16:23,0,0,28.26235,41.61053
2025-05-28 21:16:23,0,0,28.26235,41.61053
2025-05-28 21:16:23,0,0,28.25647,42.78288
2025-05-28 21:16:23,0,0,28.25647,42.78288
2025-05-28 21:16:23,0,0,28.25353,42.73034
2025-05-28 21:16:23,0,0,28.2653,42.77726
2025-05-28 21:16:23,0,0,28.25353,42.73034
2025-05-28 21:16:23,0,0,28.2653,42.77726
2025-05-28 21:16:23,0,0,28.26235,41.3479
2025-05-28 21:16:23,0,0,28.26235,41.3479
2025-05-28 21:16:23,0,0,28.2653,42.76418
2025-05-28 21:16:23,0,0,28.2653,42.76418
2025-05-28 21:16:24,0,0,28.27118,43.25999
2025-05-28 21:16:24,0,0,28.27118,43.25999
2025-05-28 21:16:24,0,0,28.25941,41.88061
2025-05-28 21:16:24,0,0,28.25941,41.88061
2025-05-28 21:16:24,0,0,28.25647,42.60117
2025-05-28 21:16:24,0,0,28.25647,42.60117
2025-05-28 21:16:24,0,0,28.25941,42.61486
2025-05-28 21:16:24,0,0,28.25941,42.61486
2025-05-28 21:16:24,0,0,28.25647,42.99938
2025-05-28 21:16:24,0,0,28.25647,42.99938
2025-05-28 21:16:24,0,0,28.2653,43.10235
2025-05-28 21:16:24,0,0,28.2653,43.10235
2025-05-28 21:16:25,0,0,28.26235,41.74992
2025-05-28 21:16:25,0,0,28.26235,41.74992
2025-05-28 21:16:25,0,0,28.2653,42.50937
2025-05-28 21:16:25,0,0,28.2653,42.50937
2025-05-28 21:16:25,0,0,28.25647,42.22709
2025-05-28 21:16:25,0,0,28.25647,42.22709
2025-05-28 21:16:25,0,0,28.25353,41.7667
2025-05-28 21:16:25,0,0,28.25353,41.7667
2025-05-28 21:16:25,0,0,28.25059,42.59029
2025-05-28 21:16:25,0,0,28.25059,42.59029
2025-05-28 21:16:25,0,0,28.25647,43.01573
2025-05-28 21:16:25,0,0,28.25647,43.01573
2025-05-28 21:16:25,0,0,28.25353,41.92248
2025-05-28 21:16:25,0,0,28.25353,41.92248
2025-05-28 21:16:26,0,0,28.25059,43.11639
2025-05-28 21:16:26,0,0,28.25059,43.11639
2025-05-28 21:16:26,0,0,28.24765,42.47212
2025-05-28 21:16:26,0,0,28.24765,42.47212
2025-05-28 21:16:26,0,0,28.25647,43.16279
2025-05-28 21:16:26,0,0,28.25647,43.16279
2025-05-28 21:16:26,0,0,28.25647,42.64984
2025-05-28 21:16:26,0,0,28.25647,42.64984
2025-05-28 21:16:26,0,0,28.25059,41.87177
2025-05-28 21:16:26,0,0,28.25059,41.87177
2025-05-28 21:16:26,0,0,28.25353,42.76011
2025-05-28 21:16:26,0,0,28.25353,42.76011
2025-05-28 21:16:27,0,0,28.25647,42.63832
2025-05-28 21:16:27,0,0,28.25647,42.63832
2025-05-28 21:16:27,0,0,28.24176,41.67442
2025-05-28 21:16:27,0,0,28.24176,41.67442
2025-05-28 21:16:27,0,0,28.24471,43.24663
2025-05-28 21:16:27,0,0,28.24471,43.24663
2025-05-28 21:16:27,0,0,28.23294,42.7724
2025-05-28 21:16:27,0,0,28.23294,42.7724
2025-05-28 21:16:27,0,0,28.24176,42.43462
2025-05-28 21:16:27,0,0,28.24176,42.43462
2025-05-28 21:16:27,0,0,28.23294,42.45723
2025-05-28 21:16:27,0,0,28.23294,42.45723
2025-05-28 21:16:28,0,0,28.24471,41.54367
2025-05-28 21:16:28,0,0,28.24471,41.54367
2025-05-28 21:16:28,0,0,28.23588,42.40723
2025-05-28 21:16:28,0,0,28.23588,42.40723
2025-05-28 21:16:28,0,0,28.23882,42.22499
2025-05-28 21:16:28,0,0,28.23882,42.22499
2025-05-28 21:16:28,0,0,28.23882,41.29902
2025-05-28 21:16:28,0,0,28.23882,41.29902
2025-05-28 21:16:28,0,0,28.23588,42.42236
2025-05-28 21:16:28,0,0,28.23588,42.42236
2025-05-28 21:16:28,0,0,28.23588,42.78191
2025-05-28 21:16:28,0,0,28.23588,42.78191
2025-05-28 21:16:29,0,0,28.24471,41.58354
2025-05-28 21:16:29,0,0,28.24471,41.58354
2025-05-28 21:16:29,0,0,28.25647,42.84824
2025-05-28 21:16:29,0,0,28.25647,42.84824
2025-05-28 21:16:29,0,0,28.25353,42.18653
2025-05-28 21:16:29,0,0,28.25353,42.18653
2025-05-28 21:16:29,0,0,28.24765,42.80843
2025-05-28 21:16:29,0,0,28.24765,42.80843
2025-05-28 21:16:29,0,0,28.23588,42.87508
2025-05-28 21:16:29,0,0,28.23588,42.87508
2025-05-28 21:16:29,0,0,28.24765,42.06179
2025-05-28 21:16:29,0,0,28.24765,42.06179
2025-05-28 21:16:30,0,0,28.24765,42.46363
2025-05-28 21:16:30,0,0,28.24765,42.46363
2025-05-28 21:16:30,0,0,28.24471,42.57457
2025-05-28 21:16:30,0,0,28.24471,42.57457
2025-05-28 21:16:30,0,0,28.25353,41.4771
2025-05-28 21:16:30,0,0,28.25353,41.4771
2025-05-28 21:16:30,0,0,28.24471,42.67756
2025-05-28 21:16:30,0,0,28.24471,42.67756
2025-05-28 21:16:30,0,0,28.25647,42.48981
2025-05-28 21:16:30,0,0,28.25647,42.48981
2025-05-28 21:16:30,0,0,28.25647,41.68501
2025-05-28 21:16:30,0,0,28.25647,41.68501
2025-05-28 21:16:30,0,0,28.26235,42.38348
2025-05-28 21:16:30,0,0,28.26235,42.38348
2025-05-28 21:16:31,0,0,28.24765,41.70777
2025-05-28 21:16:31,0,0,28.24765,41.70777
2025-05-28 21:16:31,0,0,28.24765,42.17282
2025-05-28 21:16:31,0,0,28.24765,42.17282
2025-05-28 21:16:31,0,0,28.25647,42.06399
2025-05-28 21:16:31,0,0,28.25647,42.06399
2025-05-28 21:16:31,0,0,28.25941,40.97954
2025-05-28 21:16:31,0,0,28.25941,40.97954
2025-05-28 21:16:31,0,0,28.26235,41.9203
2025-05-28 21:16:31,0,0,28.26235,41.9203
2025-05-28 21:16:31,0,0,28.24765,42.2645
2025-05-28 21:16:31,0,0,28.24765,42.2645
2025-05-28 21:16:32,0,0,28.25059,41.10063
2025-05-28 21:16:32,0,0,28.25059,41.10063
2025-05-28 21:16:32,0,0,28.26235,42.73691
2025-05-28 21:16:32,0,0,28.26235,42.73691
2025-05-28 21:16:32,0,0,28.26824,42.0155
2025-05-28 21:16:32,0,0,28.26824,42.0155
2025-05-28 21:16:32,0,0,28.25941,42.58912
2025-05-28 21:16:32,0,0,28.25941,42.58912
2025-05-28 21:16:32,0,0,28.2653,42.83001
2025-05-28 21:16:32,0,0,28.2653,42.83001
2025-05-28 21:16:32,0,0,28.25941,41.54546
2025-05-28 21:16:32,0,0,28.25941,41.54546
2025-05-28 21:16:33,0,0,28.2653,42.18113
2025-05-28 21:16:33,0,0,28.2653,42.18113
2025-05-28 21:16:33,0,0,28.25647,42.0789
2025-05-28 21:16:33,0,0,28.25647,42.0789
2025-05-28 21:16:33,0,0,28.24765,41.30707
2025-05-28 21:16:33,0,0,28.24765,41.30707
2025-05-28 21:16:33,0,0,28.24765,42.21669
2025-05-28 21:16:33,0,0,28.24765,42.21669
2025-05-28 21:16:33,0,0,28.25353,42.08229
2025-05-28 21:16:33,0,0,28.25353,42.08229
2025-05-28 21:16:33,0,0,28.24765,41.96091
2025-05-28 21:16:33,0,0,28.24765,41.96091
2025-05-28 21:16:34,0,0,28.24176,40.59132
2025-05-28 21:16:34,0,0,28.24176,40.59132
2025-05-28 21:16:34,0,0,28.24765,42.38657
2025-05-28 21:16:34,0,0,28.24765,42.38657
2025-05-28 21:16:34,0,0,28.25647,42.66999
2025-05-28 21:16:34,0,0,28.25647,42.66999
2025-05-28 21:16:34,0,0,28.25059,41.15987
2025-05-28 21:16:34,0,0,28.25059,41.15987
2025-05-28 21:16:34,0,0,28.25059,43.29835
2025-05-28 21:16:34,0,0,28.25059,43.29835
2025-05-28 21:16:34,0,0,28.24471,41.63823
2025-05-28 21:16:35,0,0,28.23588,42.0029
2025-05-28 21:16:34,0,0,28.24471,41.63823
2025-05-28 21:16:35,0,0,28.23588,42.0029
2025-05-28 21:16:35,0,0,28.23882,42.50239
2025-05-28 21:16:35,0,0,28.23882,42.50239
2025-05-28 21:16:35,0,0,28.23588,42.82325
2025-05-28 21:16:35,0,0,28.23588,42.82325
2025-05-28 21:16:35,0,0,28.24176,41.59598
2025-05-28 21:16:35,0,0,28.24176,41.59598
2025-05-28 21:16:35,0,0,28.24765,41.95893
2025-05-28 21:16:35,0,0,28.24765,41.95893
2025-05-28 21:16:35,0,0,28.25647,40.98618
2025-05-28 21:16:35,0,0,28.24765,41.82782
2025-05-28 21:16:36,0,0,28.24471,42.03891
2025-05-28 21:16:36,0,0,28.25059,41.97495
2025-05-28 21:16:36,0,0,28.23882,41.09058
2025-05-28 21:16:36,0,0,28.22118,42.20642
2025-05-28 21:16:36,0,0,28.23882,43.96006
2025-05-28 21:16:36,0,0,28.23294,42.88753
2025-05-28 21:16:35,0,0,28.25647,40.98618
2025-05-28 21:16:37,0,0,28.23588,41.97626
2025-05-28 21:16:35,0,0,28.24765,41.82782
2025-05-28 21:16:37,0,0,28.21824,43.0347
2025-05-28 21:16:36,0,0,28.24471,42.03891
2025-05-28 21:16:36,0,0,28.25059,41.97495
2025-05-28 21:16:36,0,0,28.23882,41.09058
2025-05-28 21:16:36,0,0,28.22118,42.20642
2025-05-28 21:16:36,0,0,28.23882,43.96006
2025-05-28 21:16:36,0,0,28.23294,42.88753
2025-05-28 21:16:37,0,0,28.23588,41.97626
2025-05-28 21:16:37,0,0,28.21824,43.0347
2025-05-28 21:16:37,0,0,28.22706,43.6853
2025-05-28 21:16:37,0,0,28.22706,43.6853
2025-05-28 21:16:37,0,0,28.22118,42.83894
2025-05-28 21:16:37,0,0,28.22118,42.83894
2025-05-28 21:16:37,0,0,28.20941,42.73183
2025-05-28 21:16:37,0,0,28.20941,42.73183
2025-05-28 21:16:37,0,0,28.20941,43.37503
2025-05-28 21:16:37,0,0,28.20941,43.37503
2025-05-28 21:16:38,0,0,28.21824,43.41286
2025-05-28 21:16:38,0,0,28.21824,43.41286
2025-05-28 21:16:38,0,0,28.21529,42.06391
2025-05-28 21:16:38,0,0,28.21529,42.06391
2025-05-28 21:16:38,0,0,28.21529,42.96238
2025-05-28 21:16:38,0,0,28.20059,41.74368
2025-05-28 21:16:38,0,0,28.21529,42.96238
2025-05-28 21:16:38,0,0,28.20059,41.74368
2025-05-28 21:16:38,0,0,28.20647,39.92921
2025-05-28 21:16:38,0,0,28.20647,39.92921
2025-05-28 21:16:38,0,0,28.21235,40.98726
2025-05-28 21:16:38,0,0,28.21235,40.98726
2025-05-28 21:16:39,0,0,28.21824,39.78461
2025-05-28 21:16:39,0,0,28.21824,39.78461
2025-05-28 21:16:39,0,0,28.19471,40.69031
2025-05-28 21:16:39,0,0,28.19471,40.69031
2025-05-28 21:16:39,0,0,28.19176,40.29268
2025-05-28 21:16:39,0,0,28.19176,40.29268
2025-05-28 21:16:39,0,0,28.19765,39.07138
2025-05-28 21:16:39,0,0,28.19765,39.07138
2025-05-28 21:16:39,0,0,28.19176,40.46556
2025-05-28 21:16:39,0,0,28.19176,40.46556
2025-05-28 21:16:39,0,0,28.19765,41.01903
2025-05-28 21:16:39,0,0,28.19765,41.01903
2025-05-28 21:16:39,0,0,28.19176,39.78873
2025-05-28 21:16:39,0,0,28.19176,39.78873
2025-05-28 21:16:40,0,0,28.18882,40.97938
2025-05-28 21:16:40,0,0,28.18882,40.97938
2025-05-28 21:16:40,0,0,28.18588,40.9353
2025-05-28 21:16:40,0,0,28.18588,40.9353
2025-05-28 21:16:40,0,0,28.17412,40.29468
2025-05-28 21:16:40,0,0,28.17412,40.29468
2025-05-28 21:16:40,0,0,28.17118,41.06914
2025-05-28 21:16:40,0,0,28.17118,41.06914
2025-05-28 21:16:40,0,0,28.16529,40.43907
2025-05-28 21:16:40,0,0,28.16529,40.43907
2025-05-28 21:16:40,0,0,28.16824,41.18396
2025-05-28 21:16:40,0,0,28.16824,41.18396
2025-05-28 21:16:41,0,0,28.18588,39.82074
2025-05-28 21:16:41,0,0,28.18588,39.82074
2025-05-28 21:16:41,0,0,28.15941,41.01339
2025-05-28 21:16:41,0,0,28.15941,41.01339
2025-05-28 21:16:41,0,0,28.16529,40.57925
2025-05-28 21:16:41,0,0,28.16529,40.57925
2025-05-28 21:16:41,0,0,28.18,40.9958
2025-05-28 21:16:41,0,0,28.18,40.9958
2025-05-28 21:16:41,0,0,28.17706,41.22409
2025-05-28 21:16:41,0,0,28.17706,41.22409
2025-05-28 21:16:41,0,0,28.18294,40.10595
2025-05-28 21:16:41,0,0,28.18294,40.10595
2025-05-28 21:16:42,0,0,28.18588,40.40986
2025-05-28 21:16:42,0,0,28.18588,40.40986
2025-05-28 21:16:42,0,0,28.18882,40.46317
2025-05-28 21:16:42,0,0,28.18882,40.46317
2025-05-28 21:16:42,0,0,28.18,40.57364
2025-05-28 21:16:42,0,0,28.18,40.57364
2025-05-28 21:16:42,0,0,28.17412,39.63338
2025-05-28 21:16:42,0,0,28.17412,39.63338
2025-05-28 21:16:42,0,0,28.18588,40.55181
2025-05-28 21:16:42,0,0,28.18588,40.55181
2025-05-28 21:16:42,0,0,28.18294,40.43716
2025-05-28 21:16:42,0,0,28.18294,40.43716
2025-05-28 21:16:43,0,0,28.19176,39.25763
2025-05-28 21:16:43,0,0,28.19176,39.25763
2025-05-28 21:16:43,0,0,28.18294,40.49352
2025-05-28 21:16:43,0,0,28.18,40.84642
2025-05-28 21:16:43,0,0,28.18294,40.49352
2025-05-28 21:16:43,0,0,28.16824,39.70026
2025-05-28 21:16:43,0,0,28.18,40.84642
2025-05-28 21:16:43,0,0,28.16824,40.59311
2025-05-28 21:16:43,0,0,28.16824,39.70026
2025-05-28 21:16:43,0,0,28.16824,40.59311
2025-05-28 21:16:43,0,0,28.16824,41.09415
2025-05-28 21:16:43,0,0,28.16824,41.09415
2025-05-28 21:16:44,0,0,28.17118,39.85299
2025-05-28 21:16:44,0,0,28.17118,39.85299
2025-05-28 21:16:44,0,0,28.17412,40.9338
2025-05-28 21:16:44,0,0,28.17412,40.9338
2025-05-28 21:16:44,0,0,28.16824,40.43092
2025-05-28 21:16:44,0,0,28.16824,40.43092
2025-05-28 21:16:44,0,0,28.17412,40.89447
2025-05-28 21:16:44,0,0,28.17412,40.89447
2025-05-28 21:16:44,0,0,28.17412,39.46948
2025-05-28 21:16:44,0,0,28.17412,39.46948
2025-05-28 21:16:44,0,0,28.16529,41.0412
2025-05-28 21:16:44,0,0,28.16529,41.0412
2025-05-28 21:16:44,0,0,28.16824,41.2668
2025-05-28 21:16:44,0,0,28.16824,41.2668
2025-05-28 21:16:45,0,0,28.17118,40.096
2025-05-28 21:16:45,0,0,28.17118,40.096
2025-05-28 21:16:45,0,0,28.16235,40.91197
2025-05-28 21:16:45,0,0,28.16235,40.91197
2025-05-28 21:16:45,0,0,28.17118,40.26057
2025-05-28 21:16:45,0,0,28.17118,40.26057
2025-05-28 21:16:45,0,0,28.17412,40.76209
2025-05-28 21:16:45,0,0,28.17412,40.76209
2025-05-28 21:16:45,0,0,28.16529,40.44834
2025-05-28 21:16:45,0,0,28.16529,40.44834
2025-05-28 21:16:45,0,0,28.16824,40.0496
2025-05-28 21:16:45,0,0,28.16824,40.0496
2025-05-28 21:16:46,0,0,28.16529,40.53794
2025-05-28 21:16:46,0,0,28.16529,40.53794
2025-05-28 21:16:46,0,0,28.15353,40.13583
2025-05-28 21:16:46,0,0,28.15353,40.13583
2025-05-28 21:16:46,0,0,28.15647,35.89818
2025-05-28 21:16:46,0,0,28.15647,35.89818
2025-05-28 21:16:46,0,0,28.15941,37.58374
2025-05-28 21:16:46,0,0,28.15941,37.82423
2025-05-28 21:16:46,0,0,28.15941,37.58374
2025-05-28 21:16:46,0,0,28.15941,37.82423
2025-05-28 21:16:46,0,0,28.16235,36.23779
2025-05-28 21:16:46,0,0,28.16235,36.23779
2025-05-28 21:16:47,0,0,28.16235,36.87181
2025-05-28 21:16:47,0,0,28.16235,36.87181
2025-05-28 21:16:47,0,0,28.16235,37.78448
2025-05-28 21:16:47,0,0,28.16235,37.78448
2025-05-28 21:16:47,0,0,28.17706,39.94744
2025-05-28 21:16:47,0,0,28.17706,39.94744
2025-05-28 21:16:47,0,0,28.16529,44.0291
2025-05-28 21:16:47,0,0,28.16529,44.0291
2025-05-28 21:16:47,0,0,28.16529,55.66892
2025-05-28 21:16:47,0,0,28.16529,55.66892
2025-05-28 21:16:47,0,0,28.16235,42.42009
2025-05-28 21:16:47,0,0,28.16235,42.42009
2025-05-28 21:16:48,0,0,28.15647,48.77365
2025-05-28 21:16:48,0,0,28.15647,48.77365
2025-05-28 21:16:48,0,0,28.16529,48.65372
2025-05-28 21:16:48,0,0,28.16529,48.65372
2025-05-28 21:16:48,0,0,28.16235,50.96828
2025-05-28 21:16:48,0,0,28.16235,50.96828
2025-05-28 21:16:48,0,0,28.16235,51.69445
2025-05-28 21:16:48,0,0,28.16235,51.69445
2025-05-28 21:16:48,0,0,28.17118,52.537
2025-05-28 21:16:48,0,0,28.17118,52.537
2025-05-28 21:16:48,0,0,28.16824,52.43027
2025-05-28 21:16:48,0,0,28.16824,52.43027
2025-05-28 21:16:48,0,0,28.17412,52.53336
2025-05-28 21:16:48,0,0,28.17412,52.53336
2025-05-28 21:16:49,0,0,28.17706,52.6002
2025-05-28 21:16:49,0,0,28.17706,52.6002
2025-05-28 21:16:49,0,0,28.18294,52.59723
2025-05-28 21:16:49,0,0,28.18294,52.59723
2025-05-28 21:16:49,0,0,28.18294,52.59534
2025-05-28 21:16:49,0,0,28.18294,52.59534
2025-05-28 21:16:49,0,0,28.16529,52.56705
2025-05-28 21:16:49,0,0,28.16529,52.56705
2025-05-28 21:16:49,0,0,28.17706,52.58335
2025-05-28 21:16:49,0,0,28.17706,52.58335
2025-05-28 21:16:49,0,0,28.17706,52.59322
2025-05-28 21:16:49,0,0,28.17706,52.59322
2025-05-28 21:16:50,0,0,28.18,52.585
2025-05-28 21:16:50,0,0,28.19176,52.5792
2025-05-28 21:16:50,0,0,28.18,52.585
2025-05-28 21:16:50,0,0,28.19176,52.5792
2025-05-28 21:16:50,0,0,28.18882,52.5784
2025-05-28 21:16:50,0,0,28.18882,52.5784
2025-05-28 21:16:50,0,0,28.17706,52.57162
2025-05-28 21:16:50,0,0,28.17706,52.57162
2025-05-28 21:16:50,0,0,28.18588,52.57256
2025-05-28 21:16:50,0,0,28.18588,52.57256
2025-05-28 21:16:50,0,0,28.19471,52.56324
2025-05-28 21:16:50,0,0,28.19471,52.56324
2025-05-28 21:16:51,0,0,28.18,52.56214
2025-05-28 21:16:51,0,0,28.18,52.56214
2025-05-28 21:16:51,0,0,28.17118,52.54933
2025-05-28 21:16:51,0,0,28.17118,52.54933
2025-05-28 21:16:51,0,0,28.18,52.54707
2025-05-28 21:16:51,0,0,28.18,52.54707
2025-05-28 21:16:51,0,0,28.17706,52.5343
2025-05-28 21:16:51,0,0,28.17706,52.5343
2025-05-28 21:16:51,0,0,28.16824,52.52792
2025-05-28 21:16:51,0,0,28.16824,52.52792
2025-05-28 21:16:51,0,0,28.17706,52.51046
2025-05-28 21:16:51,0,0,28.17706,52.51046
2025-05-28 21:16:52,0,0,28.17118,52.50076
2025-05-28 21:16:52,0,0,28.17118,52.50076
2025-05-28 21:16:52,0,0,28.17706,52.49529
2025-05-28 21:16:52,0,0,28.17706,52.49529
2025-05-28 21:16:52,0,0,28.17412,52.46883
2025-05-28 21:16:52,0,0,28.17412,52.46883
2025-05-28 21:16:52,0,0,28.17412,52.49068
2025-05-28 21:16:52,0,0,28.17412,52.49068
2025-05-28 21:16:52,0,0,28.17706,52.47414
2025-05-28 21:16:52,0,0,28.17706,52.47414
2025-05-28 21:16:52,0,0,28.17118,52.47428
2025-05-28 21:16:52,0,0,28.17118,52.47428
2025-05-28 21:16:53,0,0,28.17118,52.47139
2025-05-28 21:16:53,0,0,28.17118,52.47139
2025-05-28 21:16:53,0,0,28.17412,52.48288
2025-05-28 21:16:53,0,0,28.17412,52.48288
2025-05-28 21:16:53,0,0,28.18,52.50547
2025-05-28 21:16:53,0,0,28.18,52.50547
2025-05-28 21:16:53,0,0,28.16529,52.49222
2025-05-28 21:16:53,0,0,28.16529,52.49222
2025-05-28 21:16:53,0,0,28.16824,52.45174
2025-05-28 21:16:53,0,0,28.16824,52.45174
2025-05-28 21:16:53,0,0,28.16824,52.43902
2025-05-28 21:16:53,0,0,28.16824,52.43902
2025-05-28 21:16:53,0,0,28.18294,52.23256
2025-05-28 21:16:53,0,0,28.18294,52.23256
2025-05-28 21:16:54,0,0,28.18,70.95476
2025-05-28 21:16:54,0,0,28.18,70.95476
2025-05-28 21:16:54,0,0,28.19471,49.54663
2025-05-28 21:16:54,0,0,28.19471,49.54663
2025-05-28 21:16:54,0,0,28.18294,44.37815
2025-05-28 21:16:54,0,0,28.18294,44.37815
2025-05-28 21:16:54,0,0,28.18882,43.02752
2025-05-28 21:16:54,0,0,28.18882,43.02752
2025-05-28 21:16:54,0,0,28.17412,44.51467
2025-05-28 21:16:54,0,0,28.17706,42.62517
2025-05-28 21:16:54,0,0,28.17412,44.51467
2025-05-28 21:16:54,0,0,28.17706,42.62517
2025-05-28 21:16:55,0,0,28.18588,44.18605
2025-05-28 21:16:55,0,0,28.18294,44.14372
2025-05-28 21:16:55,0,0,28.18588,44.18605
2025-05-28 21:16:55,0,0,28.17118,42.75802
2025-05-28 21:16:55,0,0,28.18294,44.14372
2025-05-28 21:16:55,0,0,28.16529,43.60596
2025-05-28 21:16:55,0,0,28.17118,42.75802
2025-05-28 21:16:55,0,0,28.16529,43.60596
2025-05-28 21:16:55,0,0,28.16235,43.2775
2025-05-28 21:16:55,0,0,28.16235,43.2775
2025-05-28 21:16:55,0,0,28.17118,43.72197
2025-05-28 21:16:55,0,0,28.17118,43.72197
2025-05-28 21:16:56,0,0,28.16824,42.91426
2025-05-28 21:16:56,0,0,28.16824,42.91426
2025-05-28 21:16:56,0,0,28.17706,44.11367
2025-05-28 21:16:56,0,0,28.17706,44.11367
2025-05-28 21:16:56,0,0,28.17118,43.69433
2025-05-28 21:16:56,0,0,28.17118,43.69433
2025-05-28 21:16:56,0,0,28.17118,43.56659
2025-05-28 21:16:56,0,0,28.17118,43.56659
2025-05-28 21:16:56,0,0,28.18588,44.18399
2025-05-28 21:16:56,0,0,28.18,41.99819
2025-05-28 21:16:57,0,0,28.18294,41.23348
2025-05-28 21:16:56,0,0,28.18588,44.18399
2025-05-28 21:16:56,0,0,28.18,41.99819
2025-05-28 21:16:57,0,0,28.18294,41.23348
2025-05-28 21:16:57,0,0,28.17412,43.78354
2025-05-28 21:16:57,0,0,28.17412,43.78354
2025-05-28 21:16:57,0,0,28.17706,43.29433
2025-05-28 21:16:57,0,0,28.17706,43.29433
2025-05-28 21:16:57,0,0,28.17706,44.27202
2025-05-28 21:16:57,0,0,28.17706,44.27202
2025-05-28 21:16:57,0,0,28.17706,43.17474
2025-05-28 21:16:57,0,0,28.17706,43.17474
2025-05-28 21:16:57,0,0,28.18882,44.09414
2025-05-28 21:16:57,0,0,28.18882,44.09414
2025-05-28 21:16:57,0,0,28.18882,42.61566
2025-05-28 21:16:57,0,0,28.18882,42.61566
2025-05-28 21:16:58,0,0,28.18294,44.21149
2025-05-28 21:16:58,0,0,28.18294,44.21149
2025-05-28 21:16:58,0,0,28.18294,43.79232
2025-05-28 21:16:58,0,0,28.18294,43.79232
2025-05-28 21:16:58,0,0,28.18294,42.55415
2025-05-28 21:16:58,0,0,28.18294,42.55415
2025-05-28 21:16:58,0,0,28.18588,43.55056
2025-05-28 21:16:58,0,0,28.18588,43.55056
2025-05-28 21:16:58,0,0,28.19176,42.2173
2025-05-28 21:16:58,0,0,28.19176,42.2173
2025-05-28 21:16:58,0,0,28.20059,43.39706
2025-05-28 21:16:58,0,0,28.20059,43.39706
2025-05-28 21:16:59,0,0,28.18294,42.66076
2025-05-28 21:16:59,0,0,28.18294,42.66076
2025-05-28 21:16:59,0,0,28.18588,44.21769
2025-05-28 21:16:59,0,0,28.18588,44.21769
2025-05-28 21:16:59,0,0,28.18882,43.36482
2025-05-28 21:16:59,0,0,28.18882,43.36482
2025-05-28 21:16:59,0,0,28.18882,43.39454
2025-05-28 21:16:59,0,0,28.18882,43.39454
2025-05-28 21:16:59,0,0,28.18294,41.8554
2025-05-28 21:16:59,0,0,28.18294,41.8554
2025-05-28 21:16:59,0,0,28.19176,43.99293
2025-05-28 21:16:59,0,0,28.19176,43.99293
2025-05-28 21:17:00,0,0,28.18882,43.93939
2025-05-28 21:17:00,0,0,28.18882,42.4724
2025-05-28 21:17:00,0,0,28.18882,43.93939
2025-05-28 21:17:00,0,0,28.18588,44.83228
2025-05-28 21:17:00,0,0,28.18882,42.4724
2025-05-28 21:17:00,0,0,28.18588,44.83228
2025-05-28 21:17:00,0,0,28.19471,44.14536
2025-05-28 21:17:00,0,0,28.19471,44.14536
2025-05-28 21:17:00,0,0,28.18882,42.86992
2025-05-28 21:17:00,0,0,28.18882,42.86992
2025-05-28 21:17:00,0,0,28.19176,43.86282
2025-05-28 21:17:00,0,0,28.19176,43.86282
2025-05-28 21:17:01,0,0,28.18882,43.46857
2025-05-28 21:17:01,0,0,28.18882,43.46857
2025-05-28 21:17:01,0,0,28.19176,44.52297
2025-05-28 21:17:01,0,0,28.19176,44.52297
2025-05-28 21:17:01,0,0,28.18294,42.64901
2025-05-28 21:17:01,0,0,28.18294,42.64901
2025-05-28 21:17:01,0,0,28.20353,44.45446
2025-05-28 21:17:01,0,0,28.20353,44.45446
2025-05-28 21:17:01,0,0,28.19176,44.41994
2025-05-28 21:17:01,0,0,28.19176,44.41994
2025-05-28 21:17:01,0,0,28.19471,43.11885
2025-05-28 21:17:01,0,0,28.19471,43.11885
2025-05-28 21:17:02,0,0,28.18588,43.85809
2025-05-28 21:17:02,0,0,28.18588,43.85809
2025-05-28 21:17:02,0,0,28.18882,43.45503
2025-05-28 21:17:02,0,0,28.18882,43.45503
2025-05-28 21:17:02,0,0,28.19176,43.78645
2025-05-28 21:17:02,0,0,28.19176,43.78645
2025-05-28 21:17:02,0,0,28.18882,42.7065
2025-05-28 21:17:02,0,0,28.18882,42.7065
2025-05-28 21:17:02,0,0,28.18588,44.31971
2025-05-28 21:17:02,0,0,28.18588,44.31971
2025-05-28 21:17:02,0,0,28.18882,43.97671
2025-05-28 21:17:02,0,0,28.18882,43.97671
2025-05-28 21:17:02,0,0,28.17118,42.90192
2025-05-28 21:17:02,0,0,28.17118,42.90192
2025-05-28 21:17:03,0,0,28.17412,43.46655
2025-05-28 21:17:03,0,0,28.17412,43.46655
2025-05-28 21:17:03,0,0,28.18588,42.99517
2025-05-28 21:17:03,0,0,28.18588,42.99517
2025-05-28 21:17:03,0,0,28.17706,43.93268
2025-05-28 21:17:03,0,0,28.17706,43.93268
2025-05-28 21:17:03,0,0,28.16824,42.27957
2025-05-28 21:17:03,0,0,28.16824,42.27957
2025-05-28 21:17:03,0,0,28.16235,44.45871
2025-05-28 21:17:03,0,0,28.16235,44.45871
2025-05-28 21:17:03,0,0,28.16824,43.59743
2025-05-28 21:17:03,0,0,28.16824,43.59743
2025-05-28 21:17:04,0,0,28.17118,43.05129
2025-05-28 21:17:04,0,0,28.17118,43.05129
2025-05-28 21:17:04,0,0,28.16235,43.73655
2025-05-28 21:17:04,0,0,28.16235,43.73655
2025-05-28 21:17:04,0,0,28.16824,42.73356
2025-05-28 21:17:04,0,0,28.16824,42.73356
2025-05-28 21:17:04,0,0,28.16824,43.79401
2025-05-28 21:17:04,0,0,28.16824,43.79401
2025-05-28 21:17:04,0,0,28.15941,44.56522
2025-05-28 21:17:04,0,0,28.15941,44.56522
2025-05-28 21:17:04,0,0,28.16529,43.21565
2025-05-28 21:17:04,0,0,28.16529,43.21565
2025-05-28 21:17:05,0,0,28.15941,43.23241
2025-05-28 21:17:05,0,0,28.15941,43.23241
2025-05-28 21:17:05,0,0,28.15353,44.12417
2025-05-28 21:17:05,0,0,28.15353,44.12417
2025-05-28 21:17:05,0,0,28.15647,41.82444
2025-05-28 21:17:05,0,0,28.15647,41.82444
2025-05-28 21:17:05,0,0,28.15353,43.53596
2025-05-28 21:17:05,0,0,28.15353,43.53596
2025-05-28 21:17:05,0,0,28.15941,44.00708
2025-05-28 21:17:05,0,0,28.15941,44.00708
2025-05-28 21:17:05,0,0,28.15647,44.03628
2025-05-28 21:17:05,0,0,28.15647,44.03628
2025-05-28 21:17:06,0,0,28.15941,42.09615
2025-05-28 21:17:06,0,0,28.16235,43.4936
2025-05-28 21:17:06,0,0,28.15941,42.09615
2025-05-28 21:17:06,0,0,28.16235,43.4936
2025-05-28 21:17:06,0,0,28.15647,44.06483
2025-05-28 21:17:06,0,0,28.15647,44.06483
2025-05-28 21:17:06,0,0,28.16529,43.99286
2025-05-28 21:17:06,0,0,28.16529,43.99286
2025-05-28 21:17:06,0,0,28.17118,43.61001
2025-05-28 21:17:06,0,0,28.17118,43.61001
2025-05-28 21:17:06,0,0,28.16235,43.8121
2025-05-28 21:17:06,0,0,28.16235,43.8121
2025-05-28 21:17:06,0,0,28.15941,44.30556
2025-05-28 21:17:06,0,0,28.15941,44.30556
2025-05-28 21:17:07,0,0,28.17118,42.02198
2025-05-28 21:17:07,0,0,28.17118,42.02198
2025-05-28 21:17:07,0,0,28.16824,43.30674
2025-05-28 21:17:07,0,0,28.16824,43.30674
2025-05-28 21:17:07,0,0,28.17412,43.24569
2025-05-28 21:17:07,0,0,28.17412,41.97368
2025-05-28 21:17:07,0,0,28.17412,43.24569
2025-05-28 21:17:07,0,0,28.17412,41.97368
2025-05-28 21:17:07,0,0,28.17412,43.27825
2025-05-28 21:17:07,0,0,28.17412,43.27825
2025-05-28 21:17:07,0,0,28.16235,42.9793
2025-05-28 21:17:07,0,0,28.16235,42.9793
2025-05-28 21:17:08,0,0,28.16824,41.80438
2025-05-28 21:17:08,0,0,28.16824,41.80438
2025-05-28 21:17:08,0,0,28.17706,43.56347
2025-05-28 21:17:08,0,0,28.17706,43.56347
2025-05-28 21:17:08,0,0,28.16235,44.3761
2025-05-28 21:17:08,0,0,28.16235,44.3761
2025-05-28 21:17:08,0,0,28.16235,42.48568
2025-05-28 21:17:08,0,0,28.16235,42.48568
2025-05-28 21:17:08,0,0,28.17706,44.39421
2025-05-28 21:17:08,0,0,28.17706,44.39421
2025-05-28 21:17:08,0,0,28.17118,43.62986
2025-05-28 21:17:08,0,0,28.17118,43.62986
2025-05-28 21:17:09,0,0,28.15353,42.72152
2025-05-28 21:17:09,0,0,28.15353,42.72152
2025-05-28 21:17:09,0,0,28.16824,43.64763
2025-05-28 21:17:09,0,0,28.16824,43.64763
2025-05-28 21:17:09,0,0,28.15941,42.73089
2025-05-28 21:17:09,0,0,28.15941,42.73089
2025-05-28 21:17:09,0,0,28.16529,44.02852
2025-05-28 21:17:09,0,0,28.16529,44.02852
2025-05-28 21:17:09,0,0,28.18294,43.94846
2025-05-28 21:17:09,0,0,28.18294,43.94846
2025-05-28 21:17:09,0,0,28.17412,42.68398
2025-05-28 21:17:09,0,0,28.17412,42.68398
2025-05-28 21:17:10,0,0,28.17412,44
2025-05-28 21:17:10,0,0,28.17412,44
2025-05-28 21:17:10,0,0,28.17412,42.8449
2025-05-28 21:17:10,0,0,28.17412,42.8449
2025-05-28 21:17:10,0,0,28.18294,45.59735
2025-05-28 21:17:10,0,0,28.18294,45.59735
2025-05-28 21:17:10,0,0,28.18,44.19508
2025-05-28 21:17:10,0,0,28.18,44.19508
2025-05-28 21:17:10,0,0,28.17412,43.86897
2025-05-28 21:17:10,0,0,28.17412,42.38646
2025-05-28 21:17:11,0,0,28.18,41.96507
2025-05-28 21:17:10,0,0,28.17412,43.86897
2025-05-28 21:17:10,0,0,28.17412,42.38646
2025-05-28 21:17:11,0,0,28.18,41.96507
2025-05-28 21:17:11,0,0,28.18,43.29214
2025-05-28 21:17:11,0,0,28.18,43.29214
2025-05-28 21:17:11,0,0,28.19471,43.64791
2025-05-28 21:17:11,0,0,28.19176,41.69952
2025-05-28 21:17:11,0,0,28.19471,43.64791
2025-05-28 21:17:11,0,0,28.19176,41.69952
2025-05-28 21:17:11,0,0,28.18294,43.90997
2025-05-28 21:17:11,0,0,28.18294,43.90997
2025-05-28 21:17:11,0,0,28.17706,43.04426
2025-05-28 21:17:11,0,0,28.17706,43.04426
2025-05-28 21:21:40,0,0,27.49471,52.29367
2025-05-28 21:21:40,0,0,27.49471,52.29367
2025-05-28 21:21:40,0,0,27.47118,52.35612
2025-05-28 21:21:40,0,0,27.47118,52.35612
2025-05-28 21:21:40,0,0,27.47412,52.46994
2025-05-28 21:21:40,0,0,27.47412,52.46994
2025-05-28 21:21:41,0,0,27.47118,52.15913
2025-05-28 21:21:41,0,0,27.47118,52.15913
2025-05-28 21:21:41,0,0,27.48294,52.34793
2025-05-28 21:21:41,0,0,27.48294,52.34793
2025-05-28 21:21:41,0,0,27.48,52.44427
2025-05-28 21:21:41,0,0,27.48,52.44427
2025-05-28 21:21:41,0,0,27.49176,52.50614
2025-05-28 21:21:41,0,0,27.49176,52.50614
2025-05-28 21:21:41,0,0,27.49765,52.54116
2025-05-28 21:21:41,0,0,27.49765,52.54116
2025-05-28 21:21:41,0,0,27.49176,52.34345
2025-05-28 21:21:41,0,0,27.49176,52.34345
2025-05-28 21:21:42,0,0,27.5153,52.40055
2025-05-28 21:21:42,0,0,27.5153,52.40055
2025-05-28 21:21:42,0,0,27.50647,52.5591
2025-05-28 21:21:42,0,0,27.50647,52.5591
2025-05-28 21:21:42,0,0,27.49765,52.5889
2025-05-28 21:21:42,0,0,27.49765,52.5889
2025-05-28 21:21:42,0,0,27.51235,52.54764
2025-05-28 21:21:42,0,0,27.51235,52.54764
2025-05-28 21:21:42,0,0,27.50941,52.53397
2025-05-28 21:21:42,0,0,27.50941,52.53397
2025-05-28 21:21:42,0,0,27.50353,52.57146
2025-05-28 21:21:42,0,0,27.50353,52.57146
2025-05-28 21:21:43,0,0,27.50941,52.60344
2025-05-28 21:21:43,0,0,27.50941,52.60344
2025-05-28 21:21:43,0,0,27.5153,52.44312
2025-05-28 21:21:43,0,0,27.5153,52.44312
2025-05-28 21:21:43,0,0,27.51235,52.4955
2025-05-28 21:21:43,0,0,27.51235,52.4955
2025-05-28 21:21:43,0,0,27.5153,52.57924
2025-05-28 21:21:43,0,0,27.5153,52.57924
2025-05-28 21:21:43,0,0,27.52118,52.59978
2025-05-28 21:21:43,0,0,27.52118,52.59978
2025-05-28 21:21:43,0,0,27.5153,52.62429
2025-05-28 21:21:43,0,0,27.5153,52.62429
2025-05-28 21:21:43,0,0,27.51824,52.50562
2025-05-28 21:21:43,0,0,27.51824,52.50562
2025-05-28 21:21:44,0,0,27.51235,52.59421
2025-05-28 21:21:44,0,0,27.51235,52.59421
2025-05-28 21:21:44,0,0,27.5153,52.60225
2025-05-28 21:21:44,0,0,27.5153,52.60225
2025-05-28 21:21:44,0,0,27.5153,52.6163
2025-05-28 21:21:44,0,0,27.5153,52.6163
2025-05-28 21:21:44,0,0,27.52706,52.53485
2025-05-28 21:21:44,0,0,27.52706,52.53485
2025-05-28 21:21:44,0,0,27.51824,52.56969
2025-05-28 21:21:44,0,0,27.51824,52.56969
2025-05-28 21:21:44,0,0,27.53,52.59466
2025-05-28 21:21:44,0,0,27.53,52.59466
2025-05-28 21:21:45,0,0,27.53294,52.62166
2025-05-28 21:21:45,0,0,27.53294,52.62166
2025-05-28 21:21:45,0,0,27.53294,52.56233
2025-05-28 21:21:45,0,0,27.53294,52.56233
2025-05-28 21:21:45,0,0,27.55353,52.55497
2025-05-28 21:21:45,0,0,27.55353,52.55497
2025-05-28 21:21:45,0,0,27.53294,52.57596
2025-05-28 21:21:45,0,0,27.53294,52.57596
2025-05-28 21:21:45,0,0,27.53588,52.60988
2025-05-28 21:21:45,0,0,27.53588,52.60988
2025-05-28 21:21:45,0,0,27.53882,52.54046
2025-05-28 21:21:45,0,0,27.53882,52.54046
2025-05-28 21:21:46,0,0,27.53294,52.53017
2025-05-28 21:21:46,0,0,27.53294,52.53017
2025-05-28 21:21:46,0,0,27.53588,52.56228
2025-05-28 21:21:46,0,0,27.53588,52.56228
2025-05-28 21:21:46,0,0,27.54765,52.58551
2025-05-28 21:21:46,0,0,27.54765,52.58551
2025-05-28 21:21:46,0,0,27.55353,52.5332
2025-05-28 21:21:46,0,0,27.55353,52.5332
2025-05-28 21:21:46,0,0,27.54765,52.5365
2025-05-28 21:21:46,0,0,27.54765,52.5365
2025-05-28 21:21:46,0,0,27.54177,52.57519
2025-05-28 21:21:46,0,0,27.54177,52.57519
2025-05-28 21:21:47,0,0,27.54177,52.60126
2025-05-28 21:21:47,0,0,27.54177,52.60126
2025-05-28 21:21:47,0,0,27.54177,52.55596
2025-05-28 21:21:47,0,0,27.54177,52.55596
2025-05-28 21:21:47,0,0,27.55353,52.53489
2025-05-28 21:21:47,0,0,27.55353,52.53489
2025-05-28 21:21:47,0,0,27.55353,52.56174
2025-05-28 21:21:47,0,0,27.55353,52.56174
2025-05-28 21:21:47,0,0,27.56235,52.58943
2025-05-28 21:21:47,0,0,27.56235,52.58943
2025-05-28 21:21:47,0,0,27.55647,52.57394
2025-05-28 21:21:47,0,0,27.55647,52.57394
2025-05-28 21:21:48,0,0,27.55353,52.51722
2025-05-28 21:21:48,0,0,27.55353,52.51722
2025-05-28 21:21:48,0,0,27.56235,52.56557
2025-05-28 21:21:48,0,0,27.56235,52.56557
2025-05-28 21:21:48,0,0,27.55941,52.58244
2025-05-28 21:21:48,0,0,27.55941,52.58244
2025-05-28 21:21:48,0,0,27.57412,52.59291
2025-05-28 21:21:48,0,0,27.57412,52.59291
2025-05-28 21:21:48,0,0,27.55941,52.56232
2025-05-28 21:21:48,0,0,27.55941,52.56232
2025-05-28 21:21:48,0,0,27.56529,52.61269
2025-05-28 21:21:48,0,0,27.56529,52.61269
2025-05-28 21:21:48,0,0,27.56235,52.65309
2025-05-28 21:21:48,0,0,27.56235,52.65309
2025-05-28 21:21:49,0,0,27.56529,52.66714
2025-05-28 21:21:49,0,0,27.56529,52.66714
2025-05-28 21:21:49,0,0,27.56824,52.59025
2025-05-28 21:21:49,0,0,27.56824,52.59025
2025-05-28 21:21:49,0,0,27.57412,52.61153
2025-05-28 21:21:49,0,0,27.57412,52.61153
2025-05-28 21:21:49,0,0,27.57118,52.6305
2025-05-28 21:21:49,0,0,27.57118,52.6305
2025-05-28 21:21:49,0,0,27.57412,52.62806
2025-05-28 21:21:49,0,0,27.57412,52.62806
2025-05-28 21:21:49,0,0,27.58,52.60008
2025-05-28 21:21:49,0,0,27.58,52.60008
2025-05-28 21:21:50,0,0,27.58294,52.62382
2025-05-28 21:21:50,0,0,27.58294,52.62382
2025-05-28 21:21:50,0,0,27.59176,52.65307
2025-05-28 21:21:50,0,0,27.59176,52.65307
2025-05-28 21:21:50,0,0,27.57706,52.56942
2025-05-28 21:21:50,0,0,27.57706,52.56942
2025-05-28 21:21:50,0,0,27.57706,52.63073
2025-05-28 21:21:50,0,0,27.57706,52.63073
2025-05-28 21:21:50,0,0,27.58882,52.60111
2025-05-28 21:21:50,0,0,27.58882,52.60111
2025-05-28 21:21:50,0,0,27.58588,52.68776
2025-05-28 21:21:50,0,0,27.58588,52.68776
2025-05-28 21:21:51,0,0,27.58,52.55682
2025-05-28 21:21:51,0,0,27.58,52.55682
2025-05-28 21:21:51,0,0,27.59176,52.64068
2025-05-28 21:21:51,0,0,27.59176,52.64068
2025-05-28 21:21:51,0,0,27.58882,52.65215
2025-05-28 21:21:51,0,0,27.58882,52.65215
2025-05-28 21:21:51,0,0,27.58882,52.6739
2025-05-28 21:21:51,0,0,27.58882,52.6739
2025-05-28 21:21:51,0,0,27.58588,52.52436
2025-05-28 21:21:51,0,0,27.58588,52.52436
2025-05-28 21:21:51,0,0,27.58882,52.61233
2025-05-28 21:21:51,0,0,27.58882,52.61233
2025-05-28 21:21:52,0,0,27.59176,52.6117
2025-05-28 21:21:52,0,0,27.59176,52.6117
2025-05-28 21:21:52,0,0,27.59471,52.65536
2025-05-28 21:21:52,0,0,27.59471,52.65536
2025-05-28 21:21:52,0,0,27.59765,52.47623
2025-05-28 21:21:52,0,0,27.59765,52.47623
2025-05-28 21:21:52,0,0,27.59471,52.59758
2025-05-28 21:21:52,0,0,27.59471,52.59758
2025-05-28 21:21:52,0,0,27.59765,52.63214
2025-05-28 21:21:52,0,0,27.59765,52.63214
2025-05-28 21:21:52,0,0,27.59765,52.64532
2025-05-28 21:21:52,0,0,27.59765,52.64532
2025-05-28 21:21:52,0,0,27.60647,52.44758
2025-05-28 21:21:52,0,0,27.60647,52.44758
2025-05-28 21:21:53,0,0,27.61235,52.60086
2025-05-28 21:21:53,0,0,27.61235,52.60086
2025-05-28 21:21:53,0,0,27.59765,52.59285
2025-05-28 21:21:53,0,0,27.59765,52.59285
2025-05-28 21:21:53,0,0,27.60941,52.62304
2025-05-28 21:21:53,0,0,27.60941,52.62304
2025-05-28 21:21:53,0,0,27.62412,52.64982
2025-05-28 21:21:53,0,0,27.62412,52.64982
2025-05-28 21:21:53,0,0,27.60353,52.4446
2025-05-28 21:21:53,0,0,27.60353,52.4446
2025-05-28 21:21:53,0,0,27.61235,52.55525
2025-05-28 21:21:53,0,0,27.61235,52.55525
2025-05-28 21:21:54,0,0,27.61823,52.57679
2025-05-28 21:21:54,0,0,27.61823,52.57679
2025-05-28 21:21:54,0,0,27.61235,52.61626
2025-05-28 21:21:54,0,0,27.61235,52.61626
2025-05-28 21:21:54,0,0,27.60059,52.65289
2025-05-28 21:21:54,0,0,27.60059,52.65289
2025-05-28 21:21:54,0,0,27.61529,52.4311
2025-05-28 21:21:54,0,0,27.61529,52.4311
2025-05-28 21:21:54,0,0,27.61235,52.59201
2025-05-28 21:21:54,0,0,27.61235,52.59201
2025-05-28 21:21:54,0,0,27.61529,52.63289
2025-05-28 21:21:54,0,0,27.61529,52.63289
2025-05-28 21:21:55,0,0,27.61529,52.65434
2025-05-28 21:21:55,0,0,27.61529,52.65434
2025-05-28 21:21:55,0,0,27.63,52.69602
2025-05-28 21:21:55,0,0,27.63,52.69602
2025-05-28 21:21:55,0,0,27.62118,52.46777
2025-05-28 21:21:55,0,0,27.62118,52.46777
2025-05-28 21:21:55,0,0,27.62706,52.60281
2025-05-28 21:21:55,0,0,27.62706,52.60281
2025-05-28 21:21:55,0,0,27.62412,52.64629
2025-05-28 21:21:55,0,0,27.62412,52.64629
2025-05-28 21:21:55,0,0,27.62118,52.66023
2025-05-28 21:21:55,0,0,27.62118,52.66023
2025-05-28 21:21:56,0,0,27.63,52.55797
2025-05-28 21:21:56,0,0,27.63,52.55797
2025-05-28 21:21:56,0,0,27.63588,52.59389
2025-05-28 21:21:56,0,0,27.63588,52.59389
2025-05-28 21:21:56,0,0,27.62412,52.61607
2025-05-28 21:21:56,0,0,27.62412,52.61607
2025-05-28 21:21:56,0,0,27.64471,52.67299
2025-05-28 21:21:56,0,0,27.64471,52.67299
2025-05-28 21:21:56,0,0,27.63,52.6684
2025-05-28 21:21:56,0,0,27.63,52.6684
2025-05-28 21:21:56,0,0,27.63882,52.48012
2025-05-28 21:21:56,0,0,27.63882,52.48012
2025-05-28 21:21:57,0,0,27.63882,52.6192
2025-05-28 21:21:57,0,0,27.63882,52.6192
2025-05-28 21:21:57,0,0,27.64471,52.65326
2025-05-28 21:21:57,0,0,27.64471,52.65326
2025-05-28 21:21:57,0,0,27.63882,52.68176
2025-05-28 21:21:57,0,0,27.63882,52.68176
2025-05-28 21:21:57,0,0,27.64471,52.59901
2025-05-28 21:21:57,0,0,27.64471,52.59901
2025-05-28 21:21:57,0,0,27.65353,52.59711
2025-05-28 21:21:57,0,0,27.65353,52.59711
2025-05-28 21:21:57,0,0,27.65059,52.61861
2025-05-28 21:21:57,0,0,27.65059,52.61861
2025-05-28 21:21:57,0,0,27.64471,52.66447
2025-05-28 21:21:57,0,0,27.64471,52.66447
2025-05-28 21:21:58,0,0,27.65059,52.71377
2025-05-28 21:21:58,0,0,27.65059,52.71377
2025-05-28 21:21:58,0,0,27.65353,52.53246
2025-05-28 21:21:58,0,0,27.65353,52.53246
2025-05-28 21:21:58,0,0,27.65353,52.64364
2025-05-28 21:21:58,0,0,27.65353,52.64364
2025-05-28 21:21:58,0,0,27.65353,52.68493
2025-05-28 21:21:58,0,0,27.65353,52.68493
2025-05-28 21:21:58,0,0,27.65059,52.70542
2025-05-28 21:21:58,0,0,27.65059,52.70542
2025-05-28 21:21:58,0,0,27.64765,52.55567
2025-05-28 21:21:58,0,0,27.64765,52.55567
2025-05-28 21:21:59,0,0,27.65941,52.67584
2025-05-28 21:21:59,0,0,27.65941,52.67584
2025-05-28 21:21:59,0,0,27.65941,52.69271
2025-05-28 21:21:59,0,0,27.65941,52.69271
2025-05-28 21:21:59,0,0,27.65941,52.70774
2025-05-28 21:21:59,0,0,27.65941,52.70774
2025-05-28 21:21:59,0,0,27.65941,52.54319
2025-05-28 21:21:59,0,0,27.65941,52.54319
2025-05-28 21:21:59,0,0,27.65647,52.66924
2025-05-28 21:21:59,0,0,27.65647,52.66924
2025-05-28 21:21:59,0,0,27.65353,52.67264
2025-05-28 21:21:59,0,0,27.65353,52.67264
2025-05-28 21:22:00,0,0,27.65941,52.71353
2025-05-28 21:22:00,0,0,27.65941,52.71353
2025-05-28 21:22:00,0,0,27.66235,52.55696
2025-05-28 21:22:00,0,0,27.66235,52.55696
2025-05-28 21:22:00,0,0,27.65353,52.67038
2025-05-28 21:22:00,0,0,27.65353,52.67038
2025-05-28 21:22:00,0,0,27.66529,52.67501
2025-05-28 21:22:00,0,0,27.66529,52.67501
2025-05-28 21:22:00,0,0,27.67706,52.71941
2025-05-28 21:22:00,0,0,27.67706,52.71941
2025-05-28 21:22:00,0,0,27.67118,52.53
2025-05-28 21:22:00,0,0,27.67118,52.53
2025-05-28 21:22:01,0,0,27.67706,52.61947
2025-05-28 21:22:01,0,0,27.67706,52.61947
2025-05-28 21:22:01,0,0,27.66529,52.63316
2025-05-28 21:22:01,0,0,27.66529,52.63316
2025-05-28 21:22:01,0,0,27.68294,52.81295
2025-05-28 21:22:01,0,0,27.68294,52.81295
2025-05-28 21:22:01,0,0,27.67412,52.51317
2025-05-28 21:22:01,0,0,27.67412,52.51317
2025-05-28 21:22:01,0,0,27.67118,52.59301
2025-05-28 21:22:01,0,0,27.67118,52.59301
2025-05-28 21:22:01,0,0,27.67706,52.63335
2025-05-28 21:22:01,0,0,27.67706,52.63335
2025-05-28 21:22:01,0,0,27.66529,52.86002
2025-05-28 21:22:01,0,0,27.66529,52.86002
2025-05-28 21:22:02,0,0,27.66529,52.52053
2025-05-28 21:22:02,0,0,27.66529,52.52053
2025-05-28 21:22:02,0,0,27.65941,52.56915
2025-05-28 21:22:02,0,0,27.65941,52.56915
2025-05-28 21:22:02,0,0,27.67412,52.62874
2025-05-28 21:22:02,0,0,27.67412,52.62874
2025-05-28 21:22:02,0,0,27.68,52.59491
2025-05-28 21:22:02,0,0,27.68,52.59491
2025-05-28 21:22:02,0,0,27.70941,52.53943
2025-05-28 21:22:02,0,0,27.70941,52.53943
2025-05-28 21:22:02,0,0,27.68294,52.59273
2025-05-28 21:22:02,0,0,27.68294,52.59273
2025-05-28 21:22:03,0,0,27.67706,52.65232
2025-05-28 21:22:03,0,0,27.67706,52.65232
2025-05-28 21:22:03,0,0,27.67706,52.58091
2025-05-28 21:22:03,0,0,27.67706,52.58091
2025-05-28 21:22:03,0,0,27.67118,52.54921
2025-05-28 21:22:03,0,0,27.67118,52.54921
2025-05-28 21:22:03,0,0,27.68,52.57242
2025-05-28 21:22:03,0,0,27.68,52.57242
2025-05-28 21:22:03,0,0,27.68882,52.63655
2025-05-28 21:22:03,0,0,27.68882,52.63655
2025-05-28 21:22:03,0,0,27.69176,52.55907
2025-05-28 21:22:03,0,0,27.69176,52.55907
2025-05-28 21:22:04,0,0,27.68,52.4843
2025-05-28 21:22:04,0,0,27.68,52.4843
2025-05-28 21:22:04,0,0,27.68294,52.534
2025-05-28 21:22:04,0,0,27.68294,52.534
2025-05-28 21:22:04,0,0,27.69176,52.64994
2025-05-28 21:22:04,0,0,27.69176,52.64994
2025-05-28 21:22:04,0,0,27.69176,52.6806
2025-05-28 21:22:04,0,0,27.69176,52.6806
2025-05-28 21:22:04,0,0,27.68882,52.40699
2025-05-28 21:22:04,0,0,27.68882,52.40699
2025-05-28 21:22:04,0,0,27.69765,52.49406
2025-05-28 21:22:04,0,0,27.69765,52.49406
2025-05-28 21:22:05,0,0,27.69471,52.69061
2025-05-28 21:22:05,0,0,27.69471,52.69061
2025-05-28 21:22:05,0,0,27.70647,52.61353
2025-05-28 21:22:05,0,0,27.70647,52.61353
2025-05-28 21:22:05,0,0,27.71235,52.42811
2025-05-28 21:22:05,0,0,27.71235,52.42811
2025-05-28 21:22:05,0,0,27.70353,52.43306
2025-05-28 21:22:05,0,0,27.70353,52.43306
2025-05-28 21:22:05,0,0,27.70941,52.48915
2025-05-28 21:22:05,0,0,27.70941,52.48915
2025-05-28 21:22:05,0,0,27.71235,52.56298
2025-05-28 21:22:05,0,0,27.71235,52.56298
2025-05-28 21:22:06,0,0,27.70647,52.61909
2025-05-28 21:22:06,0,0,27.70647,52.61909
2025-05-28 21:22:06,0,0,27.72118,52.41378
2025-05-28 21:22:06,0,0,27.72118,52.41378
2025-05-28 21:22:06,0,0,27.72412,52.50213
2025-05-28 21:22:06,0,0,27.72412,52.50213
2025-05-28 21:22:06,0,0,27.71529,52.55903
2025-05-28 21:22:06,0,0,27.71529,52.64247
2025-05-28 21:22:06,0,0,27.71529,52.55903
2025-05-28 21:22:06,0,0,27.71529,52.64247
2025-05-28 21:22:06,0,0,27.70647,52.69297
2025-05-28 21:22:06,0,0,27.70647,52.69297
2025-05-28 21:22:06,0,0,27.71529,52.49442
2025-05-28 21:22:06,0,0,27.71529,52.49442
2025-05-28 21:22:07,0,0,27.71529,52.63452
2025-05-28 21:22:07,0,0,27.71529,52.63452
2025-05-28 21:22:07,0,0,27.71529,52.65154
2025-05-28 21:22:07,0,0,27.71529,52.65154
2025-05-28 21:22:07,0,0,27.72412,52.68992
2025-05-28 21:22:07,0,0,27.72412,52.68992
2025-05-28 21:22:07,0,0,27.72706,52.54908
2025-05-28 21:22:07,0,0,27.72706,52.54908
2025-05-28 21:22:07,0,0,27.73588,52.59573
2025-05-28 21:22:07,0,0,27.73588,52.59573
2025-05-28 21:22:07,0,0,27.72118,52.6277
2025-05-28 21:22:07,0,0,27.72118,52.6277
2025-05-28 21:22:08,0,0,27.72412,52.68448
2025-05-28 21:22:08,0,0,27.72412,52.68448
2025-05-28 21:22:08,0,0,27.72412,52.70893
2025-05-28 21:22:08,0,0,27.72412,52.70893
2025-05-28 21:22:08,0,0,27.73588,52.49687
2025-05-28 21:22:08,0,0,27.73588,52.49687
2025-05-28 21:22:08,0,0,27.72118,52.60226
2025-05-28 21:22:08,0,0,27.72118,52.60226
2025-05-28 21:22:08,0,0,27.72118,52.66682
2025-05-28 21:22:08,0,0,27.72118,52.66682
2025-05-28 21:22:08,0,0,27.73294,52.70867
2025-05-28 21:22:08,0,0,27.73294,52.70867
2025-05-28 21:22:09,0,0,27.72412,52.49268
2025-05-28 21:22:09,0,0,27.72412,52.49268
2025-05-28 21:22:09,0,0,27.73294,52.62591
2025-05-28 21:22:09,0,0,27.73294,52.62591
2025-05-28 21:22:09,0,0,27.72412,52.66113
2025-05-28 21:22:09,0,0,27.72412,52.66113
2025-05-28 21:22:09,0,0,27.73,52.70316
2025-05-28 21:22:09,0,0,27.73,52.70316
2025-05-28 21:22:09,0,0,27.72412,52.50972
2025-05-28 21:22:09,0,0,27.72412,52.50972
2025-05-28 21:22:09,0,0,27.73,52.67006
2025-05-28 21:22:09,0,0,27.73,52.67006
2025-05-28 21:22:10,0,0,27.74471,52.71031
2025-05-28 21:22:10,0,0,27.74471,52.71031
2025-05-28 21:22:10,0,0,27.74765,52.73904
2025-05-28 21:22:10,0,0,27.74765,52.73904
2025-05-28 21:22:10,0,0,27.76235,52.60755
2025-05-28 21:22:10,0,0,27.76235,52.60755
2025-05-28 21:22:10,0,0,27.74471,52.70796
2025-05-28 21:22:10,0,0,27.74471,52.70796
2025-05-28 21:22:10,0,0,27.73882,52.71927
2025-05-28 21:22:10,0,0,27.73882,52.71927
2025-05-28 21:22:10,0,0,27.75059,52.74818
2025-05-28 21:22:10,0,0,27.75059,52.74818
2025-05-28 21:22:10,0,0,27.75353,52.56273
2025-05-28 21:22:10,0,0,27.75353,52.56273
2025-05-28 21:22:11,0,0,27.74765,52.66552
2025-05-28 21:22:11,0,0,27.74765,52.66552
2025-05-28 21:22:11,0,0,27.74471,52.69593
2025-05-28 21:22:11,0,0,27.74471,52.69593
2025-05-28 21:22:11,0,0,27.74765,52.73606
2025-05-28 21:22:11,0,0,27.74765,52.73606
2025-05-28 21:22:11,0,0,27.75941,52.52526
2025-05-28 21:22:11,0,0,27.75941,52.52526
2025-05-28 21:22:11,0,0,27.75647,52.61638
2025-05-28 21:22:11,0,0,27.75647,52.61638
2025-05-28 21:22:11,0,0,27.76235,52.67392
2025-05-28 21:22:11,0,0,27.76235,52.67392
2025-05-28 21:22:12,0,0,27.77118,52.70675
2025-05-28 21:22:12,0,0,27.77118,52.70675
2025-05-28 21:22:12,0,0,27.7653,52.51415
2025-05-28 21:22:12,0,0,27.7653,52.51415
2025-05-28 21:22:12,0,0,27.77118,52.59049
2025-05-28 21:22:12,0,0,27.77118,52.59049
2025-05-28 21:22:12,0,0,27.7653,52.63665
2025-05-28 21:22:12,0,0,27.7653,52.63665
2025-05-28 21:22:12,0,0,27.75353,52.6885
2025-05-28 21:22:12,0,0,27.75353,52.6885
2025-05-28 21:22:12,0,0,27.7653,52.38447
2025-05-28 21:22:12,0,0,27.7653,52.38447
2025-05-28 21:22:13,0,0,27.77412,52.47447
2025-05-28 21:22:13,0,0,27.77412,52.47447
2025-05-28 21:22:13,0,0,27.7653,52.53907
2025-05-28 21:22:13,0,0,27.7653,52.53907
2025-05-28 21:22:13,0,0,27.78294,52.60462
2025-05-28 21:22:13,0,0,27.78294,52.60462
2025-05-28 21:22:13,0,0,27.77706,52.43902
2025-05-28 21:22:13,0,0,27.77706,52.43902
2025-05-28 21:22:13,0,0,27.77706,52.42385
2025-05-28 21:22:13,0,0,27.77706,52.42385
2025-05-28 21:22:13,0,0,27.77118,52.48384
2025-05-28 21:22:13,0,0,27.77118,52.48384
2025-05-28 21:22:14,0,0,27.78,52.56774
2025-05-28 21:22:14,0,0,27.78,52.56774
2025-05-28 21:22:14,0,0,27.78294,52.63259
2025-05-28 21:22:14,0,0,27.78294,52.63259
2025-05-28 21:22:14,0,0,27.77706,52.37583
2025-05-28 21:22:14,0,0,27.77706,52.37583
2025-05-28 21:22:14,0,0,27.78882,52.50434
2025-05-28 21:22:14,0,0,27.78882,52.50434
2025-05-28 21:22:14,0,0,27.78294,52.54005
2025-05-28 21:22:14,0,0,27.78294,52.54005
2025-05-28 21:22:14,0,0,27.78588,52.6097
2025-05-28 21:22:14,0,0,27.78588,52.6097
2025-05-28 21:22:15,0,0,27.77412,52.48632
2025-05-28 21:22:15,0,0,27.77412,52.48632
2025-05-28 21:22:15,0,0,27.78588,52.496
2025-05-28 21:22:15,0,0,27.78588,52.496
2025-05-28 21:22:15,0,0,27.78294,52.57802
2025-05-28 21:22:15,0,0,27.78294,52.57802
2025-05-28 21:22:15,0,0,27.79471,52.66987
2025-05-28 21:22:15,0,0,27.79471,52.66987
2025-05-28 21:22:15,0,0,27.78882,52.69651
2025-05-28 21:22:15,0,0,27.78882,52.69651
2025-05-28 21:22:15,0,0,27.77706,52.52368
2025-05-28 21:22:15,0,0,27.77706,52.52368
2025-05-28 21:22:15,0,0,27.78588,52.60756
2025-05-28 21:22:15,0,0,27.78588,52.60756
2025-05-28 21:22:16,0,0,27.78588,52.65968
2025-05-28 21:22:16,0,0,27.78588,52.65968
2025-05-28 21:22:16,0,0,27.78294,52.71799
2025-05-28 21:22:16,0,0,27.78294,52.71799
2025-05-28 21:22:16,0,0,27.78294,52.42309
2025-05-28 21:22:16,0,0,27.78294,52.42309
2025-05-28 21:22:16,0,0,27.78882,52.56264
2025-05-28 21:22:16,0,0,27.78882,52.56264
2025-05-28 21:22:16,0,0,27.79471,52.61023
2025-05-28 21:22:16,0,0,27.79471,52.61023
2025-05-28 21:22:16,0,0,27.78882,52.64277
2025-05-28 21:22:16,0,0,27.78882,52.64277
2025-05-28 21:22:17,0,0,27.80059,52.45064
2025-05-28 21:22:17,0,0,27.80059,52.45064
2025-05-28 21:22:17,0,0,27.79765,52.60234
2025-05-28 21:22:17,0,0,27.79765,52.60234
2025-05-28 21:22:17,0,0,27.79471,52.6312
2025-05-28 21:22:17,0,0,27.79471,52.6312
2025-05-28 21:22:17,0,0,27.80353,52.67611
2025-05-28 21:22:17,0,0,27.80353,52.67611
2025-05-28 21:22:17,0,0,27.80941,52.47382
2025-05-28 21:22:17,0,0,27.80941,52.47382
2025-05-28 21:22:17,0,0,27.80941,52.54991
2025-05-28 21:22:17,0,0,27.80941,52.54991
2025-05-28 21:22:18,0,0,27.80647,52.55692
2025-05-28 21:22:18,0,0,27.80647,52.55692
2025-05-28 21:22:18,0,0,27.81824,52.62758
2025-05-28 21:22:18,0,0,27.81824,52.62758
2025-05-28 21:22:18,0,0,27.82412,52.45889
2025-05-28 21:22:18,0,0,27.82412,52.45889
2025-05-28 21:22:18,0,0,27.82706,52.52329
2025-05-28 21:22:18,0,0,27.82706,52.52329
2025-05-28 21:22:18,0,0,27.80941,52.61253
2025-05-28 21:22:18,0,0,27.80941,52.61253
2025-05-28 21:22:18,0,0,27.81235,52.64906
2025-05-28 21:22:18,0,0,27.81235,52.64906
2025-05-28 21:22:19,0,0,27.81235,52.51807
2025-05-28 21:22:19,0,0,27.81235,52.51807
2025-05-28 21:22:19,0,0,27.82118,52.48871
2025-05-28 21:22:19,0,0,27.82118,52.48871
2025-05-28 21:22:19,0,0,27.81824,52.55783
2025-05-28 21:22:19,0,0,27.81824,52.55783
2025-05-28 21:22:19,0,0,27.81529,52.63527
2025-05-28 21:22:19,0,0,27.81529,52.63527
2025-05-28 21:22:19,0,0,27.80941,52.67754
2025-05-28 21:22:19,0,0,27.80941,52.67754
2025-05-28 21:22:19,0,0,27.82706,52.48324
2025-05-28 21:22:19,0,0,27.82706,52.48324
2025-05-28 21:22:19,0,0,27.83,52.6152
2025-05-28 21:22:19,0,0,27.83,52.6152
2025-05-28 21:22:20,0,0,27.83588,52.67146
2025-05-28 21:22:20,0,0,27.83588,52.67146
2025-05-28 21:22:20,0,0,27.83294,52.72843
2025-05-28 21:22:20,0,0,27.83294,52.72843
2025-05-28 21:22:20,0,0,27.83,52.55468
2025-05-28 21:22:20,0,0,27.83,52.55468
2025-05-28 21:22:20,0,0,27.82118,52.6978
2025-05-28 21:22:20,0,0,27.82118,52.6978
2025-05-28 21:22:20,0,0,27.81235,52.73612
2025-05-28 21:22:20,0,0,27.81235,52.73612
2025-05-28 21:22:20,0,0,27.82706,52.75712
2025-05-28 21:22:20,0,0,27.82706,52.75712
2025-05-28 21:22:21,0,0,27.83588,52.52189
2025-05-28 21:22:21,0,0,27.83588,52.52189
2025-05-28 21:22:21,0,0,27.83,52.73314
2025-05-28 21:22:21,0,0,27.83,52.73314
2025-05-28 21:22:21,0,0,27.83588,52.73368
2025-05-28 21:22:21,0,0,27.83588,52.73368
2025-05-28 21:22:21,0,0,27.83294,52.74513
2025-05-28 21:22:21,0,0,27.83294,52.74513
2025-05-28 21:22:21,0,0,27.83882,52.56082
2025-05-28 21:22:21,0,0,27.83882,52.56082
2025-05-28 21:22:21,0,0,27.83588,52.68509
2025-05-28 21:22:21,0,0,27.83588,52.68509
2025-05-28 21:22:22,0,0,27.83294,52.70612
2025-05-28 21:22:22,0,0,27.83294,52.70612
2025-05-28 21:22:22,0,0,27.84765,52.74772
2025-05-28 21:22:22,0,0,27.84765,52.74772
2025-05-28 21:22:22,0,0,27.85059,52.553
2025-05-28 21:22:22,0,0,27.85059,52.553
2025-05-28 21:22:22,0,0,27.84765,52.66323
2025-05-28 21:22:22,0,0,27.84765,52.66323
2025-05-28 21:22:22,0,0,27.85059,52.69734
2025-05-28 21:22:22,0,0,27.85059,52.69734
2025-05-28 21:22:22,0,0,27.84765,52.74773
2025-05-28 21:22:22,0,0,27.84765,52.74773
2025-05-28 21:22:23,0,0,27.85647,52.5484
2025-05-28 21:22:23,0,0,27.85647,52.5484
2025-05-28 21:22:23,0,0,27.85941,52.64219
2025-05-28 21:22:23,0,0,27.85941,52.64219
2025-05-28 21:22:23,0,0,27.85647,52.69699
2025-05-28 21:22:23,0,0,27.85647,52.69699
2025-05-28 21:22:23,0,0,27.85941,52.76213
2025-05-28 21:22:23,0,0,27.85941,52.76213
2025-05-28 21:22:23,0,0,27.85059,52.55327
2025-05-28 21:22:23,0,0,27.85059,52.55327
2025-05-28 21:22:23,0,0,27.85059,52.65404
2025-05-28 21:22:23,0,0,27.85059,52.65404
2025-05-28 21:22:24,0,0,27.85059,52.68693
2025-05-28 21:22:24,0,0,27.85059,52.68693
2025-05-28 21:22:24,0,0,27.85353,52.71508
2025-05-28 21:22:24,0,0,27.85353,52.71508
2025-05-28 21:22:24,0,0,27.85941,52.51324
2025-05-28 21:22:24,0,0,27.85941,52.51324
2025-05-28 21:22:24,0,0,27.86529,52.62409
2025-05-28 21:22:24,0,0,27.86529,52.62409
2025-05-28 21:22:24,0,0,27.86235,52.65152
2025-05-28 21:22:24,0,0,27.86235,52.65152
2025-05-28 21:22:24,0,0,27.86235,52.70194
2025-05-28 21:22:24,0,0,27.86235,52.70194
2025-05-28 21:22:24,0,0,27.86823,52.53666
2025-05-28 21:22:24,0,0,27.86823,52.53666
2025-05-28 21:22:25,0,0,27.86823,52.63664
2025-05-28 21:22:25,0,0,27.86823,52.63664
2025-05-28 21:22:25,0,0,27.87412,52.66204
2025-05-28 21:22:25,0,0,27.87412,52.66204
2025-05-28 21:22:25,0,0,27.87118,52.6993
2025-05-28 21:22:25,0,0,27.87118,52.6993
2025-05-28 21:22:25,0,0,27.86823,52.66491
2025-05-28 21:22:25,0,0,27.86823,52.66491
2025-05-28 21:22:25,0,0,27.87706,52.4995
2025-05-28 21:22:25,0,0,27.87706,52.4995
2025-05-28 21:22:25,0,0,27.88,52.70921
2025-05-28 21:22:25,0,0,27.88,52.70921
2025-05-28 21:22:26,0,0,27.87412,52.65488
2025-05-28 21:22:26,0,0,27.87412,52.65488
2025-05-28 21:22:26,0,0,27.88294,52.70521
2025-05-28 21:22:26,0,0,27.88294,52.70521
2025-05-28 21:22:26,0,0,27.87706,52.47361
2025-05-28 21:22:26,0,0,27.87706,52.47361
2025-05-28 21:22:26,0,0,27.87412,52.57242
2025-05-28 21:22:26,0,0,27.87412,52.57242
2025-05-28 21:22:26,0,0,27.87412,52.63617
2025-05-28 21:22:26,0,0,27.87412,52.63617
2025-05-28 21:22:26,0,0,27.88882,52.66309
2025-05-28 21:22:26,0,0,27.88882,52.66309
2025-05-28 21:22:27,0,0,27.87706,52.53574
2025-05-28 21:22:27,0,0,27.87706,52.53574
2025-05-28 21:22:27,0,0,27.88588,52.53666
2025-05-28 21:22:27,0,0,27.88588,52.53666
2025-05-28 21:22:27,0,0,27.88882,52.57982
2025-05-28 21:22:27,0,0,27.88882,52.57982
2025-05-28 21:22:27,0,0,27.88588,52.63559
2025-05-28 21:22:27,0,0,27.88588,52.63559
2025-05-28 21:22:27,0,0,27.88588,52.42254
2025-05-28 21:22:27,0,0,27.88588,52.42254
2025-05-28 21:22:27,0,0,27.88294,52.50526
2025-05-28 21:22:27,0,0,27.88294,52.50526
2025-05-28 21:22:28,0,0,27.88294,52.62101
2025-05-28 21:22:28,0,0,27.88294,52.62101
2025-05-28 21:22:28,0,0,27.89471,52.67749
2025-05-28 21:22:28,0,0,27.89471,52.67749
2025-05-28 21:22:28,0,0,27.89177,52.72041
2025-05-28 21:22:28,0,0,27.89177,52.72041
2025-05-28 21:22:28,0,0,27.90059,52.53109
2025-05-28 21:22:28,0,0,27.90059,52.53109
2025-05-28 21:22:28,0,0,27.88588,52.57131
2025-05-28 21:22:28,0,0,27.88588,52.57131
2025-05-28 21:22:28,0,0,27.89471,52.62835
2025-05-28 21:22:28,0,0,27.89471,52.62835
2025-05-28 21:22:28,0,0,27.88588,52.69762
2025-05-28 21:22:28,0,0,27.88588,52.69762
2025-05-28 21:22:29,0,0,27.88588,52.77106
2025-05-28 21:22:29,0,0,27.88588,52.77106
2025-05-28 21:22:29,0,0,27.90647,52.69613
2025-05-28 21:22:29,0,0,27.90647,52.69613
2025-05-28 21:22:29,0,0,27.90059,52.75244
2025-05-28 21:22:29,0,0,27.90059,52.75244
2025-05-28 21:22:29,0,0,27.91235,52.75616
2025-05-28 21:22:29,0,0,27.91235,52.75616
2025-05-28 21:22:29,0,0,27.91235,52.76484
2025-05-28 21:22:29,0,0,27.91235,52.76484
2025-05-28 21:22:29,0,0,27.90941,52.74926
2025-05-28 21:22:29,0,0,27.90941,52.74926
2025-05-28 21:22:30,0,0,27.91235,52.78183
2025-05-28 21:22:30,0,0,27.91235,52.78183
2025-05-28 21:22:30,0,0,27.91235,52.7469
2025-05-28 21:22:30,0,0,27.91235,52.7469
2025-05-28 21:22:30,0,0,27.92412,52.7415
2025-05-28 21:22:30,0,0,27.92412,52.7415
2025-05-28 21:22:30,0,0,27.92118,52.66174
2025-05-28 21:22:30,0,0,27.92118,52.66174
2025-05-28 21:22:30,0,0,27.91824,52.66238
2025-05-28 21:22:30,0,0,27.91824,52.66238
2025-05-28 21:22:30,0,0,27.91824,52.70946
2025-05-28 21:22:30,0,0,27.91824,52.70946
2025-05-28 21:22:31,0,0,27.92118,52.73419
2025-05-28 21:22:31,0,0,27.92118,52.73419
2025-05-28 21:22:31,0,0,27.91824,52.76246
2025-05-28 21:22:31,0,0,27.91824,52.76246
2025-05-28 21:22:31,0,0,27.90353,52.57773
2025-05-28 21:22:31,0,0,27.90353,52.57773
2025-05-28 21:22:31,0,0,27.92412,52.60413
2025-05-28 21:22:31,0,0,27.92412,52.60413
2025-05-28 21:22:31,0,0,27.92706,52.64288
2025-05-28 21:22:31,0,0,27.92706,52.64288
2025-05-28 21:22:31,0,0,27.93294,52.71822
2025-05-28 21:22:31,0,0,27.93294,52.71822
2025-05-28 21:22:32,0,0,27.92706,52.75397
2025-05-28 21:22:32,0,0,27.92706,52.75397
2025-05-28 21:22:32,0,0,27.92706,52.7536
2025-05-28 21:22:32,0,0,27.92706,52.7536
2025-05-28 21:22:32,0,0,27.92706,52.73463
2025-05-28 21:22:32,0,0,27.92706,52.73463
2025-05-28 21:22:32,0,0,27.92706,52.7075
2025-05-28 21:22:32,0,0,27.92706,52.7075
2025-05-28 21:22:32,0,0,27.94765,52.7235
2025-05-28 21:22:32,0,0,27.94765,52.7235
2025-05-28 21:22:32,0,0,27.93588,52.74328
2025-05-28 21:22:32,0,0,27.93588,52.74328
2025-05-28 21:22:33,0,0,27.93294,52.7417
2025-05-28 21:22:33,0,0,27.93294,52.7417
2025-05-28 21:22:33,0,0,27.93882,52.70267
2025-05-28 21:22:33,0,0,27.93882,52.70267
2025-05-28 21:22:33,0,0,27.93,52.77092
2025-05-28 21:22:33,0,0,27.93,52.77092
2025-05-28 21:22:33,0,0,27.93,52.73579
2025-05-28 21:22:33,0,0,27.93,52.73579
2025-05-28 21:22:33,0,0,27.93588,52.74725
2025-05-28 21:22:33,0,0,27.93588,52.74725
2025-05-28 21:22:33,0,0,27.93882,52.7634
2025-05-28 21:22:33,0,0,27.93882,52.7634
2025-05-28 21:22:33,0,0,27.93,52.76018
2025-05-28 21:22:33,0,0,27.93,52.76018
2025-05-28 21:22:34,0,0,27.95941,52.69806
2025-05-28 21:22:34,0,0,27.95941,52.69806
2025-05-28 21:22:34,0,0,27.94765,52.73003
2025-05-28 21:22:34,0,0,27.94765,52.73003
2025-05-28 21:22:34,0,0,27.96235,52.75834
2025-05-28 21:22:34,0,0,27.96235,52.75834
2025-05-28 21:22:34,0,0,27.95941,52.76351
2025-05-28 21:22:34,0,0,27.95941,52.76351
2025-05-28 21:22:34,0,0,27.95353,52.70275
2025-05-28 21:22:34,0,0,27.95353,52.70275
2025-05-28 21:22:34,0,0,27.94765,52.73503
2025-05-28 21:22:34,0,0,27.94765,52.73503
2025-05-28 21:22:35,0,0,27.95941,52.74192
2025-05-28 21:22:35,0,0,27.95941,52.74192
2025-05-28 21:22:35,0,0,27.95941,52.74435
2025-05-28 21:22:35,0,0,27.95941,52.74435
2025-05-28 21:22:35,0,0,27.95647,52.68945
2025-05-28 21:22:35,0,0,27.95647,52.68945
2025-05-28 21:22:35,0,0,27.95941,52.73149
2025-05-28 21:22:35,0,0,27.95941,52.73149
2025-05-28 21:22:35,0,0,27.95941,52.72631
2025-05-28 21:22:35,0,0,27.95941,52.72631
2025-05-28 21:22:35,0,0,27.96235,52.74515
2025-05-28 21:22:35,0,0,27.96235,52.74515
2025-05-28 21:22:36,0,0,27.95647,52.70673
2025-05-28 21:22:36,0,0,27.95647,52.70673
2025-05-28 21:22:36,0,0,27.95647,52.6899
2025-05-28 21:22:36,0,0,27.94176,52.68748
2025-05-28 21:22:36,0,0,27.95647,52.6899
2025-05-28 21:22:36,0,0,27.94176,52.68748
2025-05-28 21:22:36,0,0,27.94176,52.71204
2025-05-28 21:22:36,0,0,27.94176,52.71204
2025-05-28 21:22:36,0,0,27.94765,52.68106
2025-05-28 21:22:36,0,0,27.94765,52.68106
2025-05-28 21:22:36,0,0,27.93588,52.59968
2025-05-28 21:22:36,0,0,27.93588,52.59968
2025-05-28 21:22:37,0,0,27.94176,52.65529
2025-05-28 21:22:37,0,0,27.94176,52.65529
2025-05-28 21:22:37,0,0,27.95353,52.6839
2025-05-28 21:22:37,0,0,27.95353,52.6839
2025-05-28 21:22:37,0,0,27.95353,52.71225
2025-05-28 21:22:37,0,0,27.95353,52.71225
2025-05-28 21:22:37,0,0,27.95353,52.54717
2025-05-28 21:22:37,0,0,27.95353,52.54717
2025-05-28 21:22:37,0,0,27.95353,52.63697
2025-05-28 21:22:37,0,0,27.95353,52.63697
2025-05-28 21:22:37,0,0,27.97118,52.65941
2025-05-28 21:22:37,0,0,27.97118,52.65941
2025-05-28 21:22:37,0,0,27.95941,52.69771
2025-05-28 21:22:37,0,0,27.95941,52.69771
2025-05-28 21:22:38,0,0,27.98,52.5704
2025-05-28 21:22:38,0,0,27.98,52.5704
2025-05-28 21:22:38,0,0,27.97412,52.65046
2025-05-28 21:22:38,0,0,27.97412,52.65046
2025-05-28 21:22:38,0,0,27.98,52.68167
2025-05-28 21:22:38,0,0,27.98,52.68167
2025-05-28 21:22:38,0,0,27.98,52.71867
2025-05-28 21:22:38,0,0,27.98,52.71867
2025-05-28 21:22:38,0,0,27.96235,52.5796
2025-05-28 21:22:38,0,0,27.96235,52.5796
2025-05-28 21:22:38,0,0,27.96824,52.64642
2025-05-28 21:22:38,0,0,27.96824,52.64642
2025-05-28 21:22:39,0,0,27.99471,52.67095
2025-05-28 21:22:39,0,0,27.99471,52.67095
2025-05-28 21:22:39,0,0,27.96529,52.7039
2025-05-28 21:22:39,0,0,27.96529,52.7039
2025-05-28 21:22:39,0,0,27.98588,52.54098
2025-05-28 21:22:39,0,0,27.98588,52.54098
2025-05-28 21:22:39,0,0,27.98588,52.62318
2025-05-28 21:22:39,0,0,27.98588,52.62318
2025-05-28 21:22:39,0,0,27.98,52.65815
2025-05-28 21:22:39,0,0,27.98,52.65815
2025-05-28 21:22:39,0,0,27.99176,52.71793
2025-05-28 21:22:39,0,0,27.99176,52.71793
2025-05-28 21:22:52,0,0,28.07706,52.65942
2025-05-28 21:22:53,0,0,28.06235,52.4408
2025-05-28 21:22:53,0,0,28.06824,52.56331
2025-05-28 21:22:53,0,0,28.06824,52.56331
2025-05-28 21:22:53,0,0,28.06235,52.60076
2025-05-28 21:22:53,0,0,28.06235,52.60076
2025-05-28 21:22:53,0,0,28.07118,52.65245
2025-05-28 21:22:53,0,0,28.07118,52.65245
2025-05-28 21:22:53,0,0,28.08294,52.51738
2025-05-28 21:22:53,0,0,28.08294,52.51738
2025-05-28 21:22:53,0,0,28.08,52.55491
2025-05-28 21:22:53,0,0,28.08,52.55491
2025-05-28 21:22:54,0,0,28.08,52.61518
2025-05-28 21:22:54,0,0,28.08,52.61518
2025-05-28 21:22:54,0,0,28.07706,52.6545
2025-05-28 21:22:54,0,0,28.07706,52.6545
2025-05-28 21:22:54,0,0,28.06529,52.59843
2025-05-28 21:22:54,0,0,28.06529,52.59843
2025-05-28 21:22:54,0,0,28.07118,52.51662
2025-05-28 21:22:54,0,0,28.07118,52.51662
2025-05-28 21:22:54,0,0,28.07118,52.5686
2025-05-28 21:22:54,0,0,28.07118,52.5686
2025-05-28 21:22:54,0,0,28.07118,52.63688
2025-05-28 21:22:54,0,0,28.07118,52.63688
2025-05-28 21:22:55,0,0,28.07412,52.60137
2025-05-28 21:22:55,0,0,28.07412,52.60137
2025-05-28 21:22:55,0,0,28.06824,52.45564
2025-05-28 21:22:55,0,0,28.05647,52.52628
2025-05-28 21:22:55,0,0,28.06824,52.45564
2025-05-28 21:22:55,0,0,28.05647,52.52628
2025-05-28 21:22:55,0,0,28.05941,52.60911
2025-05-28 21:22:55,0,0,28.05941,52.60911
2025-05-28 21:22:55,0,0,28.06235,52.63476
2025-05-28 21:22:55,0,0,28.06235,52.63476
2025-05-28 21:22:55,0,0,28.06824,52.40125
2025-05-28 21:22:55,0,0,28.06824,52.40125
2025-05-28 21:22:55,0,0,28.06529,52.49939
2025-05-28 21:22:55,0,0,28.06529,52.49939
2025-05-28 21:22:56,0,0,28.06824,52.56251
2025-05-28 21:22:56,0,0,28.06824,52.56251
2025-05-28 21:22:56,0,0,28.06529,52.61987
2025-05-28 21:22:56,0,0,28.06529,52.61987
2025-05-28 21:22:56,0,0,28.05647,52.43578
2025-05-28 21:22:56,0,0,28.05647,52.43578
2025-05-28 21:22:56,0,0,28.05353,52.48838
2025-05-28 21:22:56,0,0,28.05353,52.48838
2025-05-28 21:22:56,0,0,28.05647,52.55162
2025-05-28 21:22:56,0,0,28.05647,52.55162
2025-05-28 21:22:56,0,0,28.06824,52.6106
2025-05-28 21:22:56,0,0,28.06824,52.6106
2025-05-28 21:22:57,0,0,28.05941,52.41093
2025-05-28 21:22:57,0,0,28.05941,52.41093
2025-05-28 21:22:57,0,0,28.07118,52.53503
2025-05-28 21:22:57,0,0,28.07118,52.53503
2025-05-28 21:22:57,0,0,28.07412,52.56893
2025-05-28 21:22:57,0,0,28.07412,52.56893
2025-05-28 21:22:57,0,0,28.06529,52.63305
2025-05-28 21:22:57,0,0,28.06529,52.63305
2025-05-28 21:22:57,0,0,28.08,52.46422
2025-05-28 21:22:57,0,0,28.08,52.46422
2025-05-28 21:22:57,0,0,28.08294,52.58061
2025-05-28 21:22:57,0,0,28.08294,52.58061
2025-05-28 21:22:58,0,0,28.08588,52.59641
2025-05-28 21:22:58,0,0,28.08588,52.59641
2025-05-28 21:22:58,0,0,28.07118,52.65664
2025-05-28 21:22:58,0,0,28.07118,52.65664
2025-05-28 21:22:58,0,0,28.08,52.45446
2025-05-28 21:22:58,0,0,28.08,52.45446
2025-05-28 21:22:58,0,0,28.08,52.58795
2025-05-28 21:22:58,0,0,28.08,52.58795
2025-05-28 21:22:58,0,0,28.08882,52.59001
2025-05-28 21:22:58,0,0,28.08882,52.59001
2025-05-28 21:22:58,0,0,28.07706,52.64816
2025-05-28 21:22:58,0,0,28.07706,52.64816
2025-05-28 21:22:59,0,0,28.08588,52.46622
2025-05-28 21:22:59,0,0,28.08588,52.46622
2025-05-28 21:22:59,0,0,28.08294,52.61196
2025-05-28 21:22:59,0,0,28.08294,52.61196
2025-05-28 21:22:59,0,0,28.06235,52.62394
2025-05-28 21:22:59,0,0,28.06235,52.62394
2025-05-28 21:22:59,0,0,28.07412,52.70044
2025-05-28 21:22:59,0,0,28.07412,52.70044
2025-05-28 21:22:59,0,0,28.07706,52.50126
2025-05-28 21:22:59,0,0,28.07706,52.50126
2025-05-28 21:22:59,0,0,28.07706,52.62977
2025-05-28 21:22:59,0,0,28.07706,52.62977
2025-05-28 21:23:00,0,0,28.07706,52.62256
2025-05-28 21:23:00,0,0,28.07706,52.62256
2025-05-28 21:23:00,0,0,28.07118,52.64279
2025-05-28 21:23:00,0,0,28.07118,52.64279
2025-05-28 21:23:00,0,0,28.05647,52.48508
2025-05-28 21:23:00,0,0,28.05647,52.48508
2025-05-28 21:23:00,0,0,28.06529,52.54511
2025-05-28 21:23:00,0,0,28.06529,52.54511
2025-05-28 21:23:00,0,0,28.06235,52.62925
2025-05-28 21:23:00,0,0,28.06235,52.62925
2025-05-28 21:23:00,0,0,28.07706,52.36711
2025-05-28 21:23:00,0,0,28.06235,52.46672
2025-05-28 21:23:00,0,0,28.07706,52.36711
2025-05-28 21:23:00,0,0,28.06235,52.46672
2025-05-28 21:23:01,0,0,28.06529,52.4719
2025-05-28 21:23:01,0,0,28.06529,52.4719
2025-05-28 21:23:01,0,0,28.08588,52.57162
2025-05-28 21:23:01,0,0,28.08588,52.57162
2025-05-28 21:23:01,0,0,28.07118,52.32809
2025-05-28 21:23:01,0,0,28.07118,52.32809
2025-05-28 21:23:01,0,0,28.06529,52.39842
2025-05-28 21:23:01,0,0,28.06529,52.39842
2025-05-28 21:23:01,0,0,28.06824,52.44197
2025-05-28 21:23:01,0,0,28.06824,52.44197
2025-05-28 21:23:01,0,0,28.06824,52.43275
2025-05-28 21:23:01,0,0,28.06824,52.43275
2025-05-28 21:23:02,0,0,28.08,52.32098
2025-05-28 21:23:02,0,0,28.08,52.32098
2025-05-28 21:23:02,0,0,28.08882,52.38163
2025-05-28 21:23:02,0,0,28.08882,52.38163
2025-05-28 21:23:02,0,0,28.08,52.49006
2025-05-28 21:23:02,0,0,28.08,52.49006
2025-05-28 21:23:02,0,0,28.08882,52.57913
2025-05-28 21:23:02,0,0,28.08882,52.57913
2025-05-28 21:23:02,0,0,28.08882,52.34497
2025-05-28 21:23:02,0,0,28.08882,52.34497
2025-05-28 21:23:02,0,0,28.08882,52.47811
2025-05-28 21:23:02,0,0,28.08882,52.47811
2025-05-28 21:23:03,0,0,28.10059,52.5271
2025-05-28 21:23:03,0,0,28.10059,52.5271
2025-05-28 21:23:03,0,0,28.09176,52.56758
2025-05-28 21:23:03,0,0,28.09176,52.56758
2025-05-28 21:23:03,0,0,28.10059,52.35911
2025-05-28 21:23:03,0,0,28.10059,52.35911
2025-05-28 21:23:03,0,0,28.09471,52.49563
2025-05-28 21:23:03,0,0,28.09471,52.49563
2025-05-28 21:23:03,0,0,28.09176,52.54349
2025-05-28 21:23:03,0,0,28.09176,52.54349
2025-05-28 21:23:03,0,0,28.10353,52.60302
2025-05-28 21:23:03,0,0,28.10353,52.60302
2025-05-28 21:23:04,0,0,28.08588,52.37478
2025-05-28 21:23:04,0,0,28.08588,52.37478
2025-05-28 21:23:04,0,0,28.09176,52.50908
2025-05-28 21:23:04,0,0,28.09176,52.50908
2025-05-28 21:23:04,0,0,28.08294,52.53929
2025-05-28 21:23:04,0,0,28.08294,52.53929
2025-05-28 21:23:04,0,0,28.10059,52.62561
2025-05-28 21:23:04,0,0,28.10059,52.62561
2025-05-28 21:23:04,0,0,28.10353,52.37651
2025-05-28 21:23:04,0,0,28.10353,52.37651
2025-05-28 21:23:04,0,0,28.08588,52.48354
2025-05-28 21:23:04,0,0,28.08588,52.48354
2025-05-28 21:23:04,0,0,28.09471,52.54061
2025-05-28 21:23:04,0,0,28.09471,52.54061
2025-05-28 21:23:05,0,0,28.10353,52.56739
2025-05-28 21:23:05,0,0,28.10353,52.56739
2025-05-28 21:23:05,0,0,28.10941,52.36521
2025-05-28 21:23:05,0,0,28.10941,52.36521
2025-05-28 21:23:05,0,0,28.09176,52.44824
2025-05-28 21:23:05,0,0,28.09176,52.44824
2025-05-28 21:23:05,0,0,28.10941,52.5138
2025-05-28 21:23:05,0,0,28.10941,52.5138
2025-05-28 21:23:05,0,0,28.09471,52.43909
2025-05-28 21:23:05,0,0,28.09471,52.43909
2025-05-28 21:23:05,0,0,28.10647,52.35538
2025-05-28 21:23:05,0,0,28.10647,52.35538
2025-05-28 21:23:06,0,0,28.10353,52.39314
2025-05-28 21:23:06,0,0,28.10353,52.39314
2025-05-28 21:23:06,0,0,28.10941,52.45309
2025-05-28 21:23:06,0,0,28.10941,52.45309
2025-05-28 21:23:06,0,0,28.09471,52.52683
2025-05-28 21:23:06,0,0,28.09471,52.52683
2025-05-28 21:23:06,0,0,28.08588,52.27879
2025-05-28 21:23:06,0,0,28.08588,52.27879
2025-05-28 21:23:06,0,0,28.10647,52.40605
2025-05-28 21:23:06,0,0,28.10647,52.40605
2025-05-28 21:23:06,0,0,28.11235,52.48898
2025-05-28 21:23:06,0,0,28.11235,52.48898
2025-05-28 21:23:07,0,0,28.10647,52.60241
2025-05-28 21:23:07,0,0,28.10647,52.60241
2025-05-28 21:23:07,0,0,28.10353,52.66654
2025-05-28 21:23:07,0,0,28.10353,52.66654
2025-05-28 21:23:07,0,0,28.12118,52.34953
2025-05-28 21:23:07,0,0,28.12118,52.34953
2025-05-28 21:23:07,0,0,28.10647,52.45072
2025-05-28 21:23:07,0,0,28.10647,52.45072
2025-05-28 21:23:07,0,0,28.10353,52.54144
2025-05-28 21:23:07,0,0,28.10353,52.54144
2025-05-28 21:23:07,0,0,28.10647,52.60305
2025-05-28 21:23:07,0,0,28.10647,52.60305
2025-05-28 21:23:08,0,0,28.10353,52.50515
2025-05-28 21:23:08,0,0,28.10353,52.50515
2025-05-28 21:23:08,0,0,28.11823,52.43151
2025-05-28 21:23:08,0,0,28.11823,52.43151
2025-05-28 21:23:08,0,0,28.10941,52.52537
2025-05-28 21:23:08,0,0,28.10941,52.52537
2025-05-28 21:23:08,0,0,28.11529,52.60059
2025-05-28 21:23:08,0,0,28.11529,52.60059
2025-05-28 21:23:08,0,0,28.10353,52.66296
2025-05-28 21:23:08,0,0,28.10353,52.66296
2025-05-28 21:23:08,0,0,28.10647,52.38178
2025-05-28 21:23:08,0,0,28.10647,52.38178
2025-05-28 21:23:09,0,0,28.10647,52.49208
2025-05-28 21:23:09,0,0,28.10647,52.49208
2025-05-28 21:23:09,0,0,28.11235,52.52183
2025-05-28 21:23:09,0,0,28.11235,52.52183
2025-05-28 21:23:09,0,0,28.11529,52.59486
2025-05-28 21:23:09,0,0,28.11529,52.59486
2025-05-28 21:23:09,0,0,28.11235,52.32227
2025-05-28 21:23:09,0,0,28.11235,52.32227
2025-05-28 21:23:09,0,0,28.13294,52.47973
2025-05-28 21:23:09,0,0,28.13294,52.47973
2025-05-28 21:23:09,0,0,28.10353,52.54529
2025-05-28 21:23:09,0,0,28.10353,52.54529
2025-05-28 21:23:09,0,0,28.12118,52.63905
2025-05-28 21:23:09,0,0,28.12118,52.63905
2025-05-28 21:23:10,0,0,28.13294,52.44538
2025-05-28 21:23:10,0,0,28.13294,52.44538
2025-05-28 21:23:10,0,0,28.11235,52.3867
2025-05-28 21:23:10,0,0,28.11235,52.3867
2025-05-28 21:23:10,0,0,28.12118,52.71789
2025-05-28 21:23:10,0,0,28.12118,52.71789
2025-05-28 21:23:10,0,0,28.13294,52.73464
2025-05-28 21:23:10,0,0,28.13294,52.73464
2025-05-28 21:23:10,0,0,28.11529,52.74052
2025-05-28 21:23:10,0,0,28.11529,52.74052
2025-05-28 21:23:10,0,0,28.12706,52.21037
2025-05-28 21:23:10,0,0,28.12706,52.21037
2025-05-28 21:23:11,0,0,28.11235,52.68718
2025-05-28 21:23:11,0,0,28.11235,52.68718
2025-05-28 21:23:11,0,0,28.11823,52.70748
2025-05-28 21:23:11,0,0,28.11823,52.70748
2025-05-28 21:23:11,0,0,28.13,52.74076
2025-05-28 21:23:11,0,0,28.13,52.74076
2025-05-28 21:23:11,0,0,28.11529,52.62143
2025-05-28 21:23:11,0,0,28.11529,52.62143
2025-05-28 21:23:11,0,0,28.12706,52.71149
2025-05-28 21:23:11,0,0,28.12706,52.71149
2025-05-28 21:23:11,0,0,28.13294,52.69558
2025-05-28 21:23:11,0,0,28.13294,52.69558
2025-05-28 21:23:12,0,0,28.12118,52.72182
2025-05-28 21:23:12,0,0,28.12118,52.72182
2025-05-28 21:23:12,0,0,28.13588,52.57938
2025-05-28 21:23:12,0,0,28.13588,52.57938
2025-05-28 21:23:12,0,0,28.13,52.52396
2025-05-28 21:23:12,0,0,28.13,52.52396
2025-05-28 21:23:12,0,0,28.13588,52.53381
2025-05-28 21:23:12,0,0,28.13588,52.53381
2025-05-28 21:23:12,0,0,28.13588,52.82687
2025-05-28 21:23:12,0,0,28.13588,52.82687
2025-05-28 21:23:12,0,0,28.13294,52.71037
2025-05-28 21:23:12,0,0,28.13294,52.71037
2025-05-28 21:23:13,0,0,28.13588,52.46194
2025-05-28 21:23:13,0,0,28.13588,52.46194
2025-05-28 21:23:13,0,0,28.13588,52.6418
2025-05-28 21:23:13,0,0,28.13588,52.6418
2025-05-28 21:23:13,0,0,28.12706,52.69569
2025-05-28 21:23:13,0,0,28.12706,52.69569
2025-05-28 21:23:13,0,0,28.13588,52.74692
2025-05-28 21:23:13,0,0,28.13588,52.74692
2025-05-28 21:23:13,0,0,28.13,52.51334
2025-05-28 21:23:13,0,0,28.13,52.51334
2025-05-28 21:23:13,0,0,28.13588,52.55413
2025-05-28 21:23:13,0,0,28.13588,52.55413
2025-05-28 21:23:13,0,0,28.13588,52.58461
2025-05-28 21:23:13,0,0,28.13588,52.58461
2025-05-28 21:23:14,0,0,28.14471,52.66055
2025-05-28 21:23:14,0,0,28.14471,52.66055
2025-05-28 21:23:14,0,0,28.14471,52.71522
2025-05-28 21:23:14,0,0,28.14471,52.71522
2025-05-28 21:23:14,0,0,28.15059,52.35337
2025-05-28 21:23:14,0,0,28.15059,52.35337
2025-05-28 21:23:14,0,0,28.15353,52.43732
2025-05-28 21:23:14,0,0,28.15353,52.43732
2025-05-28 21:23:14,0,0,28.14765,52.49918
2025-05-28 21:23:14,0,0,28.14765,52.49918
2025-05-28 21:23:14,0,0,28.15941,52.53629
2025-05-28 21:23:14,0,0,28.15941,52.53629
2025-05-28 21:23:15,0,0,28.14765,52.42444
2025-05-28 21:23:15,0,0,28.14765,52.42444
2025-05-28 21:23:15,0,0,28.16529,52.39125
2025-05-28 21:23:15,0,0,28.16529,52.39125
2025-05-28 21:23:15,0,0,28.14765,52.51388
2025-05-28 21:23:15,0,0,28.14765,52.51388
2025-05-28 21:23:15,0,0,28.14471,52.61176
2025-05-28 21:23:15,0,0,28.14471,52.61176
2025-05-28 21:23:15,0,0,28.15941,52.6961
2025-05-28 21:23:15,0,0,28.15941,52.6961
2025-05-28 21:23:15,0,0,28.15353,52.18258
2025-05-28 21:23:15,0,0,28.15353,52.18258
2025-05-28 21:23:16,0,0,28.14471,52.62991
2025-05-28 21:23:16,0,0,28.14471,52.62991
2025-05-28 21:23:16,0,0,28.14471,52.65161
2025-05-28 21:23:16,0,0,28.14471,52.65161
2025-05-28 21:23:16,0,0,28.14765,52.68191
2025-05-28 21:23:16,0,0,28.14765,52.68191
2025-05-28 21:23:16,0,0,28.15059,52.45345
2025-05-28 21:23:16,0,0,28.15059,52.45345
2025-05-28 21:23:16,0,0,28.14471,52.45457
2025-05-28 21:23:16,0,0,28.14471,52.45457
2025-05-28 21:23:16,0,0,28.15647,52.47856
2025-05-28 21:23:16,0,0,28.15647,52.47856
2025-05-28 21:23:17,0,0,28.15059,52.51303
2025-05-28 21:23:17,0,0,28.15059,52.51303
2025-05-28 21:23:17,0,0,28.15353,52.65584
2025-05-28 21:23:17,0,0,28.15353,52.65584
2025-05-28 21:23:17,0,0,28.15353,52.33982
2025-05-28 21:23:17,0,0,28.15353,52.33982
2025-05-28 21:23:17,0,0,28.14765,52.37895
2025-05-28 21:23:17,0,0,28.14765,52.37895
2025-05-28 21:23:17,0,0,28.15647,52.40806
2025-05-28 21:23:17,0,0,28.15647,52.40806
2025-05-28 21:23:17,0,0,28.15353,52.66764
2025-05-28 21:23:17,0,0,28.15353,52.66764
2025-05-28 21:23:18,0,0,28.12706,52.31371
2025-05-28 21:23:18,0,0,28.16529,52.37504
2025-05-28 21:23:18,0,0,28.12706,52.31371
2025-05-28 21:23:18,0,0,28.16529,52.37504
2025-05-28 21:23:18,0,0,28.16824,52.41167
2025-05-28 21:23:18,0,0,28.16824,52.41167
2025-05-28 21:23:18,0,0,28.17118,52.64417
2025-05-28 21:23:18,0,0,28.17118,52.64417
2025-05-28 21:23:18,0,0,28.16824,52.44033
2025-05-28 21:23:18,0,0,28.16824,52.44033
2025-05-28 21:23:18,0,0,28.18,52.33338
2025-05-28 21:23:18,0,0,28.18,52.33338
2025-05-28 21:23:18,0,0,28.19176,52.35147
2025-05-28 21:23:18,0,0,28.19176,52.35147
2025-05-28 21:23:19,0,0,28.18294,52.41919
2025-05-28 21:23:19,0,0,28.18294,52.41919
2025-05-28 21:23:19,0,0,28.18,52.51126
2025-05-28 21:23:19,0,0,28.18,52.51126
2025-05-28 21:23:19,0,0,28.15353,52.26843
2025-05-28 21:23:19,0,0,28.15353,52.26843
2025-05-28 21:23:19,0,0,28.14765,52.31356
2025-05-28 21:23:19,0,0,28.14765,52.31356
2025-05-28 21:23:19,0,0,28.15941,52.4296
2025-05-28 21:23:19,0,0,28.15941,52.4296
2025-05-28 21:23:19,0,0,28.17412,52.51629
2025-05-28 21:23:19,0,0,28.17412,52.51629
2025-05-28 21:23:20,0,0,28.16529,52.30983
2025-05-28 21:23:20,0,0,28.16529,52.30983
2025-05-28 21:23:20,0,0,28.15941,52.39799
2025-05-28 21:23:20,0,0,28.15941,52.39799
2025-05-28 21:23:20,0,0,28.15353,52.43346
2025-05-28 21:23:20,0,0,28.15353,52.43346
2025-05-28 21:23:20,0,0,28.15941,52.48568
2025-05-28 21:23:20,0,0,28.15941,52.48568
2025-05-28 21:23:20,0,0,28.16235,52.34994
2025-05-28 21:23:20,0,0,28.16235,52.34994
2025-05-28 21:23:20,0,0,28.17706,52.31618
2025-05-28 21:23:20,0,0,28.17706,52.31618
2025-05-28 21:23:21,0,0,28.16824,52.34986
2025-05-28 21:23:21,0,0,28.16824,52.34986
2025-05-28 21:23:21,0,0,28.17118,52.42963
2025-05-28 21:23:21,0,0,28.17118,52.42963
2025-05-28 21:23:21,0,0,28.16824,52.4678
2025-05-28 21:23:21,0,0,28.16824,52.4678
2025-05-28 21:23:21,0,0,28.16529,52.32288
2025-05-28 21:23:21,0,0,28.16529,52.32288
2025-05-28 21:23:21,0,0,28.15941,52.43744
2025-05-28 21:23:21,0,0,28.15941,52.43744
2025-05-28 21:23:21,0,0,28.16824,52.51133
2025-05-28 21:23:21,0,0,28.16824,52.51133
2025-05-28 21:23:22,0,0,28.17118,52.61139
2025-05-28 21:23:22,0,0,28.17118,52.61139
2025-05-28 21:23:22,0,0,28.16529,52.32328
2025-05-28 21:23:22,0,0,28.16529,52.32328
2025-05-28 21:23:22,0,0,28.16824,52.44482
2025-05-28 21:23:22,0,0,28.16824,52.44482
2025-05-28 21:23:22,0,0,28.18,52.50146
2025-05-28 21:23:22,0,0,28.18,52.50146
2025-05-28 21:23:22,0,0,28.16824,52.60127
2025-05-28 21:23:22,0,0,28.16824,52.60127
2025-05-28 21:23:22,0,0,28.18,52.33772
2025-05-28 21:23:22,0,0,28.18,52.33772
2025-05-28 21:23:22,0,0,28.16529,52.40099
2025-05-28 21:23:22,0,0,28.16529,52.40099
2025-05-28 21:23:23,0,0,28.17118,52.56202
2025-05-28 21:23:23,0,0,28.17118,52.56202
2025-05-28 21:23:23,0,0,28.17706,52.63345
2025-05-28 21:23:23,0,0,28.17706,52.63345
2025-05-28 21:23:23,0,0,28.17118,52.38915
2025-05-28 21:23:23,0,0,28.17118,52.38915
2025-05-28 21:23:23,0,0,28.17118,52.49927
2025-05-28 21:23:23,0,0,28.17118,52.49927
2025-05-28 21:23:23,0,0,28.17118,52.5914
2025-05-28 21:23:23,0,0,28.17118,52.5914
2025-05-28 21:23:23,0,0,28.17706,52.54839
2025-05-28 21:23:23,0,0,28.17706,52.54839
2025-05-28 21:23:24,0,0,28.17118,52.36627
2025-05-28 21:23:24,0,0,28.17118,52.36627
2025-05-28 21:23:24,0,0,28.17706,52.51553
2025-05-28 21:23:24,0,0,28.17706,52.51553
2025-05-28 21:23:24,0,0,28.18294,52.51263
2025-05-28 21:23:24,0,0,28.18294,52.51263
2025-05-28 21:23:24,0,0,28.17706,52.36975
2025-05-28 21:23:24,0,0,28.17706,52.36975
2025-05-28 21:23:24,0,0,28.17412,52.29594
2025-05-28 21:23:24,0,0,28.17412,52.29594
2025-05-28 21:23:24,0,0,28.16824,52.36457
2025-05-28 21:23:24,0,0,28.16824,52.36457
2025-05-28 21:23:25,0,0,28.18588,52.41141
2025-05-28 21:23:25,0,0,28.18588,52.41141
2025-05-28 21:23:25,0,0,28.17706,52.41435
2025-05-28 21:23:25,0,0,28.17706,52.41435
2025-05-28 21:23:25,0,0,28.17118,52.24436
2025-05-28 21:23:25,0,0,28.17118,52.24436
2025-05-28 21:23:25,0,0,28.18,52.30199
2025-05-28 21:23:25,0,0,28.18,52.30199
2025-05-28 21:23:25,0,0,28.17706,52.35003
2025-05-28 21:23:25,0,0,28.17706,52.35003
2025-05-28 21:23:25,0,0,28.18,52.40079
2025-05-28 21:23:25,0,0,28.18,52.40079
2025-05-28 21:23:26,0,0,28.18,52.26034
2025-05-28 21:23:26,0,0,28.18,52.26034
2025-05-28 21:23:26,0,0,28.19176,52.29939
2025-05-28 21:23:26,0,0,28.19176,52.29939
2025-05-28 21:23:26,0,0,28.19176,52.32167
2025-05-28 21:23:26,0,0,28.19176,52.32167
2025-05-28 21:23:26,0,0,28.19471,52.37278
2025-05-28 21:23:26,0,0,28.19471,52.37278
2025-05-28 21:23:26,0,0,28.18,52.42203
2025-05-28 21:23:26,0,0,28.18,52.42203
2025-05-28 21:23:26,0,0,28.18294,52.36156
2025-05-28 21:23:26,0,0,28.18294,52.36156
2025-05-28 21:23:27,0,0,28.17706,52.33767
2025-05-28 21:23:27,0,0,28.17706,52.33767
2025-05-28 21:23:27,0,0,28.17412,52.37669
2025-05-28 21:23:27,0,0,28.17412,52.37669
2025-05-28 21:23:27,0,0,28.18,52.45698
2025-05-28 21:23:27,0,0,28.18,52.45698
2025-05-28 21:23:27,0,0,28.18,52.39749
2025-05-28 21:23:27,0,0,28.18,52.39749
2025-05-28 21:23:27,0,0,28.18294,52.34484
2025-05-28 21:23:27,0,0,28.18294,52.34484
2025-05-28 21:23:27,0,0,28.19176,52.39666
2025-05-28 21:23:27,0,0,28.19176,52.46981
2025-05-28 21:23:27,0,0,28.19176,52.39666
2025-05-28 21:23:27,0,0,28.19176,52.46981
2025-05-28 21:23:28,0,0,28.18,52.56741
2025-05-28 21:23:28,0,0,28.18,52.56741
2025-05-28 21:23:28,0,0,28.19471,52.32452
2025-05-28 21:23:28,0,0,28.19471,52.32452
2025-05-28 21:23:28,0,0,28.19176,52.46827
2025-05-28 21:23:28,0,0,28.19176,52.46827
2025-05-28 21:23:28,0,0,28.19176,52.48613
2025-05-28 21:23:28,0,0,28.19176,52.48613
2025-05-28 21:23:28,0,0,28.18588,52.53915
2025-05-28 21:23:28,0,0,28.18588,52.53915
2025-05-28 21:23:28,0,0,28.19765,52.38187
2025-05-28 21:23:28,0,0,28.19765,52.38187
2025-05-28 21:23:29,0,0,28.18882,52.42833
2025-05-28 21:23:29,0,0,28.18882,52.42833
2025-05-28 21:23:29,0,0,28.19765,52.46744
2025-05-28 21:23:29,0,0,28.19765,52.46744
2025-05-28 21:23:29,0,0,28.19176,52.53967
2025-05-28 21:23:29,0,0,28.19176,52.53967
2025-05-28 21:23:29,0,0,28.19176,52.60659
2025-05-28 21:23:29,0,0,28.19176,52.60659
2025-05-28 21:23:29,0,0,28.18588,52.3769
2025-05-28 21:23:29,0,0,28.18588,52.3769
2025-05-28 21:23:29,0,0,28.18882,52.47903
2025-05-28 21:23:29,0,0,28.18882,52.47903
2025-05-28 21:23:30,0,0,28.19765,52.51898
2025-05-28 21:23:30,0,0,28.19765,52.51898
2025-05-28 21:23:30,0,0,28.19176,52.57639
2025-05-28 21:23:30,0,0,28.19176,52.57639
2025-05-28 21:23:30,0,0,28.20059,52.36629
2025-05-28 21:23:30,0,0,28.20059,52.36629
2025-05-28 21:23:30,0,0,28.20353,52.48939
2025-05-28 21:23:30,0,0,28.20353,52.48939
2025-05-28 21:23:30,0,0,28.19765,52.49903
2025-05-28 21:23:30,0,0,28.19765,52.49903
2025-05-28 21:23:30,0,0,28.20353,52.56899
2025-05-28 21:23:30,0,0,28.20353,52.56899
2025-05-28 21:23:31,0,0,28.19176,52.3497
2025-05-28 21:23:31,0,0,28.19176,52.3497
2025-05-28 21:23:31,0,0,28.18588,52.49689
2025-05-28 21:23:31,0,0,28.18588,52.49689
2025-05-28 21:23:31,0,0,28.18882,52.55916
2025-05-28 21:23:31,0,0,28.18882,52.55916
2025-05-28 21:23:31,0,0,28.19471,52.62339
2025-05-28 21:23:31,0,0,28.19471,52.62339
2025-05-28 21:23:31,0,0,28.18882,52.34357
2025-05-28 21:23:31,0,0,28.18882,52.34357
2025-05-28 21:23:31,0,0,28.20647,52.49592
2025-05-28 21:23:31,0,0,28.20647,52.49592
2025-05-28 21:23:32,0,0,28.20353,52.49215
2025-05-28 21:23:32,0,0,28.20353,52.49215
2025-05-28 21:23:32,0,0,28.19176,52.56994
2025-05-28 21:23:32,0,0,28.19176,52.56994
2025-05-28 21:23:32,0,0,28.20647,52.32541
2025-05-28 21:23:32,0,0,28.20647,52.32541
2025-05-28 21:23:32,0,0,28.20059,52.50788
2025-05-28 21:23:32,0,0,28.20059,52.50788
2025-05-28 21:23:32,0,0,28.21529,52.47748
2025-05-28 21:23:32,0,0,28.21529,52.47748
2025-05-28 21:23:32,0,0,28.20353,52.55298
2025-05-28 21:23:32,0,0,28.20353,52.55298
2025-05-28 21:23:32,0,0,28.21824,52.35345
2025-05-28 21:23:32,0,0,28.21824,52.35345
2025-05-28 21:23:33,0,0,28.20941,52.51936
2025-05-28 21:23:33,0,0,28.20941,52.51936
2025-05-28 21:23:33,0,0,28.21529,52.42797
2025-05-28 21:23:33,0,0,28.21529,52.42797
2025-05-28 21:23:33,0,0,28.21529,52.51026
2025-05-28 21:23:33,0,0,28.21529,52.51026
2025-05-28 21:23:33,0,0,28.21529,52.39374
2025-05-28 21:23:33,0,0,28.21529,52.39374
2025-05-28 21:23:33,0,0,28.22706,52.54329
2025-05-28 21:23:33,0,0,28.22706,52.54329
2025-05-28 21:23:33,0,0,28.21235,52.4318
2025-05-28 21:23:33,0,0,28.21235,52.4318
2025-05-28 21:23:34,0,0,28.19765,52.55241
2025-05-28 21:23:34,0,0,28.19765,52.55241
2025-05-28 21:23:34,0,0,28.20941,52.53693
2025-05-28 21:23:34,0,0,28.20941,52.53693
2025-05-28 21:23:34,0,0,28.20353,52.39277
2025-05-28 21:23:34,0,0,28.20353,52.39277
2025-05-28 21:23:34,0,0,28.21235,52.4718
2025-05-28 21:23:34,0,0,28.21235,52.4718
2025-05-28 21:23:34,0,0,28.20941,52.55283
2025-05-28 21:23:34,0,0,28.20941,52.55283
2025-05-28 21:23:34,0,0,28.21529,52.66872
2025-05-28 21:23:34,0,0,28.21529,52.66872
2025-05-28 21:23:35,0,0,28.21529,52.39797
2025-05-28 21:23:35,0,0,28.21529,52.39797
2025-05-28 21:23:35,0,0,28.23,52.50489
2025-05-28 21:23:35,0,0,28.23,52.50489
2025-05-28 21:23:35,0,0,28.22706,52.58821
2025-05-28 21:23:35,0,0,28.22706,52.58821
2025-05-28 21:23:35,0,0,28.23294,52.63302
2025-05-28 21:23:35,0,0,28.23294,52.63302
2025-05-28 21:23:35,0,0,28.23,52.36337
2025-05-28 21:23:35,0,0,28.23,52.36337
2025-05-28 21:23:35,0,0,28.22412,52.49858
2025-05-28 21:23:35,0,0,28.22412,52.49858
2025-05-28 21:23:36,0,0,28.23,52.52791
2025-05-28 21:23:36,0,0,28.23,52.52791
2025-05-28 21:23:36,0,0,28.24471,52.60876
2025-05-28 21:23:36,0,0,28.24471,52.60876
2025-05-28 21:23:36,0,0,28.23588,52.4892
2025-05-28 21:23:36,0,0,28.23588,52.4892
2025-05-28 21:23:36,0,0,28.23,52.44232
2025-05-28 21:23:36,0,0,28.23,52.44232
2025-05-28 21:23:36,0,0,28.22412,52.4968
2025-05-28 21:23:36,0,0,28.22412,52.4968
2025-05-28 21:23:36,0,0,28.22412,52.57519
2025-05-28 21:23:36,0,0,28.22412,52.57519
2025-05-28 21:23:36,0,0,28.21824,52.67231
2025-05-28 21:23:36,0,0,28.21824,52.67231
2025-05-28 21:23:37,0,0,28.24765,52.4042
2025-05-28 21:23:37,0,0,28.24765,52.4042
2025-05-28 21:23:37,0,0,28.24176,52.52837
2025-05-28 21:23:37,0,0,28.24176,52.52837
2025-05-28 21:23:37,0,0,28.23,52.62378
2025-05-28 21:23:37,0,0,28.23,52.62378
2025-05-28 21:23:37,0,0,28.23294,52.73313
2025-05-28 21:23:37,0,0,28.23294,52.73313
2025-05-28 21:23:37,0,0,28.23882,52.46705
2025-05-28 21:23:37,0,0,28.23882,52.46705
2025-05-28 21:23:37,0,0,28.23294,52.69901
2025-05-28 21:23:37,0,0,28.23294,52.69901
2025-05-28 21:23:38,0,0,28.22412,52.77778
2025-05-28 21:23:38,0,0,28.22412,52.77778
2025-05-28 21:23:38,0,0,28.23294,52.83115
2025-05-28 21:23:38,0,0,28.23294,52.83115
2025-05-28 21:23:38,0,0,28.24176,52.76686
2025-05-28 21:23:38,0,0,28.24176,52.76686
2025-05-28 21:23:38,0,0,28.22412,52.7847
2025-05-28 21:23:38,0,0,28.22412,52.7847
2025-05-28 21:23:38,0,0,28.23294,52.81975
2025-05-28 21:23:38,0,0,28.23294,52.81975
2025-05-28 21:23:38,0,0,28.24765,52.85646
2025-05-28 21:23:38,0,0,28.24765,52.85646
2025-05-28 21:23:39,0,0,28.24471,52.88665
2025-05-28 21:23:39,0,0,28.24471,52.88665
2025-05-28 21:23:39,0,0,28.25353,52.75062
2025-05-28 21:23:39,0,0,28.25353,52.75062
2025-05-28 21:23:39,0,0,28.24765,52.81937
2025-05-28 21:23:39,0,0,28.24765,52.81937
2025-05-28 21:23:39,0,0,28.24471,52.83777
2025-05-28 21:23:39,0,0,28.24471,52.83777
2025-05-28 21:23:39,0,0,28.24471,52.86788
2025-05-28 21:23:39,0,0,28.24471,52.86788
2025-05-28 21:23:39,0,0,28.24176,52.67475
2025-05-28 21:23:39,0,0,28.24176,52.67475
2025-05-28 21:23:40,0,0,28.25353,52.8135
2025-05-28 21:23:40,0,0,28.25353,52.8135
2025-05-28 21:23:40,0,0,28.24765,52.82563
2025-05-28 21:23:40,0,0,28.24765,52.82563
2025-05-28 21:23:40,0,0,28.26235,52.85078
2025-05-28 21:23:40,0,0,28.26235,52.85078
2025-05-28 21:23:40,0,0,28.25941,52.68431
2025-05-28 21:23:40,0,0,28.25941,52.68431
2025-05-28 21:23:40,0,0,28.25941,52.78693
2025-05-28 21:23:40,0,0,28.25941,52.78693
2025-05-28 21:23:40,0,0,28.25353,52.80267
2025-05-28 21:23:40,0,0,28.25353,52.80267
2025-05-28 21:23:41,0,0,28.25647,52.83261
2025-05-28 21:23:41,0,0,28.25647,52.83261
2025-05-28 21:23:41,0,0,28.25059,52.65986
2025-05-28 21:23:41,0,0,28.25059,52.65986
2025-05-28 21:23:41,0,0,28.25647,52.77006
2025-05-28 21:23:41,0,0,28.25647,52.77006
2025-05-28 21:23:41,0,0,28.25941,52.78987
2025-05-28 21:23:41,0,0,28.25941,52.78987
2025-05-28 21:23:41,0,0,28.25647,52.82167
2025-05-28 21:23:41,0,0,28.25647,52.82167
2025-05-28 21:23:41,0,0,28.24471,52.70406
2025-05-28 21:23:41,0,0,28.24471,52.70406
2025-05-28 21:23:41,0,0,28.24765,52.70259
2025-05-28 21:23:41,0,0,28.24765,52.70259
2025-05-28 21:23:42,0,0,28.24765,52.76075
2025-05-28 21:23:42,0,0,28.24765,52.76075
2025-05-28 21:23:42,0,0,28.24176,52.81576
2025-05-28 21:23:42,0,0,28.24176,52.81576
2025-05-28 21:23:42,0,0,28.24471,52.79692
2025-05-28 21:23:42,0,0,28.24471,52.79692
2025-05-28 21:23:42,0,0,28.26235,52.72773
2025-05-28 21:23:42,0,0,28.26235,52.72773
2025-05-28 21:23:42,0,0,28.26235,52.77456
2025-05-28 21:23:42,0,0,28.26235,52.77456
2025-05-28 21:23:42,0,0,28.25647,52.81808
2025-05-28 21:23:42,0,0,28.25647,52.81808
2025-05-28 21:23:43,0,0,28.25941,52.8679
2025-05-28 21:23:43,0,0,28.25941,52.8679
2025-05-28 21:23:43,0,0,28.25353,52.69248
2025-05-28 21:23:43,0,0,28.25353,52.69248
2025-05-28 21:23:43,0,0,28.25647,52.78019
2025-05-28 21:23:43,0,0,28.2653,52.8137
2025-05-28 21:23:43,0,0,28.25647,52.78019
2025-05-28 21:23:43,0,0,28.2653,52.8137
2025-05-28 21:23:43,0,0,28.26824,52.86122
2025-05-28 21:23:43,0,0,28.26824,52.86122
2025-05-28 21:23:43,0,0,28.25941,52.6347
2025-05-28 21:23:43,0,0,28.25941,52.6347
2025-05-28 21:23:44,0,0,28.26824,52.74355
2025-05-28 21:23:44,0,0,28.26824,52.74355
2025-05-28 21:23:44,0,0,28.26824,52.78748
2025-05-28 21:23:44,0,0,28.26824,52.78748
2025-05-28 21:23:44,0,0,28.26235,52.84861
2025-05-28 21:23:44,0,0,28.26235,52.84861
2025-05-28 21:23:44,0,0,28.26824,52.59013
2025-05-28 21:23:44,0,0,28.26824,52.59013
2025-05-28 21:23:44,0,0,28.26824,52.69201
2025-05-28 21:23:44,0,0,28.26824,52.69201
2025-05-28 21:23:44,0,0,28.27118,52.75035
2025-05-28 21:23:44,0,0,28.27118,52.75035
2025-05-28 21:23:45,0,0,28.27412,52.80371
2025-05-28 21:23:45,0,0,28.27412,52.80371
2025-05-28 21:23:45,0,0,28.27706,52.53834
2025-05-28 21:23:45,0,0,28.27706,52.53834
2025-05-28 21:23:45,0,0,28.2653,52.67078
2025-05-28 21:23:45,0,0,28.2653,52.67078
2025-05-28 21:23:45,0,0,28.26824,52.74176
2025-05-28 21:23:45,0,0,28.26824,52.74176
2025-05-28 21:23:45,0,0,28.25647,52.79988
2025-05-28 21:23:45,0,0,28.25647,52.79988
2025-05-28 21:23:45,0,0,28.27706,52.5999
2025-05-28 21:23:45,0,0,28.27706,52.5999
2025-05-28 21:23:45,0,0,28.26824,52.73208
2025-05-28 21:23:45,0,0,28.26824,52.73208
2025-05-28 21:23:46,0,0,28.25941,52.7624
2025-05-28 21:23:46,0,0,28.25941,52.7624
2025-05-28 21:23:46,0,0,28.27412,52.81135
2025-05-28 21:23:46,0,0,28.27412,52.81135
2025-05-28 21:23:46,0,0,28.25647,52.63387
2025-05-28 21:23:46,0,0,28.25647,52.63387
2025-05-28 21:23:46,0,0,28.27118,52.75663
2025-05-28 21:23:46,0,0,28.27118,52.75663
2025-05-28 21:23:46,0,0,28.28,52.77896
2025-05-28 21:23:46,0,0,28.28,52.77896
2025-05-28 21:23:46,0,0,28.2653,52.82285
2025-05-28 21:23:46,0,0,28.2653,52.82285
2025-05-28 21:23:47,0,0,28.26824,52.61673
2025-05-28 21:23:47,0,0,28.26824,52.61673
2025-05-28 21:23:47,0,0,28.25353,52.72173
2025-05-28 21:23:47,0,0,28.25353,52.72173
2025-05-28 21:23:47,0,0,28.27706,52.76748
2025-05-28 21:23:47,0,0,28.27706,52.76748
2025-05-28 21:23:47,0,0,28.27706,52.81347
2025-05-28 21:23:47,0,0,28.27706,52.81347
2025-05-28 21:23:47,0,0,28.27706,52.59906
2025-05-28 21:23:47,0,0,28.27706,52.59906
2025-05-28 21:23:47,0,0,28.28294,52.71955
2025-05-28 21:23:47,0,0,28.28294,52.71955
2025-05-28 21:23:48,0,0,28.27412,52.77728
2025-05-28 21:23:48,0,0,28.27412,52.77728
2025-05-28 21:23:48,0,0,28.28,52.82529
2025-05-28 21:23:48,0,0,28.28,52.82529
2025-05-28 21:23:48,0,0,28.28294,52.64011
2025-05-28 21:23:48,0,0,28.28294,52.64011
2025-05-28 21:23:48,0,0,28.27412,52.6958
2025-05-28 21:23:48,0,0,28.27412,52.6958
2025-05-28 21:23:48,0,0,28.27412,52.77902
2025-05-28 21:23:48,0,0,28.27412,52.77902
2025-05-28 21:23:48,0,0,28.28294,52.8285
2025-05-28 21:23:48,0,0,28.28294,52.8285
2025-05-28 21:23:49,0,0,28.28588,52.67579
2025-05-28 21:23:49,0,0,28.28588,52.67579
2025-05-28 21:23:49,0,0,28.28588,52.73347
2025-05-28 21:23:49,0,0,28.28588,52.73347
2025-05-28 21:23:49,0,0,28.29177,52.77689
2025-05-28 21:23:49,0,0,28.29177,52.77689
2025-05-28 21:23:49,0,0,28.27706,52.82432
2025-05-28 21:23:49,0,0,28.29765,52.64334
2025-05-28 21:23:49,0,0,28.27706,52.82432
2025-05-28 21:23:49,0,0,28.29765,52.64334
2025-05-28 21:23:49,0,0,28.28,52.64988
2025-05-28 21:23:49,0,0,28.28,52.64988
2025-05-28 21:23:50,0,0,28.28588,52.70538
2025-05-28 21:23:50,0,0,28.28588,52.70538
2025-05-28 21:23:50,0,0,28.28294,52.77803
2025-05-28 21:23:50,0,0,28.28294,52.77803
2025-05-28 21:23:50,0,0,28.29177,52.67173
2025-05-28 21:23:50,0,0,28.29177,52.67173
2025-05-28 21:23:50,0,0,28.28294,52.55058
2025-05-28 21:23:50,0,0,28.28294,52.55058
2025-05-28 21:23:50,0,0,28.30059,52.62083
2025-05-28 21:23:50,0,0,28.30059,52.62083
2025-05-28 21:23:50,0,0,28.28882,52.71998
2025-05-28 21:23:50,0,0,28.28882,52.71998
2025-05-28 21:23:50,0,0,28.28588,52.73526
2025-05-28 21:23:50,0,0,28.28588,52.73526
2025-05-28 21:23:51,0,0,28.29765,52.55082
2025-05-28 21:23:51,0,0,28.29765,52.55082
2025-05-28 21:23:51,0,0,28.29177,52.62129
2025-05-28 21:23:51,0,0,28.29177,52.62129
2025-05-28 21:23:51,0,0,28.29177,52.71337
2025-05-28 21:23:51,0,0,28.29177,52.71337
2025-05-28 21:23:51,0,0,28.28294,52.81075
2025-05-28 21:23:51,0,0,28.28294,52.81075
2025-05-28 21:23:51,0,0,28.30059,52.54879
2025-05-28 21:23:51,0,0,28.30059,52.54879
2025-05-28 21:23:51,0,0,28.29765,52.65725
2025-05-28 21:23:51,0,0,28.29765,52.65725
2025-05-28 21:23:52,0,0,28.30353,52.72602
2025-05-28 21:23:52,0,0,28.30353,52.72602
2025-05-28 21:23:52,0,0,28.30059,52.79411
2025-05-28 21:23:52,0,0,28.30059,52.79411
2025-05-28 21:23:52,0,0,28.28588,52.4826
2025-05-28 21:23:52,0,0,28.28588,52.4826
2025-05-28 21:23:52,0,0,28.29177,52.58845
2025-05-28 21:23:52,0,0,28.29177,52.58845
2025-05-28 21:23:52,0,0,28.29765,52.65837
2025-05-28 21:23:52,0,0,28.29765,52.65837
2025-05-28 21:23:52,0,0,28.29177,52.7176
2025-05-28 21:23:52,0,0,28.29177,52.7176
2025-05-28 21:23:53,0,0,28.30059,52.46665
2025-05-28 21:23:53,0,0,28.30059,52.46665
2025-05-28 21:23:53,0,0,28.31824,52.61993
2025-05-28 21:23:53,0,0,28.31824,52.61993
2025-05-28 21:23:53,0,0,28.31529,52.60308
2025-05-28 21:23:53,0,0,28.31529,52.60308
2025-05-28 21:23:53,0,0,28.30941,52.66309
2025-05-28 21:23:53,0,0,28.30941,52.66309
2025-05-28 21:23:53,0,0,28.30941,52.45599
2025-05-28 21:23:53,0,0,28.30941,52.45599
2025-05-28 21:23:53,0,0,28.31235,52.52785
2025-05-28 21:23:53,0,0,28.31235,52.52785
2025-05-28 21:23:54,0,0,28.30941,52.54574
2025-05-28 21:23:54,0,0,28.30941,52.54574
2025-05-28 21:23:54,0,0,28.31235,52.65361
2025-05-28 21:23:54,0,0,28.31235,52.65361
2025-05-28 21:23:54,0,0,28.31529,52.4742
2025-05-28 21:23:54,0,0,28.31529,52.4742
2025-05-28 21:23:54,0,0,28.32706,52.51107
2025-05-28 21:23:54,0,0,28.32706,52.51107
2025-05-28 21:23:54,0,0,28.32706,52.52166
2025-05-28 21:23:54,0,0,28.32706,52.52166
2025-05-28 21:23:54,0,0,28.32118,52.5805
2025-05-28 21:23:54,0,0,28.32118,52.5805
2025-05-28 21:23:54,0,0,28.30353,52.44683
2025-05-28 21:23:54,0,0,28.30353,52.44683
2025-05-28 21:23:55,0,0,28.29765,52.67881
2025-05-28 21:23:55,0,0,28.29765,52.67881
2025-05-28 21:23:55,0,0,28.29471,52.39952
2025-05-28 21:23:55,0,0,28.29471,52.39952
2025-05-28 21:23:55,0,0,28.31529,52.42092
2025-05-28 21:23:55,0,0,28.31529,52.42092
2025-05-28 21:23:55,0,0,28.31529,52.38973
2025-05-28 21:23:55,0,0,28.31529,52.38973
2025-05-28 21:23:55,0,0,28.31529,52.99983
2025-05-28 21:23:55,0,0,28.31529,52.99983
2025-05-28 21:23:55,0,0,28.32118,52.23087
2025-05-28 21:23:55,0,0,28.32118,52.23087
2025-05-28 21:23:56,0,0,28.30941,52.25558
2025-05-28 21:23:56,0,0,28.30941,52.25558
2025-05-28 21:23:56,0,0,28.30353,52.29158
2025-05-28 21:23:56,0,0,28.30353,52.29158
2025-05-28 21:23:56,0,0,28.31529,52.08591
2025-05-28 21:23:56,0,0,28.31529,52.08591
2025-05-28 21:23:56,0,0,28.31529,52.05012
2025-05-28 21:23:56,0,0,28.31529,52.05012
2025-05-28 21:23:56,0,0,28.30647,52.07658
2025-05-28 21:23:56,0,0,28.30647,52.07658
2025-05-28 21:23:56,0,0,28.31529,52.12916
2025-05-28 21:23:56,0,0,28.31529,52.12916
2025-05-28 21:23:57,0,0,28.32412,51.94699
2025-05-28 21:23:57,0,0,28.32412,51.94699
2025-05-28 21:23:57,0,0,28.32118,51.9516
2025-05-28 21:23:57,0,0,28.32118,51.9516
2025-05-28 21:23:57,0,0,28.32412,51.93742
2025-05-28 21:23:57,0,0,28.32412,51.93742
2025-05-28 21:23:57,0,0,28.32412,51.98048
2025-05-28 21:23:57,0,0,28.32412,51.98048
2025-05-28 21:23:57,0,0,28.31824,51.80345
2025-05-28 21:23:57,0,0,28.31824,51.80345
2025-05-28 21:23:57,0,0,28.31824,51.76604
2025-05-28 21:23:57,0,0,28.31824,51.76604
2025-05-28 21:23:58,0,0,28.33,51.76622
2025-05-28 21:23:58,0,0,28.33,51.76622
2025-05-28 21:23:58,0,0,28.31824,51.77726
2025-05-28 21:23:58,0,0,28.31824,51.77726
2025-05-28 21:23:58,0,0,28.32706,51.68035
2025-05-28 21:23:58,0,0,28.32706,51.68035
2025-05-28 21:23:58,0,0,28.33588,51.55923
2025-05-28 21:23:58,0,0,28.33588,51.55923
2025-05-28 21:23:58,0,0,28.33,51.56949
2025-05-28 21:23:58,0,0,28.33,51.56949
2025-05-28 21:23:58,0,0,28.33,51.61415
2025-05-28 21:23:58,0,0,28.33,51.61415
2025-05-28 21:23:59,0,0,28.32706,51.6567
2025-05-28 21:23:59,0,0,28.32706,51.6567
2025-05-28 21:23:59,0,0,28.32118,51.53777
2025-05-28 21:23:59,0,0,28.32118,51.53777
2025-05-28 21:23:59,0,0,28.32118,51.67531
2025-05-28 21:23:59,0,0,28.32118,51.67531
2025-05-28 21:23:59,0,0,28.33588,51.75433
2025-05-28 21:23:59,0,0,28.33588,51.75433
2025-05-28 21:23:59,0,0,28.33,51.80317
2025-05-28 21:23:59,0,0,28.33,51.80317
2025-05-28 21:23:59,0,0,28.33294,51.57039
2025-05-28 21:23:59,0,0,28.33294,51.57039
2025-05-28 21:23:59,0,0,28.31824,51.61634
2025-05-28 21:23:59,0,0,28.31824,51.61634
2025-05-28 21:24:00,0,0,28.33,51.65161
2025-05-28 21:24:00,0,0,28.33,51.65161
2025-05-28 21:24:00,0,0,28.32118,51.68571
2025-05-28 21:24:00,0,0,28.32118,51.68571
2025-05-28 21:24:00,0,0,28.32412,51.48498
2025-05-28 21:24:00,0,0,28.32412,51.48498
2025-05-28 21:24:00,0,0,28.33588,51.56688
2025-05-28 21:24:00,0,0,28.33588,51.66806
2025-05-28 21:24:00,0,0,28.33588,51.56688
2025-05-28 21:24:00,0,0,28.33588,51.66806
2025-05-28 21:24:00,0,0,28.33,51.6525
2025-05-28 21:24:00,0,0,28.33,51.6525
2025-05-28 21:24:01,0,0,28.32706,51.39575
2025-05-28 21:24:01,0,0,28.32706,51.39575
2025-05-28 21:24:01,0,0,28.32706,51.39139
2025-05-28 21:24:01,0,0,28.32706,51.39139
2025-05-28 21:24:01,0,0,28.33588,51.4484
2025-05-28 21:24:01,0,0,28.33588,51.4484
2025-05-28 21:24:01,0,0,28.32706,51.63361
2025-05-28 21:24:01,0,0,28.32706,51.63361
2025-05-28 21:24:01,0,0,28.33,51.44359
2025-05-28 21:24:01,0,0,28.33,51.44359
2025-05-28 21:24:01,0,0,28.33294,51.47337
2025-05-28 21:24:01,0,0,28.33294,51.47337
2025-05-28 21:24:02,0,0,28.33882,51.47685
2025-05-28 21:24:02,0,0,28.33882,51.47685
2025-05-28 21:24:02,0,0,28.33882,51.52416
2025-05-28 21:24:02,0,0,28.33882,51.52416
2025-05-28 21:24:02,0,0,28.32706,51.37059
2025-05-28 21:24:02,0,0,28.32706,51.37059
2025-05-28 21:24:02,0,0,28.33882,51.32522
2025-05-28 21:24:02,0,0,28.33882,51.32522
2025-05-28 21:24:02,0,0,28.34176,51.37119
2025-05-28 21:24:02,0,0,28.34176,51.37119
2025-05-28 21:24:02,0,0,28.33882,51.48125
2025-05-28 21:24:02,0,0,28.33882,51.48125
2025-05-28 21:24:03,0,0,28.34765,51.46101
2025-05-28 21:24:03,0,0,28.34765,51.46101
2025-05-28 21:24:03,0,0,28.33882,51.31542
2025-05-28 21:24:03,0,0,28.33882,51.31542
2025-05-28 21:24:03,0,0,28.35059,51.35043
2025-05-28 21:24:03,0,0,28.35059,51.35043
2025-05-28 21:24:03,0,0,28.34471,51.39521
2025-05-28 21:24:03,0,0,28.34471,51.39521
2025-05-28 21:24:03,0,0,28.33294,51.45474
2025-05-28 21:24:03,0,0,28.33294,51.45474
2025-05-28 21:24:03,0,0,28.34471,51.16917
2025-05-28 21:24:03,0,0,28.34471,51.16917
2025-05-28 21:24:03,0,0,28.35647,51.23491
2025-05-28 21:24:03,0,0,28.35647,51.23491
2025-05-28 21:24:04,0,0,28.34471,51.2804
2025-05-28 21:24:04,0,0,28.34471,51.2804
2025-05-28 21:24:04,0,0,28.35059,51.35046
2025-05-28 21:24:04,0,0,28.35059,51.35046
2025-05-28 21:24:04,0,0,28.34176,51.20119
2025-05-28 21:24:04,0,0,28.34176,51.20119
2025-05-28 21:24:04,0,0,28.34765,51.24113
2025-05-28 21:24:04,0,0,28.34765,51.24113
2025-05-28 21:24:04,0,0,28.33588,51.27338
2025-05-28 21:24:04,0,0,28.33588,51.27338
2025-05-28 21:24:04,0,0,28.33588,51.32644
2025-05-28 21:24:04,0,0,28.33588,51.32644
2025-05-28 21:24:05,0,0,28.34765,51.25797
2025-05-28 21:24:05,0,0,28.34765,51.25797
2025-05-28 21:24:05,0,0,28.34765,51.14643
2025-05-28 21:24:05,0,0,28.34765,51.14643
2025-05-28 21:24:05,0,0,28.34471,51.17809
2025-05-28 21:24:05,0,0,28.34471,51.17809
2025-05-28 21:24:05,0,0,28.34471,51.22638
2025-05-28 21:24:05,0,0,28.34471,51.22638
2025-05-28 21:24:05,0,0,28.33882,51.2247
2025-05-28 21:24:05,0,0,28.33882,51.2247
2025-05-28 21:24:05,0,0,28.35059,51.03633
2025-05-28 21:24:05,0,0,28.35059,51.03633
2025-05-28 21:24:06,0,0,28.33882,51.09393
2025-05-28 21:24:06,0,0,28.33882,51.09393
2025-05-28 21:24:06,0,0,28.34765,51.15599
2025-05-28 21:24:06,0,0,28.34765,51.15599
2025-05-28 21:24:06,0,0,28.33882,51.23627
2025-05-28 21:24:06,0,0,28.33882,51.23627
2025-05-28 21:24:06,0,0,28.34765,50.97887
2025-05-28 21:24:06,0,0,28.34765,50.97887
2025-05-28 21:24:06,0,0,28.33882,51.04455
2025-05-28 21:24:06,0,0,28.33882,51.04455
2025-05-28 21:24:06,0,0,28.34765,51.09417
2025-05-28 21:24:06,0,0,28.34765,51.09417
2025-05-28 21:24:07,0,0,28.35059,51.16315
2025-05-28 21:24:07,0,0,28.35059,51.16315
2025-05-28 21:24:07,0,0,28.34765,50.96894
2025-05-28 21:24:07,0,0,28.34765,50.96894
2025-05-28 21:24:07,0,0,28.36235,50.98037
2025-05-28 21:24:07,0,0,28.36235,50.98037
2025-05-28 21:24:07,0,0,28.35647,50.97905
2025-05-28 21:24:07,0,0,28.35647,50.97905
2025-05-28 21:24:07,0,0,28.35353,51.03168
2025-05-28 21:24:07,0,0,28.35353,51.03168
2025-05-28 21:24:07,0,0,28.35941,50.81931
2025-05-28 21:24:07,0,0,28.35941,50.81931
2025-05-28 21:24:08,0,0,28.35353,50.82529
2025-05-28 21:24:08,0,0,28.35353,50.82529
2025-05-28 21:24:08,0,0,28.35941,50.83852
2025-05-28 21:24:08,0,0,28.35941,50.83852
2025-05-28 21:24:08,0,0,28.35941,50.87583
2025-05-28 21:24:08,0,0,28.35941,50.87583
2025-05-28 21:24:08,0,0,28.37118,50.6764
2025-05-28 21:24:08,0,0,28.37118,50.6764
2025-05-28 21:24:08,0,0,28.37706,50.71437
2025-05-28 21:24:08,0,0,28.37706,50.71437
2025-05-28 21:24:08,0,0,28.36529,50.57745
2025-05-28 21:24:08,0,0,28.36529,50.57745
2025-05-28 21:24:08,0,0,28.37118,50.52802
2025-05-28 21:24:08,0,0,28.37118,50.52802
2025-05-28 21:24:09,0,0,28.36823,50.20946
2025-05-28 21:24:09,0,0,28.36823,50.20946
2025-05-28 21:24:09,0,0,28.35647,50.20898
2025-05-28 21:24:09,0,0,28.35647,50.20898
2025-05-28 21:24:09,0,0,28.36235,50.26608
2025-05-28 21:24:09,0,0,28.36235,50.26608
2025-05-28 21:24:09,0,0,28.37412,50.32932
2025-05-28 21:24:09,0,0,28.35941,50.26913
2025-05-28 21:24:09,0,0,28.37412,50.32932
2025-05-28 21:24:09,0,0,28.35941,50.26913
2025-05-28 21:24:09,0,0,28.36823,50.16217
2025-05-28 21:24:09,0,0,28.36823,50.16217
2025-05-28 21:24:10,0,0,28.35941,50.19948
2025-05-28 21:24:10,0,0,28.35941,50.19948
2025-05-28 21:24:10,0,0,28.37706,50.26467
2025-05-28 21:24:10,0,0,28.37706,50.26467
2025-05-28 21:24:10,0,0,28.38294,50.27357
2025-05-28 21:24:10,0,0,28.38294,50.27357
2025-05-28 21:24:10,0,0,28.36529,50.11035
2025-05-28 21:24:10,0,0,28.36529,50.11035
2025-05-28 21:24:10,0,0,28.36529,50.19475
2025-05-28 21:24:10,0,0,28.36529,50.19475
2025-05-28 21:24:10,0,0,28.37118,50.26125
2025-05-28 21:24:10,0,0,28.37118,50.26125
2025-05-28 21:24:11,0,0,28.36235,50.27995
2025-05-28 21:24:11,0,0,28.36235,50.27995
2025-05-28 21:24:11,0,0,28.36529,49.97425
2025-05-28 21:24:11,0,0,28.36529,49.97425
2025-05-28 21:24:11,0,0,28.36529,49.97673
2025-05-28 21:24:11,0,0,28.36529,49.97673
2025-05-28 21:24:11,0,0,28.38,50.34943
2025-05-28 21:24:11,0,0,28.38,50.34943
2025-05-28 21:24:11,0,0,28.37706,50.40819
2025-05-28 21:24:11,0,0,28.37706,50.40819
2025-05-28 21:24:11,0,0,28.36823,50.33342
2025-05-28 21:24:11,0,0,28.36823,50.33342
2025-05-28 21:24:12,0,0,28.37118,50.48476
2025-05-28 21:24:12,0,0,28.37118,50.48476
2025-05-28 21:24:12,0,0,28.37706,50.40599
2025-05-28 21:24:12,0,0,28.37706,50.40599
2025-05-28 21:24:12,0,0,28.36823,50.47378
2025-05-28 21:24:12,0,0,28.36823,50.47378
2025-05-28 21:24:12,0,0,28.38,50.5083
2025-05-28 21:24:12,0,0,28.38,50.5083
2025-05-28 21:24:12,0,0,28.36823,50.76985
2025-05-28 21:24:12,0,0,28.36823,50.76985
2025-05-28 21:24:12,0,0,28.37706,50.18736
2025-05-28 21:24:12,0,0,28.37706,50.18736
2025-05-28 21:24:12,0,0,28.37412,50.53896
2025-05-28 21:24:12,0,0,28.37412,50.53896
2025-05-28 21:24:13,0,0,28.37706,50.36344
2025-05-28 21:24:13,0,0,28.37706,50.36344
2025-05-28 21:24:13,0,0,28.36529,50.5601
2025-05-28 21:24:13,0,0,28.36529,50.5601
2025-05-28 21:24:13,0,0,28.36823,50.56677
2025-05-28 21:24:13,0,0,28.36823,50.56677
2025-05-28 21:24:13,0,0,28.37118,50.66697
2025-05-28 21:24:13,0,0,28.37118,50.66697
2025-05-28 21:24:13,0,0,28.38294,50.6012
2025-05-28 21:24:13,0,0,28.38294,50.6012
2025-05-28 21:24:13,0,0,28.37412,50.70191
2025-05-28 21:24:13,0,0,28.37412,50.70191
2025-05-28 21:24:14,0,0,28.37118,50.37029
2025-05-28 21:24:14,0,0,28.37118,50.37029
2025-05-28 21:24:14,0,0,28.38588,50.8702
2025-05-28 21:24:14,0,0,28.38588,50.8702
2025-05-28 21:24:14,0,0,28.37412,50.811
2025-05-28 21:24:14,0,0,28.37412,50.811
2025-05-28 21:24:14,0,0,28.38,50.89571
2025-05-28 21:24:14,0,0,28.38,50.89571
2025-05-28 21:24:14,0,0,28.38294,50.92607
2025-05-28 21:24:14,0,0,28.38294,50.92607
2025-05-28 21:24:14,0,0,28.38882,50.94942
2025-05-28 21:24:14,0,0,28.38882,50.94942
2025-05-28 21:24:15,0,0,28.38882,50.83286
2025-05-28 21:24:15,0,0,28.38882,50.83286
2025-05-28 21:24:15,0,0,28.38,50.88054
2025-05-28 21:24:15,0,0,28.38,50.88054
2025-05-28 21:24:15,0,0,28.37706,50.91616
2025-05-28 21:24:15,0,0,28.37706,50.91616
2025-05-28 21:24:15,0,0,28.37706,50.8523
2025-05-28 21:24:15,0,0,28.37706,50.8523
2025-05-28 21:24:15,0,0,28.37706,50.83366
2025-05-28 21:24:15,0,0,28.37706,50.83366
2025-05-28 21:24:15,0,0,28.36529,50.86801
2025-05-28 21:24:15,0,0,28.36529,50.86801
2025-05-28 21:24:16,0,0,28.36823,50.94468
2025-05-28 21:24:16,0,0,28.36823,50.94468
2025-05-28 21:24:16,0,0,28.37412,50.87273
2025-05-28 21:24:16,0,0,28.37412,50.87273
2025-05-28 21:24:16,0,0,28.37706,50.90496
2025-05-28 21:24:16,0,0,28.38294,50.93876
2025-05-28 21:24:16,0,0,28.37706,50.90496
2025-05-28 21:24:16,0,0,28.38294,50.93876
2025-05-28 21:24:16,0,0,28.37412,50.98006
2025-05-28 21:24:16,0,0,28.37412,50.98006
2025-05-28 21:24:16,0,0,28.38,50.87495
2025-05-28 21:24:16,0,0,28.38,50.87495
2025-05-28 21:24:17,0,0,28.38,50.89408
2025-05-28 21:24:17,0,0,28.38,50.89408
2025-05-28 21:24:17,0,0,28.38294,50.9211
2025-05-28 21:24:17,0,0,28.38294,50.9211
2025-05-28 21:24:17,0,0,28.37706,50.97778
2025-05-28 21:24:17,0,0,28.37706,50.97778
2025-05-28 21:24:17,0,0,28.37706,50.87945
2025-05-28 21:24:17,0,0,28.37706,50.87945
2025-05-28 21:24:17,0,0,28.37412,50.86737
2025-05-28 21:24:17,0,0,28.37412,50.86737
2025-05-28 21:24:17,0,0,28.38294,50.8796
2025-05-28 21:24:17,0,0,28.38294,50.8796
2025-05-28 21:24:17,0,0,28.38,50.90239
2025-05-28 21:24:17,0,0,28.38,50.90239
2025-05-28 21:24:18,0,0,28.37706,50.79473
2025-05-28 21:24:18,0,0,28.37706,50.79473
2025-05-28 21:24:18,0,0,28.36823,50.81069
2025-05-28 21:24:18,0,0,28.36823,50.81069
2025-05-28 21:24:18,0,0,28.37118,50.81172
2025-05-28 21:24:18,0,0,28.37118,50.81172
2025-05-28 21:24:18,0,0,28.36823,50.85546
2025-05-28 21:24:18,0,0,28.36823,50.85546
2025-05-28 21:24:18,0,0,28.38,50.81113
2025-05-28 21:24:18,0,0,28.38,50.81113
2025-05-28 21:24:18,0,0,28.37412,50.73586
2025-05-28 21:24:18,0,0,28.37412,50.73586
2025-05-28 21:24:19,0,0,28.37706,50.75344
2025-05-28 21:24:19,0,0,28.37706,50.75344
2025-05-28 21:24:19,0,0,28.37412,50.72268
2025-05-28 21:24:19,0,0,28.37412,50.72268
2025-05-28 21:24:19,0,0,28.38294,50.72668
2025-05-28 21:24:19,0,0,28.38294,50.72668
2025-05-28 21:24:19,0,0,28.38,50.51075
2025-05-28 21:24:19,0,0,28.38,50.51075
2025-05-28 21:24:19,0,0,28.36235,50.53289
2025-05-28 21:24:19,0,0,28.36235,50.53289
2025-05-28 21:24:19,0,0,28.37706,50.54716
2025-05-28 21:24:19,0,0,28.37706,50.54716
2025-05-28 21:24:20,0,0,28.40647,50.62717
2025-05-28 21:24:20,0,0,28.40647,50.62717
2025-05-28 21:24:20,0,0,28.41235,50.36968
2025-05-28 21:24:20,0,0,28.41235,50.36968
2025-05-28 21:24:20,0,0,28.38294,50.43554
2025-05-28 21:24:20,0,0,28.38294,50.43554
2025-05-28 21:24:20,0,0,28.38882,50.46295
2025-05-28 21:24:20,0,0,28.38882,50.46295
2025-05-28 21:24:20,0,0,28.38588,50.54682
2025-05-28 21:24:20,0,0,28.38588,50.54682
2025-05-28 21:24:20,0,0,28.39177,50.42775
2025-05-28 21:24:20,0,0,28.39177,50.42775
2025-05-28 21:24:21,0,0,28.38882,50.5005
2025-05-28 21:24:21,0,0,28.38882,50.5005
2025-05-28 21:24:21,0,0,28.38882,50.55341
2025-05-28 21:24:21,0,0,28.38882,50.55341
2025-05-28 21:24:21,0,0,28.38588,50.69992
2025-05-28 21:24:21,0,0,28.38588,50.69992
2025-05-28 21:24:21,0,0,28.39177,50.72511
2025-05-28 21:24:21,0,0,28.39177,50.72511
2025-05-28 21:24:21,0,0,28.39177,50.46901
2025-05-28 21:24:21,0,0,28.39177,50.46901
2025-05-28 21:24:21,0,0,28.37412,50.52125
2025-05-28 21:24:21,0,0,28.37412,50.52125
2025-05-28 21:24:21,0,0,28.39177,50.54398
2025-05-28 21:24:21,0,0,28.39177,50.54398
2025-05-28 21:24:22,0,0,28.40941,50.59929
2025-05-28 21:24:22,0,0,28.40941,50.59929
2025-05-28 21:24:22,0,0,28.40941,50.37168
2025-05-28 21:24:22,0,0,28.40941,50.37168
2025-05-28 21:24:22,0,0,28.41529,50.43171
2025-05-28 21:24:22,0,0,28.41529,50.43171
2025-05-28 21:24:22,0,0,28.40353,50.44683
2025-05-28 21:24:22,0,0,28.40353,50.44683
2025-05-28 21:24:22,0,0,28.40647,50.50254
2025-05-28 21:24:22,0,0,28.40647,50.50254
2025-05-28 21:24:22,0,0,28.42118,50.30256
2025-05-28 21:24:22,0,0,28.42118,50.30256
2025-05-28 21:24:23,0,0,28.41529,50.38805
2025-05-28 21:24:23,0,0,28.41529,50.38805
2025-05-28 21:24:23,0,0,28.40941,50.40116
2025-05-28 21:24:23,0,0,28.40941,50.40116
2025-05-28 21:24:23,0,0,28.41529,50.44675
2025-05-28 21:24:23,0,0,28.41529,50.44675
2025-05-28 21:24:23,0,0,28.41824,50.23556
2025-05-28 21:24:23,0,0,28.41824,50.23556
2025-05-28 21:24:23,0,0,28.40059,50.32775
2025-05-28 21:24:23,0,0,28.40059,50.32775
2025-05-28 21:24:23,0,0,28.40941,50.33747
2025-05-28 21:24:23,0,0,28.40941,50.33747
2025-05-28 21:24:24,0,0,28.41824,50.41584
2025-05-28 21:24:24,0,0,28.41824,50.41584
2025-05-28 21:24:24,0,0,28.41235,50.22324
2025-05-28 21:24:24,0,0,28.41235,50.22324
2025-05-28 21:24:24,0,0,28.38294,50.30286
2025-05-28 21:24:24,0,0,28.38294,50.30286
2025-05-28 21:24:24,0,0,28.39765,50.32721
2025-05-28 21:24:24,0,0,28.39765,50.32721
2025-05-28 21:24:24,0,0,28.40647,50.37293
2025-05-28 21:24:24,0,0,28.40647,50.37293
2025-05-28 21:24:24,0,0,28.42706,50.20423
2025-05-28 21:24:24,0,0,28.42706,50.20423
2025-05-28 21:24:25,0,0,28.41824,50.29617
2025-05-28 21:24:25,0,0,28.41824,50.29617
2025-05-28 21:24:25,0,0,28.42118,50.33277
2025-05-28 21:24:25,0,0,28.42118,50.33277
2025-05-28 21:24:25,0,0,28.40941,50.44719
2025-05-28 21:24:25,0,0,28.40941,50.44719
2025-05-28 21:24:25,0,0,28.40941,50.33195
2025-05-28 21:24:25,0,0,28.40941,50.33195
2025-05-28 21:24:25,0,0,28.41529,50.42659
2025-05-28 21:24:25,0,0,28.41529,50.42659
2025-05-28 21:24:25,0,0,28.40941,50.61068
2025-05-28 21:24:25,0,0,28.40941,50.61068
2025-05-28 21:24:26,0,0,28.40647,50.69765
2025-05-28 21:24:26,0,0,28.40647,50.69765
2025-05-28 21:24:26,0,0,28.41235,50.58734
2025-05-28 21:24:26,0,0,28.41235,50.58734
2025-05-28 21:24:26,0,0,28.41824,50.72826
2025-05-28 21:24:26,0,0,28.41824,50.72826
2025-05-28 21:24:26,0,0,28.41529,50.81036
2025-05-28 21:24:26,0,0,28.41529,50.81036
2025-05-28 21:24:26,0,0,28.42412,50.95453
2025-05-28 21:24:26,0,0,28.42412,50.95453
2025-05-28 21:24:26,0,0,28.41529,50.77437
2025-05-28 21:24:26,0,0,28.41529,50.77437
2025-05-28 21:24:26,0,0,28.40941,50.80857
2025-05-28 21:24:26,0,0,28.40941,50.80857
2025-05-28 21:24:27,0,0,28.42118,50.89378
2025-05-28 21:24:27,0,0,28.42118,50.89378
2025-05-28 21:24:27,0,0,28.42118,50.98874
2025-05-28 21:24:27,0,0,28.42118,50.98874
2025-05-28 21:24:27,0,0,28.41824,50.86329
2025-05-28 21:24:27,0,0,28.41824,50.86329
2025-05-28 21:24:27,0,0,28.40353,50.94715
2025-05-28 21:24:27,0,0,28.40353,50.94715
2025-05-28 21:24:27,0,0,28.42118,50.9203
2025-05-28 21:24:27,0,0,28.42118,50.9203
2025-05-28 21:24:27,0,0,28.43,51.0422
2025-05-28 21:24:27,0,0,28.43,51.0422
2025-05-28 21:24:28,0,0,28.41824,50.95135
2025-05-28 21:24:28,0,0,28.41824,50.95135
2025-05-28 21:24:28,0,0,28.41529,51.03266
2025-05-28 21:24:28,0,0,28.41529,51.03266
2025-05-28 21:24:28,0,0,28.41235,51.08011
2025-05-28 21:24:28,0,0,28.41235,51.08011
2025-05-28 21:24:28,0,0,28.42706,51.16227
2025-05-28 21:24:28,0,0,28.42706,51.16227
2025-05-28 21:24:28,0,0,28.43588,51.12855
2025-05-28 21:24:28,0,0,28.43588,51.12855
2025-05-28 21:24:28,0,0,28.40941,51.01807
2025-05-28 21:24:28,0,0,28.40941,51.01807
2025-05-28 21:24:29,0,0,28.39177,51.07312
2025-05-28 21:24:29,0,0,28.39177,51.07312
2025-05-28 21:24:29,0,0,28.39471,51.21239
2025-05-28 21:24:29,0,0,28.39471,51.21239
2025-05-28 21:24:29,0,0,28.38882,51.18774
2025-05-28 21:24:29,0,0,28.38882,51.18774
2025-05-28 21:24:29,0,0,28.37412,51.01381
2025-05-28 21:24:29,0,0,28.37412,51.01381
2025-05-28 21:24:29,0,0,28.37706,51.17512
2025-05-28 21:24:29,0,0,28.37706,51.17512
2025-05-28 21:24:29,0,0,28.38882,51.20481
2025-05-28 21:24:29,0,0,28.38882,51.20481
2025-05-28 21:24:30,0,0,28.38882,51.26888
2025-05-28 21:24:30,0,0,28.38882,51.26888
2025-05-28 21:24:30,0,0,28.37706,51.15077
2025-05-28 21:24:30,0,0,28.37706,51.15077
2025-05-28 21:24:30,0,0,28.39177,51.21996
2025-05-28 21:24:30,0,0,28.39177,51.21996
2025-05-28 21:24:30,0,0,28.38588,51.22915
2025-05-28 21:24:30,0,0,28.38588,51.22915
2025-05-28 21:24:30,0,0,28.39471,51.26878
2025-05-28 21:24:30,0,0,28.39471,51.26878
2025-05-28 21:24:30,0,0,28.41824,51.21427
2025-05-28 21:24:30,0,0,28.41824,51.21427
2025-05-28 21:24:30,0,0,28.42706,51.16886
2025-05-28 21:24:30,0,0,28.42706,51.16886
2025-05-28 21:24:31,0,0,28.43294,51.20562
2025-05-28 21:24:31,0,0,28.43294,51.20562
2025-05-28 21:24:31,0,0,28.42706,51.26128
2025-05-28 21:24:31,0,0,28.42706,51.26128
2025-05-28 21:24:31,0,0,28.43294,51.18371
2025-05-28 21:24:31,0,0,28.43294,51.18371
2025-05-28 21:24:31,0,0,28.43,51.12051
2025-05-28 21:24:31,0,0,28.43,51.12051
2025-05-28 21:24:31,0,0,28.43588,51.28786
2025-05-28 21:24:31,0,0,28.43588,51.28786
2025-05-28 21:24:31,0,0,28.42412,51.21494
2025-05-28 21:24:31,0,0,28.42412,51.21494
2025-05-28 21:24:32,0,0,28.43882,51.15497
2025-05-28 21:24:32,0,0,28.43882,51.15497
2025-05-28 21:24:32,0,0,28.43588,51.08805
2025-05-28 21:24:32,0,0,28.43588,51.08805
2025-05-28 21:24:32,0,0,28.43882,51.33815
2025-05-28 21:24:32,0,0,28.43882,51.33815
2025-05-28 21:24:32,0,0,28.45353,51.20134
2025-05-28 21:24:32,0,0,28.45353,51.20134
2025-05-28 21:24:32,0,0,28.43882,51.13434
2025-05-28 21:24:32,0,0,28.43882,51.13434
2025-05-28 21:24:32,0,0,28.43882,51.09769
2025-05-28 21:24:32,0,0,28.43882,51.09769
2025-05-28 21:24:33,0,0,28.44176,51.16542
2025-05-28 21:24:33,0,0,28.44176,51.16542
2025-05-28 21:24:33,0,0,28.44471,51.21213
2025-05-28 21:24:33,0,0,28.44471,51.21213
2025-05-28 21:24:33,0,0,28.43294,51.19253
2025-05-28 21:24:33,0,0,28.43294,51.19253
2025-05-28 21:24:33,0,0,28.45353,51.12522
2025-05-28 21:24:33,0,0,28.45353,51.12522
2025-05-28 21:24:33,0,0,28.45059,51.14114
2025-05-28 21:24:33,0,0,28.45059,51.14114
2025-05-28 21:24:33,0,0,28.43,51.30667
2025-05-28 21:24:33,0,0,28.43,51.30667
2025-05-28 21:24:34,0,0,28.43588,51.36688
2025-05-28 21:24:34,0,0,28.43588,51.36688
2025-05-28 21:24:34,0,0,28.44471,51.19109
2025-05-28 21:24:34,0,0,28.44471,51.19109
2025-05-28 21:24:34,0,0,28.45059,51.34443
2025-05-28 21:24:34,0,0,28.45059,51.38508
2025-05-28 21:24:34,0,0,28.45059,51.34443
2025-05-28 21:24:34,0,0,28.45059,51.38508
2025-05-28 21:24:34,0,0,28.45059,51.43051
2025-05-28 21:24:34,0,0,28.45059,51.43051
2025-05-28 21:24:34,0,0,28.45059,51.21749
2025-05-28 21:24:34,0,0,28.45059,51.21749
2025-05-28 21:24:35,0,0,28.44176,51.41586
2025-05-28 21:24:35,0,0,28.44176,51.41586
2025-05-28 21:24:35,0,0,28.45353,51.31762
2025-05-28 21:24:35,0,0,28.45353,51.31762
2025-05-28 21:24:35,0,0,28.44176,51.29859
2025-05-28 21:24:35,0,0,28.44176,51.29859
2025-05-28 21:24:35,0,0,28.44471,51.21519
2025-05-28 21:24:35,0,0,28.44471,51.21519
2025-05-28 21:24:35,0,0,28.44471,51.365
2025-05-28 21:24:35,0,0,28.44471,51.365
2025-05-28 21:24:35,0,0,28.43882,51.42567
2025-05-28 21:24:35,0,0,28.43882,51.42567
2025-05-28 21:24:35,0,0,28.45059,51.26808
2025-05-28 21:24:35,0,0,28.45059,51.26808
2025-05-28 21:24:36,0,0,28.44765,51.27871
2025-05-28 21:24:36,0,0,28.44765,51.27871
2025-05-28 21:24:36,0,0,28.43882,51.40892
2025-05-28 21:24:36,0,0,28.43882,51.40892
2025-05-28 21:24:36,0,0,28.45647,51.38639
2025-05-28 21:24:36,0,0,28.45647,51.38639
2025-05-28 21:24:36,0,0,28.44176,51.2287
2025-05-28 21:24:36,0,0,28.44176,51.2287
2025-05-28 21:24:36,0,0,28.44471,51.27003
2025-05-28 21:24:36,0,0,28.44471,51.27003
2025-05-28 21:24:36,0,0,28.43588,51.43766
2025-05-28 21:24:36,0,0,28.43588,51.43766
2025-05-28 21:24:37,0,0,28.44471,51.37074
2025-05-28 21:24:37,0,0,28.44471,51.37074
2025-05-28 21:24:37,0,0,28.45647,51.2255
2025-05-28 21:24:37,0,0,28.45647,51.2255
2025-05-28 21:24:37,0,0,28.45941,51.25417
2025-05-28 21:24:37,0,0,28.45941,51.25417
2025-05-28 21:24:37,0,0,28.45059,51.4495
2025-05-28 21:24:37,0,0,28.45059,51.4495
2025-05-28 21:24:37,0,0,28.46529,51.35444
2025-05-28 21:24:37,0,0,28.46529,51.35444
2025-05-28 21:24:37,0,0,28.46529,51.22651
2025-05-28 21:24:37,0,0,28.46529,51.22651
2025-05-28 21:24:38,0,0,28.46235,51.26804
2025-05-28 21:24:38,0,0,28.46235,51.26804
2025-05-28 21:24:38,0,0,28.44765,51.45329
2025-05-28 21:24:38,0,0,28.44765,51.45329
2025-05-28 21:24:38,0,0,28.44765,51.34622
2025-05-28 21:24:38,0,0,28.44765,51.34622
2025-05-28 21:24:38,0,0,28.44765,51.20686
2025-05-28 21:24:38,0,0,28.44765,51.20686
2025-05-28 21:24:38,0,0,28.45647,51.25246
2025-05-28 21:24:38,0,0,28.45647,51.25246
2025-05-28 21:24:38,0,0,28.45059,51.26535
2025-05-28 21:24:38,0,0,28.45059,51.26535
2025-05-28 21:24:39,0,0,28.45647,51.3182
2025-05-28 21:24:39,0,0,28.45647,51.3182
2025-05-28 21:24:39,0,0,28.44471,51.13784
2025-05-28 21:24:39,0,0,28.44471,51.13784
2025-05-28 21:24:39,0,0,28.45647,51.19922
2025-05-28 21:24:39,0,0,28.45647,51.19922
2025-05-28 21:24:39,0,0,28.45647,51.28576
2025-05-28 21:24:39,0,0,28.45647,51.28576
2025-05-28 21:24:39,0,0,28.46529,51.28992
2025-05-28 21:24:39,0,0,28.46529,51.28992
2025-05-28 21:24:39,0,0,28.46824,51.07369
2025-05-28 21:24:39,0,0,28.46824,51.07369
2025-05-28 21:24:39,0,0,28.45647,51.12616
2025-05-28 21:24:39,0,0,28.45647,51.12616
2025-05-28 21:24:40,0,0,28.47412,51.18678
2025-05-28 21:24:40,0,0,28.47412,51.18678
2025-05-28 21:24:40,0,0,28.45647,51.20334
2025-05-28 21:24:40,0,0,28.45647,51.20334
2025-05-28 21:24:40,0,0,28.46235,51.0161
2025-05-28 21:24:40,0,0,28.46235,51.0161
2025-05-28 21:24:40,0,0,28.47412,51.07309
2025-05-28 21:24:40,0,0,28.47412,51.07309
2025-05-28 21:24:40,0,0,28.47412,51.12234
2025-05-28 21:24:40,0,0,28.47412,51.12234
2025-05-28 21:24:40,0,0,28.46824,51.21455
2025-05-28 21:24:40,0,0,28.46824,51.21455
2025-05-28 21:24:41,0,0,28.48882,50.9884
2025-05-28 21:24:41,0,0,28.48882,50.9884
2025-05-28 21:24:41,0,0,28.47706,51.05117
2025-05-28 21:24:41,0,0,28.47706,51.05117
2025-05-28 21:24:41,0,0,28.49176,51.11249
2025-05-28 21:24:41,0,0,28.49176,51.11249
2025-05-28 21:24:41,0,0,28.48588,51.17012
2025-05-28 21:24:41,0,0,28.48588,51.17012
2025-05-28 21:24:41,0,0,28.48882,51.09653
2025-05-28 21:24:41,0,0,28.48882,51.09653
2025-05-28 21:24:41,0,0,28.47706,51.01413
2025-05-28 21:24:41,0,0,28.47706,51.01413
2025-05-28 21:24:42,0,0,28.47412,51.05611
2025-05-28 21:24:42,0,0,28.47412,51.05611
2025-05-28 21:24:42,0,0,28.48588,51.14683
2025-05-28 21:24:42,0,0,28.48588,51.14683
2025-05-28 21:24:42,0,0,28.48882,51.23297
2025-05-28 21:24:42,0,0,28.48882,51.23297
2025-05-28 21:24:42,0,0,28.47706,51.02409
2025-05-28 21:24:42,0,0,28.47706,51.02409
2025-05-28 21:24:42,0,0,28.47118,51.0778
2025-05-28 21:24:42,0,0,28.47118,51.0778
2025-05-28 21:24:42,0,0,28.47706,51.12208
2025-05-28 21:24:42,0,0,28.47706,51.12208
2025-05-28 21:24:43,0,0,28.47412,51.18438
2025-05-28 21:24:43,0,0,28.47412,51.18438
2025-05-28 21:24:43,0,0,28.47412,51.07965
2025-05-28 21:24:43,0,0,28.47412,51.07965
2025-05-28 21:24:43,0,0,28.47706,51.0181
2025-05-28 21:24:43,0,0,28.47706,51.0181
